dataset,n_samples,n_features,schedule_id,curve_id,curve_label,display_order,effective_k,tree_count,depth_1_trees,depth_2_trees,depth_3_trees,fit_time_s,accuracy
prnn_synth,250,2,pure_k1_T20,pure_k1,k=1,0,1.0,20,20,0,0,0.25973448748700323,0.9206349206349206
prnn_synth,250,2,pure_k1_T40,pure_k1,k=1,0,1.0,40,40,0,0,0.5194689749740065,0.9047619047619048
prnn_synth,250,2,pure_k1_T60,pure_k1,k=1,0,1.0,60,60,0,0,0.7792034624610096,0.9206349206349206
prnn_synth,250,2,pure_k1_T100,pure_k1,k=1,0,1.0,100,100,0,0,1.298672437435016,0.9047619047619048
prnn_synth,250,2,pure_k1_T200,pure_k1,k=1,0,1.0,200,200,0,0,2.597344874870032,0.9047619047619048
prnn_synth,250,2,mix_1_95_2_05_T20,mix_1_95_2_05,k=1.05 (95/5: 1/2),1,1.05,20,19,1,0,0.5825574622768909,0.9206349206349206
prnn_synth,250,2,mix_1_95_2_05_T40,mix_1_95_2_05,k=1.05 (95/5: 1/2),1,1.05,40,38,2,0,1.1651149245537817,0.9206349206349206
prnn_synth,250,2,mix_1_95_2_05_T60,mix_1_95_2_05,k=1.05 (95/5: 1/2),1,1.05,60,57,3,0,1.7476723868306727,0.9206349206349206
prnn_synth,250,2,mix_1_95_2_05_T100,mix_1_95_2_05,k=1.05 (95/5: 1/2),1,1.05,100,95,5,0,2.912787311384454,0.9206349206349206
prnn_synth,250,2,mix_1_95_2_05_T200,mix_1_95_2_05,k=1.05 (95/5: 1/2),1,1.05,200,190,10,0,5.825574622768908,0.9206349206349206
prnn_synth,250,2,mix_1_90_2_10_T20,mix_1_90_2_10,k=1.10 (90/10: 1/2),2,1.1,20,18,2,0,0.9053804370667785,0.9206349206349206
prnn_synth,250,2,mix_1_90_2_10_T40,mix_1_90_2_10,k=1.10 (90/10: 1/2),2,1.1,40,36,4,0,1.810760874133557,0.9206349206349206
prnn_synth,250,2,mix_1_90_2_10_T60,mix_1_90_2_10,k=1.10 (90/10: 1/2),2,1.1,60,54,6,0,2.716141311200336,0.9206349206349206
prnn_synth,250,2,mix_1_90_2_10_T100,mix_1_90_2_10,k=1.10 (90/10: 1/2),2,1.1,100,90,10,0,4.526902185333893,0.9206349206349206
prnn_synth,250,2,mix_1_90_2_10_T200,mix_1_90_2_10,k=1.10 (90/10: 1/2),2,1.1,200,180,20,0,9.053804370667786,0.9206349206349206
prnn_synth,250,2,mix_1_95_3_05_T20,mix_1_95_3_05,k=1.10 (95/5: 1/3),3,1.1,20,19,0,1,33.52156549894716,0.9206349206349206
prnn_synth,250,2,mix_1_95_3_05_T40,mix_1_95_3_05,k=1.10 (95/5: 1/3),3,1.1,40,38,0,2,67.04313099789432,0.9206349206349206
prnn_synth,250,2,mix_1_95_3_05_T60,mix_1_95_3_05,k=1.10 (95/5: 1/3),3,1.1,60,57,0,3,100.56469649684149,0.9206349206349206
prnn_synth,250,2,mix_1_95_3_05_T100,mix_1_95_3_05,k=1.10 (95/5: 1/3),3,1.1,100,95,0,5,167.60782749473583,0.9206349206349206
prnn_synth,250,2,mix_1_95_3_05_T200,mix_1_95_3_05,k=1.10 (95/5: 1/3),3,1.1,200,190,0,10,335.21565498947166,0.9047619047619048
prnn_synth,250,2,mix_1_75_2_25_T20,mix_1_75_2_25,k=1.25 (75/25: 1/2),4,1.25,20,15,5,0,1.8738493614364415,0.9206349206349206
prnn_synth,250,2,mix_1_75_2_25_T40,mix_1_75_2_25,k=1.25 (75/25: 1/2),4,1.25,40,30,10,0,3.747698722872883,0.9206349206349206
prnn_synth,250,2,mix_1_75_2_25_T60,mix_1_75_2_25,k=1.25 (75/25: 1/2),4,1.25,60,45,15,0,5.621548084309325,0.9206349206349206
prnn_synth,250,2,mix_1_75_2_25_T100,mix_1_75_2_25,k=1.25 (75/25: 1/2),4,1.25,100,75,25,0,9.369246807182208,0.9206349206349206
prnn_synth,250,2,mix_1_75_2_25_T200,mix_1_75_2_25,k=1.25 (75/25: 1/2),4,1.25,200,150,50,0,18.738493614364415,0.9206349206349206
prnn_synth,250,2,mix_1_50_2_50_T20,mix_1_50_2_50,k=1.50 (50/50: 1/2),5,1.5,20,10,10,0,3.48796423538588,0.9206349206349206
prnn_synth,250,2,mix_1_50_2_50_T40,mix_1_50_2_50,k=1.50 (50/50: 1/2),5,1.5,40,20,20,0,6.97592847077176,0.9206349206349206
prnn_synth,250,2,mix_1_50_2_50_T60,mix_1_50_2_50,k=1.50 (50/50: 1/2),5,1.5,60,30,30,0,10.463892706157639,0.9206349206349206
prnn_synth,250,2,mix_1_50_2_50_T100,mix_1_50_2_50,k=1.50 (50/50: 1/2),5,1.5,100,50,50,0,17.4398211769294,0.9206349206349206
prnn_synth,250,2,mix_1_50_2_50_T200,mix_1_50_2_50,k=1.50 (50/50: 1/2),5,1.5,200,100,100,0,34.8796423538588,0.9206349206349206
prnn_synth,250,2,pure_k2_T20,pure_k2,k=2,6,2.0,20,0,20,0,6.716193983284756,0.9047619047619048
prnn_synth,250,2,pure_k2_T40,pure_k2,k=2,6,2.0,40,0,40,0,13.432387966569513,0.9206349206349206
prnn_synth,250,2,pure_k2_T60,pure_k2,k=2,6,2.0,60,0,60,0,20.148581949854268,0.9047619047619048
prnn_synth,250,2,pure_k2_T100,pure_k2,k=2,6,2.0,100,0,100,0,33.58096991642378,0.9206349206349206
prnn_synth,250,2,pure_k2_T200,pure_k2,k=2,6,2.0,200,0,200,0,67.16193983284757,0.9365079365079365
prnn_synth,250,2,mix_2_95_3_05_T20,mix_2_95_3_05,k=2.05 (95/5: 2/3),7,2.05,20,0,19,1,39.65520201995503,0.9206349206349206
prnn_synth,250,2,mix_2_95_3_05_T40,mix_2_95_3_05,k=2.05 (95/5: 2/3),7,2.05,40,0,38,2,79.31040403991005,0.9206349206349206
prnn_synth,250,2,mix_2_95_3_05_T60,mix_2_95_3_05,k=2.05 (95/5: 2/3),7,2.05,60,0,57,3,118.9656060598651,0.9206349206349206
prnn_synth,250,2,mix_2_95_3_05_T100,mix_2_95_3_05,k=2.05 (95/5: 2/3),7,2.05,100,0,95,5,198.27601009977516,0.9206349206349206
prnn_synth,250,2,mix_2_95_3_05_T200,mix_2_95_3_05,k=2.05 (95/5: 2/3),7,2.05,200,0,190,10,396.5520201995503,0.9365079365079365
prnn_synth,250,2,pure_k3_T20,pure_k3,k=3,8,3.0,20,0,0,20,665.4963547166902,0.873015873015873
prnn_synth,250,2,pure_k3_T40,pure_k3,k=3,8,3.0,40,0,0,40,1330.9927094333805,0.9047619047619048
prnn_synth,250,2,pure_k3_T60,pure_k3,k=3,8,3.0,60,0,0,60,1996.4890641500708,0.9047619047619048
prnn_synth,250,2,pure_k3_T100,pure_k3,k=3,8,3.0,100,0,0,100,3327.4817735834513,0.9206349206349206
prnn_synth,250,2,pure_k3_T200,pure_k3,k=3,8,3.0,200,0,0,200,6654.963547166903,0.9206349206349206
analcatdata_happiness,60,3,pure_k1_T20,pure_k1,k=1,0,1.0,20,20,0,0,0.14560239999555052,0.4666666666666667
analcatdata_happiness,60,3,pure_k1_T40,pure_k1,k=1,0,1.0,40,40,0,0,0.29120479999110105,0.5333333333333333
analcatdata_happiness,60,3,pure_k1_T60,pure_k1,k=1,0,1.0,60,60,0,0,0.4368071999866515,0.5333333333333333
analcatdata_happiness,60,3,pure_k1_T100,pure_k1,k=1,0,1.0,100,100,0,0,0.7280119999777526,0.5333333333333333
analcatdata_happiness,60,3,pure_k1_T200,pure_k1,k=1,0,1.0,200,200,0,0,1.4560239999555051,0.5333333333333333
analcatdata_happiness,60,3,mix_1_95_2_05_T20,mix_1_95_2_05,k=1.05 (95/5: 1/2),1,1.05,20,19,1,0,0.15376098915934563,0.5333333333333333
analcatdata_happiness,60,3,mix_1_95_2_05_T40,mix_1_95_2_05,k=1.05 (95/5: 1/2),1,1.05,40,38,2,0,0.30752197831869127,0.5333333333333333
analcatdata_happiness,60,3,mix_1_95_2_05_T60,mix_1_95_2_05,k=1.05 (95/5: 1/2),1,1.05,60,57,3,0,0.4612829674780369,0.5333333333333333
analcatdata_happiness,60,3,mix_1_95_2_05_T100,mix_1_95_2_05,k=1.05 (95/5: 1/2),1,1.05,100,95,5,0,0.7688049457967281,0.5333333333333333
analcatdata_happiness,60,3,mix_1_95_2_05_T200,mix_1_95_2_05,k=1.05 (95/5: 1/2),1,1.05,200,190,10,0,1.5376098915934562,0.5333333333333333
analcatdata_happiness,60,3,mix_1_90_2_10_T20,mix_1_90_2_10,k=1.10 (90/10: 1/2),2,1.1,20,18,2,0,0.16191957832314074,0.4666666666666667
analcatdata_happiness,60,3,mix_1_90_2_10_T40,mix_1_90_2_10,k=1.10 (90/10: 1/2),2,1.1,40,36,4,0,0.3238391566462815,0.4666666666666667
analcatdata_happiness,60,3,mix_1_90_2_10_T60,mix_1_90_2_10,k=1.10 (90/10: 1/2),2,1.1,60,54,6,0,0.48575873496942223,0.5333333333333333
analcatdata_happiness,60,3,mix_1_90_2_10_T100,mix_1_90_2_10,k=1.10 (90/10: 1/2),2,1.1,100,90,10,0,0.8095978916157037,0.5333333333333333
analcatdata_happiness,60,3,mix_1_90_2_10_T200,mix_1_90_2_10,k=1.10 (90/10: 1/2),2,1.1,200,180,20,0,1.6191957832314074,0.5333333333333333
analcatdata_happiness,60,3,mix_1_95_3_05_T20,mix_1_95_3_05,k=1.10 (95/5: 1/3),3,1.1,20,19,0,1,0.22040706083178518,0.4666666666666667
analcatdata_happiness,60,3,mix_1_95_3_05_T40,mix_1_95_3_05,k=1.10 (95/5: 1/3),3,1.1,40,38,0,2,0.44081412166357037,0.5333333333333333
analcatdata_happiness,60,3,mix_1_95_3_05_T60,mix_1_95_3_05,k=1.10 (95/5: 1/3),3,1.1,60,57,0,3,0.6612211824953557,0.5333333333333333
analcatdata_happiness,60,3,mix_1_95_3_05_T100,mix_1_95_3_05,k=1.10 (95/5: 1/3),3,1.1,100,95,0,5,1.102035304158926,0.5333333333333333
analcatdata_happiness,60,3,mix_1_95_3_05_T200,mix_1_95_3_05,k=1.10 (95/5: 1/3),3,1.1,200,190,0,10,2.204070608317852,0.5333333333333333
analcatdata_happiness,60,3,mix_1_75_2_25_T20,mix_1_75_2_25,k=1.25 (75/25: 1/2),4,1.25,20,15,5,0,0.18639534581452608,0.4666666666666667
analcatdata_happiness,60,3,mix_1_75_2_25_T40,mix_1_75_2_25,k=1.25 (75/25: 1/2),4,1.25,40,30,10,0,0.37279069162905215,0.5333333333333333
analcatdata_happiness,60,3,mix_1_75_2_25_T60,mix_1_75_2_25,k=1.25 (75/25: 1/2),4,1.25,60,45,15,0,0.5591860374435782,0.4666666666666667
analcatdata_happiness,60,3,mix_1_75_2_25_T100,mix_1_75_2_25,k=1.25 (75/25: 1/2),4,1.25,100,75,25,0,0.9319767290726304,0.4666666666666667
analcatdata_happiness,60,3,mix_1_75_2_25_T200,mix_1_75_2_25,k=1.25 (75/25: 1/2),4,1.25,200,150,50,0,1.8639534581452608,0.5333333333333333
analcatdata_happiness,60,3,mix_1_50_2_50_T20,mix_1_50_2_50,k=1.50 (50/50: 1/2),5,1.5,20,10,10,0,0.22718829163350165,0.4
analcatdata_happiness,60,3,mix_1_50_2_50_T40,mix_1_50_2_50,k=1.50 (50/50: 1/2),5,1.5,40,20,20,0,0.4543765832670033,0.4666666666666667
analcatdata_happiness,60,3,mix_1_50_2_50_T60,mix_1_50_2_50,k=1.50 (50/50: 1/2),5,1.5,60,30,30,0,0.681564874900505,0.4666666666666667
analcatdata_happiness,60,3,mix_1_50_2_50_T100,mix_1_50_2_50,k=1.50 (50/50: 1/2),5,1.5,100,50,50,0,1.1359414581675082,0.4666666666666667
analcatdata_happiness,60,3,mix_1_50_2_50_T200,mix_1_50_2_50,k=1.50 (50/50: 1/2),5,1.5,200,100,100,0,2.2718829163350165,0.4666666666666667
analcatdata_happiness,60,3,pure_k2_T20,pure_k2,k=2,6,2.0,20,0,20,0,0.3087741832714528,0.4666666666666667
analcatdata_happiness,60,3,pure_k2_T40,pure_k2,k=2,6,2.0,40,0,40,0,0.6175483665429056,0.4666666666666667
analcatdata_happiness,60,3,pure_k2_T60,pure_k2,k=2,6,2.0,60,0,60,0,0.9263225498143584,0.4666666666666667
analcatdata_happiness,60,3,pure_k2_T100,pure_k2,k=2,6,2.0,100,0,100,0,1.543870916357264,0.4666666666666667
analcatdata_happiness,60,3,pure_k2_T200,pure_k2,k=2,6,2.0,200,0,200,0,3.087741832714528,0.4666666666666667
analcatdata_happiness,60,3,mix_2_95_3_05_T20,mix_2_95_3_05,k=2.05 (95/5: 2/3),7,2.05,20,0,19,1,0.37542025494389236,0.4666666666666667
analcatdata_happiness,60,3,mix_2_95_3_05_T40,mix_2_95_3_05,k=2.05 (95/5: 2/3),7,2.05,40,0,38,2,0.7508405098877847,0.4666666666666667
analcatdata_happiness,60,3,mix_2_95_3_05_T60,mix_2_95_3_05,k=2.05 (95/5: 2/3),7,2.05,60,0,57,3,1.1262607648316771,0.4666666666666667
analcatdata_happiness,60,3,mix_2_95_3_05_T100,mix_2_95_3_05,k=2.05 (95/5: 2/3),7,2.05,100,0,95,5,1.8771012747194618,0.4666666666666667
analcatdata_happiness,60,3,mix_2_95_3_05_T200,mix_2_95_3_05,k=2.05 (95/5: 2/3),7,2.05,200,0,190,10,3.7542025494389235,0.4666666666666667
analcatdata_happiness,60,3,pure_k3_T20,pure_k3,k=3,8,3.0,20,0,0,20,1.6416956167202443,0.4
analcatdata_happiness,60,3,pure_k3_T40,pure_k3,k=3,8,3.0,40,0,0,40,3.2833912334404887,0.3333333333333333
analcatdata_happiness,60,3,pure_k3_T60,pure_k3,k=3,8,3.0,60,0,0,60,4.925086850160733,0.4
analcatdata_happiness,60,3,pure_k3_T100,pure_k3,k=3,8,3.0,100,0,0,100,8.208478083601221,0.4
analcatdata_happiness,60,3,pure_k3_T200,pure_k3,k=3,8,3.0,200,0,0,200,16.416956167202443,0.4666666666666667
confidence,72,3,pure_k1_T20,pure_k1,k=1,0,1.0,20,20,0,0,0.03837675410322845,0.7777777777777778
confidence,72,3,pure_k1_T40,pure_k1,k=1,0,1.0,40,40,0,0,0.0767535082064569,0.7777777777777778
confidence,72,3,pure_k1_T60,pure_k1,k=1,0,1.0,60,60,0,0,0.11513026230968534,0.7777777777777778
confidence,72,3,pure_k1_T100,pure_k1,k=1,0,1.0,100,100,0,0,0.19188377051614225,0.8333333333333334
confidence,72,3,pure_k1_T200,pure_k1,k=1,0,1.0,200,200,0,0,0.3837675410322845,0.7777777777777778
confidence,72,3,mix_1_95_2_05_T20,mix_1_95_2_05,k=1.05 (95/5: 1/2),1,1.05,20,19,1,0,0.08582608139840886,0.7777777777777778
confidence,72,3,mix_1_95_2_05_T40,mix_1_95_2_05,k=1.05 (95/5: 1/2),1,1.05,40,38,2,0,0.17165216279681772,0.7777777777777778
confidence,72,3,mix_1_95_2_05_T60,mix_1_95_2_05,k=1.05 (95/5: 1/2),1,1.05,60,57,3,0,0.2574782441952266,0.7777777777777778
confidence,72,3,mix_1_95_2_05_T100,mix_1_95_2_05,k=1.05 (95/5: 1/2),1,1.05,100,95,5,0,0.4291304069920443,0.7777777777777778
confidence,72,3,mix_1_95_2_05_T200,mix_1_95_2_05,k=1.05 (95/5: 1/2),1,1.05,200,190,10,0,0.8582608139840886,0.7777777777777778
confidence,72,3,mix_1_90_2_10_T20,mix_1_90_2_10,k=1.10 (90/10: 1/2),2,1.1,20,18,2,0,0.13327540869358925,0.7777777777777778
confidence,72,3,mix_1_90_2_10_T40,mix_1_90_2_10,k=1.10 (90/10: 1/2),2,1.1,40,36,4,0,0.2665508173871785,0.7777777777777778
confidence,72,3,mix_1_90_2_10_T60,mix_1_90_2_10,k=1.10 (90/10: 1/2),2,1.1,60,54,6,0,0.3998262260807678,0.7777777777777778
confidence,72,3,mix_1_90_2_10_T100,mix_1_90_2_10,k=1.10 (90/10: 1/2),2,1.1,100,90,10,0,0.6663770434679464,0.7777777777777778
confidence,72,3,mix_1_90_2_10_T200,mix_1_90_2_10,k=1.10 (90/10: 1/2),2,1.1,200,180,20,0,1.3327540869358927,0.7777777777777778
confidence,72,3,mix_1_95_3_05_T20,mix_1_95_3_05,k=1.10 (95/5: 1/3),3,1.1,20,19,0,1,1.283886455562897,0.8333333333333334
confidence,72,3,mix_1_95_3_05_T40,mix_1_95_3_05,k=1.10 (95/5: 1/3),3,1.1,40,38,0,2,2.567772911125794,0.8333333333333334
confidence,72,3,mix_1_95_3_05_T60,mix_1_95_3_05,k=1.10 (95/5: 1/3),3,1.1,60,57,0,3,3.851659366688691,0.8333333333333334
confidence,72,3,mix_1_95_3_05_T100,mix_1_95_3_05,k=1.10 (95/5: 1/3),3,1.1,100,95,0,5,6.419432277814485,0.7777777777777778
confidence,72,3,mix_1_95_3_05_T200,mix_1_95_3_05,k=1.10 (95/5: 1/3),3,1.1,200,190,0,10,12.83886455562897,0.7777777777777778
confidence,72,3,mix_1_75_2_25_T20,mix_1_75_2_25,k=1.25 (75/25: 1/2),4,1.25,20,15,5,0,0.2756233905791305,0.6666666666666666
confidence,72,3,mix_1_75_2_25_T40,mix_1_75_2_25,k=1.25 (75/25: 1/2),4,1.25,40,30,10,0,0.551246781158261,0.7777777777777778
confidence,72,3,mix_1_75_2_25_T60,mix_1_75_2_25,k=1.25 (75/25: 1/2),4,1.25,60,45,15,0,0.8268701717373915,0.8333333333333334
confidence,72,3,mix_1_75_2_25_T100,mix_1_75_2_25,k=1.25 (75/25: 1/2),4,1.25,100,75,25,0,1.3781169528956525,0.8333333333333334
confidence,72,3,mix_1_75_2_25_T200,mix_1_75_2_25,k=1.25 (75/25: 1/2),4,1.25,200,150,50,0,2.756233905791305,0.7777777777777778
confidence,72,3,mix_1_50_2_50_T20,mix_1_50_2_50,k=1.50 (50/50: 1/2),5,1.5,20,10,10,0,0.5128700270550326,0.7777777777777778
confidence,72,3,mix_1_50_2_50_T40,mix_1_50_2_50,k=1.50 (50/50: 1/2),5,1.5,40,20,20,0,1.0257400541100652,0.7222222222222222
confidence,72,3,mix_1_50_2_50_T60,mix_1_50_2_50,k=1.50 (50/50: 1/2),5,1.5,60,30,30,0,1.5386100811650976,0.7777777777777778
confidence,72,3,mix_1_50_2_50_T100,mix_1_50_2_50,k=1.50 (50/50: 1/2),5,1.5,100,50,50,0,2.5643501352751628,0.7777777777777778
confidence,72,3,mix_1_50_2_50_T200,mix_1_50_2_50,k=1.50 (50/50: 1/2),5,1.5,200,100,100,0,5.1287002705503255,0.7777777777777778
confidence,72,3,pure_k2_T20,pure_k2,k=2,6,2.0,20,0,20,0,0.9873633000068367,0.7222222222222222
confidence,72,3,pure_k2_T40,pure_k2,k=2,6,2.0,40,0,40,0,1.9747266000136734,0.7777777777777778
confidence,72,3,pure_k2_T60,pure_k2,k=2,6,2.0,60,0,60,0,2.96208990002051,0.7777777777777778
confidence,72,3,pure_k2_T100,pure_k2,k=2,6,2.0,100,0,100,0,4.936816500034183,0.7777777777777778
confidence,72,3,pure_k2_T200,pure_k2,k=2,6,2.0,200,0,200,0,9.873633000068367,0.8333333333333334
confidence,72,3,mix_2_95_3_05_T20,mix_2_95_3_05,k=2.05 (95/5: 2/3),7,2.05,20,0,19,1,2.185423674171325,0.7777777777777778
confidence,72,3,mix_2_95_3_05_T40,mix_2_95_3_05,k=2.05 (95/5: 2/3),7,2.05,40,0,38,2,4.37084734834265,0.7777777777777778
confidence,72,3,mix_2_95_3_05_T60,mix_2_95_3_05,k=2.05 (95/5: 2/3),7,2.05,60,0,57,3,6.556271022513974,0.7777777777777778
confidence,72,3,mix_2_95_3_05_T100,mix_2_95_3_05,k=2.05 (95/5: 2/3),7,2.05,100,0,95,5,10.927118370856624,0.7777777777777778
confidence,72,3,mix_2_95_3_05_T200,mix_2_95_3_05,k=2.05 (95/5: 2/3),7,2.05,200,0,190,10,21.854236741713247,0.8333333333333334
confidence,72,3,pure_k3_T20,pure_k3,k=3,8,3.0,20,0,0,20,24.9485707832966,0.8333333333333334
confidence,72,3,pure_k3_T40,pure_k3,k=3,8,3.0,40,0,0,40,49.8971415665932,0.8333333333333334
confidence,72,3,pure_k3_T60,pure_k3,k=3,8,3.0,60,0,0,60,74.8457123498898,0.8333333333333334
confidence,72,3,pure_k3_T100,pure_k3,k=3,8,3.0,100,0,0,100,124.742853916483,0.8333333333333334
confidence,72,3,pure_k3_T200,pure_k3,k=3,8,3.0,200,0,0,200,249.485707832966,0.8333333333333334
analcatdata_asbestos,83,3,pure_k1_T20,pure_k1,k=1,0,1.0,20,20,0,0,0.028781400015577673,0.6666666666666666
analcatdata_asbestos,83,3,pure_k1_T40,pure_k1,k=1,0,1.0,40,40,0,0,0.057562800031155346,0.6666666666666666
analcatdata_asbestos,83,3,pure_k1_T60,pure_k1,k=1,0,1.0,60,60,0,0,0.08634420004673302,0.6666666666666666
analcatdata_asbestos,83,3,pure_k1_T100,pure_k1,k=1,0,1.0,100,100,0,0,0.14390700007788837,0.6666666666666666
analcatdata_asbestos,83,3,pure_k1_T200,pure_k1,k=1,0,1.0,200,200,0,0,0.28781400015577674,0.6666666666666666
analcatdata_asbestos,83,3,mix_1_95_2_05_T20,mix_1_95_2_05,k=1.05 (95/5: 1/2),1,1.05,20,19,1,0,0.033540315013378855,0.6666666666666666
analcatdata_asbestos,83,3,mix_1_95_2_05_T40,mix_1_95_2_05,k=1.05 (95/5: 1/2),1,1.05,40,38,2,0,0.06708063002675771,0.6666666666666666
analcatdata_asbestos,83,3,mix_1_95_2_05_T60,mix_1_95_2_05,k=1.05 (95/5: 1/2),1,1.05,60,57,3,0,0.10062094504013658,0.6666666666666666
analcatdata_asbestos,83,3,mix_1_95_2_05_T100,mix_1_95_2_05,k=1.05 (95/5: 1/2),1,1.05,100,95,5,0,0.1677015750668943,0.6666666666666666
analcatdata_asbestos,83,3,mix_1_95_2_05_T200,mix_1_95_2_05,k=1.05 (95/5: 1/2),1,1.05,200,190,10,0,0.3354031501337886,0.6666666666666666
analcatdata_asbestos,83,3,mix_1_90_2_10_T20,mix_1_90_2_10,k=1.10 (90/10: 1/2),2,1.1,20,18,2,0,0.03829923001118005,0.6666666666666666
analcatdata_asbestos,83,3,mix_1_90_2_10_T40,mix_1_90_2_10,k=1.10 (90/10: 1/2),2,1.1,40,36,4,0,0.0765984600223601,0.6666666666666666
analcatdata_asbestos,83,3,mix_1_90_2_10_T60,mix_1_90_2_10,k=1.10 (90/10: 1/2),2,1.1,60,54,6,0,0.11489769003354014,0.6666666666666666
analcatdata_asbestos,83,3,mix_1_90_2_10_T100,mix_1_90_2_10,k=1.10 (90/10: 1/2),2,1.1,100,90,10,0,0.1914961500559002,0.6666666666666666
analcatdata_asbestos,83,3,mix_1_90_2_10_T200,mix_1_90_2_10,k=1.10 (90/10: 1/2),2,1.1,200,180,20,0,0.3829923001118004,0.6666666666666666
analcatdata_asbestos,83,3,mix_1_95_3_05_T20,mix_1_95_3_05,k=1.10 (95/5: 1/3),3,1.1,20,19,0,1,0.10724019709508865,0.6666666666666666
analcatdata_asbestos,83,3,mix_1_95_3_05_T40,mix_1_95_3_05,k=1.10 (95/5: 1/3),3,1.1,40,38,0,2,0.2144803941901773,0.6666666666666666
analcatdata_asbestos,83,3,mix_1_95_3_05_T60,mix_1_95_3_05,k=1.10 (95/5: 1/3),3,1.1,60,57,0,3,0.321720591285266,0.6666666666666666
analcatdata_asbestos,83,3,mix_1_95_3_05_T100,mix_1_95_3_05,k=1.10 (95/5: 1/3),3,1.1,100,95,0,5,0.5362009854754433,0.6666666666666666
analcatdata_asbestos,83,3,mix_1_95_3_05_T200,mix_1_95_3_05,k=1.10 (95/5: 1/3),3,1.1,200,190,0,10,1.0724019709508865,0.6666666666666666
analcatdata_asbestos,83,3,mix_1_75_2_25_T20,mix_1_75_2_25,k=1.25 (75/25: 1/2),4,1.25,20,15,5,0,0.052575975004583594,0.6666666666666666
analcatdata_asbestos,83,3,mix_1_75_2_25_T40,mix_1_75_2_25,k=1.25 (75/25: 1/2),4,1.25,40,30,10,0,0.10515195000916719,0.6666666666666666
analcatdata_asbestos,83,3,mix_1_75_2_25_T60,mix_1_75_2_25,k=1.25 (75/25: 1/2),4,1.25,60,45,15,0,0.1577279250137508,0.6666666666666666
analcatdata_asbestos,83,3,mix_1_75_2_25_T100,mix_1_75_2_25,k=1.25 (75/25: 1/2),4,1.25,100,75,25,0,0.262879875022918,0.6666666666666666
analcatdata_asbestos,83,3,mix_1_75_2_25_T200,mix_1_75_2_25,k=1.25 (75/25: 1/2),4,1.25,200,150,50,0,0.525759750045836,0.6666666666666666
analcatdata_asbestos,83,3,mix_1_50_2_50_T20,mix_1_50_2_50,k=1.50 (50/50: 1/2),5,1.5,20,10,10,0,0.07637054999358951,0.6666666666666666
analcatdata_asbestos,83,3,mix_1_50_2_50_T40,mix_1_50_2_50,k=1.50 (50/50: 1/2),5,1.5,40,20,20,0,0.15274109998717902,0.6666666666666666
analcatdata_asbestos,83,3,mix_1_50_2_50_T60,mix_1_50_2_50,k=1.50 (50/50: 1/2),5,1.5,60,30,30,0,0.22911164998076855,0.6666666666666666
analcatdata_asbestos,83,3,mix_1_50_2_50_T100,mix_1_50_2_50,k=1.50 (50/50: 1/2),5,1.5,100,50,50,0,0.3818527499679476,0.6666666666666666
analcatdata_asbestos,83,3,mix_1_50_2_50_T200,mix_1_50_2_50,k=1.50 (50/50: 1/2),5,1.5,200,100,100,0,0.7637054999358952,0.6666666666666666
analcatdata_asbestos,83,3,pure_k2_T20,pure_k2,k=2,6,2.0,20,0,20,0,0.12395969997160136,0.6666666666666666
analcatdata_asbestos,83,3,pure_k2_T40,pure_k2,k=2,6,2.0,40,0,40,0,0.24791939994320272,0.6666666666666666
analcatdata_asbestos,83,3,pure_k2_T60,pure_k2,k=2,6,2.0,60,0,60,0,0.3718790999148041,0.6666666666666666
analcatdata_asbestos,83,3,pure_k2_T100,pure_k2,k=2,6,2.0,100,0,100,0,0.6197984998580068,0.6666666666666666
analcatdata_asbestos,83,3,pure_k2_T200,pure_k2,k=2,6,2.0,200,0,200,0,1.2395969997160137,0.6666666666666666
analcatdata_asbestos,83,3,mix_2_95_3_05_T20,mix_2_95_3_05,k=2.05 (95/5: 2/3),7,2.05,20,0,19,1,0.19765958205331116,0.6666666666666666
analcatdata_asbestos,83,3,mix_2_95_3_05_T40,mix_2_95_3_05,k=2.05 (95/5: 2/3),7,2.05,40,0,38,2,0.3953191641066223,0.6666666666666666
analcatdata_asbestos,83,3,mix_2_95_3_05_T60,mix_2_95_3_05,k=2.05 (95/5: 2/3),7,2.05,60,0,57,3,0.5929787461599335,0.6666666666666666
analcatdata_asbestos,83,3,mix_2_95_3_05_T100,mix_2_95_3_05,k=2.05 (95/5: 2/3),7,2.05,100,0,95,5,0.9882979102665559,0.6666666666666666
analcatdata_asbestos,83,3,mix_2_95_3_05_T200,mix_2_95_3_05,k=2.05 (95/5: 2/3),7,2.05,200,0,190,10,1.9765958205331118,0.6666666666666666
analcatdata_asbestos,83,3,pure_k3_T20,pure_k3,k=3,8,3.0,20,0,0,20,1.5979573416057975,0.6666666666666666
analcatdata_asbestos,83,3,pure_k3_T40,pure_k3,k=3,8,3.0,40,0,0,40,3.195914683211595,0.6666666666666666
analcatdata_asbestos,83,3,pure_k3_T60,pure_k3,k=3,8,3.0,60,0,0,60,4.793872024817392,0.6666666666666666
analcatdata_asbestos,83,3,pure_k3_T100,pure_k3,k=3,8,3.0,100,0,0,100,7.989786708028987,0.6666666666666666
analcatdata_asbestos,83,3,pure_k3_T200,pure_k3,k=3,8,3.0,200,0,0,200,15.979573416057974,0.6666666666666666
lupus,87,3,pure_k1_T20,pure_k1,k=1,0,1.0,20,20,0,0,0.0447928249835968,0.7272727272727273
lupus,87,3,pure_k1_T40,pure_k1,k=1,0,1.0,40,40,0,0,0.0895856499671936,0.7272727272727273
lupus,87,3,pure_k1_T60,pure_k1,k=1,0,1.0,60,60,0,0,0.13437847495079042,0.7272727272727273
lupus,87,3,pure_k1_T100,pure_k1,k=1,0,1.0,100,100,0,0,0.223964124917984,0.7272727272727273
lupus,87,3,pure_k1_T200,pure_k1,k=1,0,1.0,200,200,0,0,0.447928249835968,0.7272727272727273
lupus,87,3,mix_1_95_2_05_T20,mix_1_95_2_05,k=1.05 (95/5: 1/2),1,1.05,20,19,1,0,0.061248897279147056,0.7272727272727273
lupus,87,3,mix_1_95_2_05_T40,mix_1_95_2_05,k=1.05 (95/5: 1/2),1,1.05,40,38,2,0,0.12249779455829411,0.6818181818181818
lupus,87,3,mix_1_95_2_05_T60,mix_1_95_2_05,k=1.05 (95/5: 1/2),1,1.05,60,57,3,0,0.1837466918374412,0.7272727272727273
lupus,87,3,mix_1_95_2_05_T100,mix_1_95_2_05,k=1.05 (95/5: 1/2),1,1.05,100,95,5,0,0.3062444863957353,0.7272727272727273
lupus,87,3,mix_1_95_2_05_T200,mix_1_95_2_05,k=1.05 (95/5: 1/2),1,1.05,200,190,10,0,0.6124889727914706,0.7272727272727273
lupus,87,3,mix_1_90_2_10_T20,mix_1_90_2_10,k=1.10 (90/10: 1/2),2,1.1,20,18,2,0,0.07770496957469732,0.6818181818181818
lupus,87,3,mix_1_90_2_10_T40,mix_1_90_2_10,k=1.10 (90/10: 1/2),2,1.1,40,36,4,0,0.15540993914939463,0.7272727272727273
lupus,87,3,mix_1_90_2_10_T60,mix_1_90_2_10,k=1.10 (90/10: 1/2),2,1.1,60,54,6,0,0.23311490872409196,0.7272727272727273
lupus,87,3,mix_1_90_2_10_T100,mix_1_90_2_10,k=1.10 (90/10: 1/2),2,1.1,100,90,10,0,0.38852484787348657,0.7272727272727273
lupus,87,3,mix_1_90_2_10_T200,mix_1_90_2_10,k=1.10 (90/10: 1/2),2,1.1,200,180,20,0,0.7770496957469731,0.7272727272727273
lupus,87,3,mix_1_95_3_05_T20,mix_1_95_3_05,k=1.10 (95/5: 1/3),3,1.1,20,19,0,1,0.6261174439406022,0.7272727272727273
lupus,87,3,mix_1_95_3_05_T40,mix_1_95_3_05,k=1.10 (95/5: 1/3),3,1.1,40,38,0,2,1.2522348878812044,0.6818181818181818
lupus,87,3,mix_1_95_3_05_T60,mix_1_95_3_05,k=1.10 (95/5: 1/3),3,1.1,60,57,0,3,1.878352331821807,0.7272727272727273
lupus,87,3,mix_1_95_3_05_T100,mix_1_95_3_05,k=1.10 (95/5: 1/3),3,1.1,100,95,0,5,3.130587219703011,0.7272727272727273
lupus,87,3,mix_1_95_3_05_T200,mix_1_95_3_05,k=1.10 (95/5: 1/3),3,1.1,200,190,0,10,6.261174439406022,0.7272727272727273
lupus,87,3,mix_1_75_2_25_T20,mix_1_75_2_25,k=1.25 (75/25: 1/2),4,1.25,20,15,5,0,0.12707318646134808,0.7272727272727273
lupus,87,3,mix_1_75_2_25_T40,mix_1_75_2_25,k=1.25 (75/25: 1/2),4,1.25,40,30,10,0,0.25414637292269615,0.7272727272727273
lupus,87,3,mix_1_75_2_25_T60,mix_1_75_2_25,k=1.25 (75/25: 1/2),4,1.25,60,45,15,0,0.3812195593840443,0.7272727272727273
lupus,87,3,mix_1_75_2_25_T100,mix_1_75_2_25,k=1.25 (75/25: 1/2),4,1.25,100,75,25,0,0.6353659323067404,0.7272727272727273
lupus,87,3,mix_1_75_2_25_T200,mix_1_75_2_25,k=1.25 (75/25: 1/2),4,1.25,200,150,50,0,1.2707318646134809,0.7272727272727273
lupus,87,3,mix_1_50_2_50_T20,mix_1_50_2_50,k=1.50 (50/50: 1/2),5,1.5,20,10,10,0,0.20935354793909938,0.7272727272727273
lupus,87,3,mix_1_50_2_50_T40,mix_1_50_2_50,k=1.50 (50/50: 1/2),5,1.5,40,20,20,0,0.41870709587819877,0.7272727272727273
lupus,87,3,mix_1_50_2_50_T60,mix_1_50_2_50,k=1.50 (50/50: 1/2),5,1.5,60,30,30,0,0.6280606438172981,0.7272727272727273
lupus,87,3,mix_1_50_2_50_T100,mix_1_50_2_50,k=1.50 (50/50: 1/2),5,1.5,100,50,50,0,1.0467677396954969,0.6818181818181818
lupus,87,3,mix_1_50_2_50_T200,mix_1_50_2_50,k=1.50 (50/50: 1/2),5,1.5,200,100,100,0,2.0935354793909937,0.7272727272727273
lupus,87,3,pure_k2_T20,pure_k2,k=2,6,2.0,20,0,20,0,0.37391427089460194,0.7272727272727273
lupus,87,3,pure_k2_T40,pure_k2,k=2,6,2.0,40,0,40,0,0.7478285417892039,0.6818181818181818
lupus,87,3,pure_k2_T60,pure_k2,k=2,6,2.0,60,0,60,0,1.1217428126838058,0.6363636363636364
lupus,87,3,pure_k2_T100,pure_k2,k=2,6,2.0,100,0,100,0,1.8695713544730097,0.6363636363636364
lupus,87,3,pure_k2_T200,pure_k2,k=2,6,2.0,200,0,200,0,3.7391427089460194,0.6818181818181818
lupus,87,3,mix_2_95_3_05_T20,mix_2_95_3_05,k=2.05 (95/5: 2/3),7,2.05,20,0,19,1,0.9387828175560571,0.6818181818181818
lupus,87,3,mix_2_95_3_05_T40,mix_2_95_3_05,k=2.05 (95/5: 2/3),7,2.05,40,0,38,2,1.8775656351121142,0.6818181818181818
lupus,87,3,mix_2_95_3_05_T60,mix_2_95_3_05,k=2.05 (95/5: 2/3),7,2.05,60,0,57,3,2.8163484526681715,0.6818181818181818
lupus,87,3,mix_2_95_3_05_T100,mix_2_95_3_05,k=2.05 (95/5: 2/3),7,2.05,100,0,95,5,4.693914087780286,0.6818181818181818
lupus,87,3,mix_2_95_3_05_T200,mix_2_95_3_05,k=2.05 (95/5: 2/3),7,2.05,200,0,190,10,9.387828175560571,0.6818181818181818
lupus,87,3,pure_k3_T20,pure_k3,k=3,8,3.0,20,0,0,20,11.671285204123706,0.6818181818181818
lupus,87,3,pure_k3_T40,pure_k3,k=3,8,3.0,40,0,0,40,23.34257040824741,0.7272727272727273
lupus,87,3,pure_k3_T60,pure_k3,k=3,8,3.0,60,0,0,60,35.01385561237112,0.6818181818181818
lupus,87,3,pure_k3_T100,pure_k3,k=3,8,3.0,100,0,0,100,58.35642602061853,0.6363636363636364
lupus,87,3,pure_k3_T200,pure_k3,k=3,8,3.0,200,0,0,200,116.71285204123706,0.6363636363636364
analcatdata_boxing1,120,3,pure_k1_T20,pure_k1,k=1,0,1.0,20,20,0,0,0.020029583293944598,0.8
analcatdata_boxing1,120,3,pure_k1_T40,pure_k1,k=1,0,1.0,40,40,0,0,0.040059166587889196,0.8
analcatdata_boxing1,120,3,pure_k1_T60,pure_k1,k=1,0,1.0,60,60,0,0,0.06008874988183379,0.8
analcatdata_boxing1,120,3,pure_k1_T100,pure_k1,k=1,0,1.0,100,100,0,0,0.10014791646972299,0.8333333333333334
analcatdata_boxing1,120,3,pure_k1_T200,pure_k1,k=1,0,1.0,200,200,0,0,0.20029583293944597,0.8333333333333334
analcatdata_boxing1,120,3,mix_1_95_2_05_T20,mix_1_95_2_05,k=1.05 (95/5: 1/2),1,1.05,20,19,1,0,0.03388514204416424,0.8
analcatdata_boxing1,120,3,mix_1_95_2_05_T40,mix_1_95_2_05,k=1.05 (95/5: 1/2),1,1.05,40,38,2,0,0.06777028408832848,0.8
analcatdata_boxing1,120,3,mix_1_95_2_05_T60,mix_1_95_2_05,k=1.05 (95/5: 1/2),1,1.05,60,57,3,0,0.10165542613249272,0.8666666666666667
analcatdata_boxing1,120,3,mix_1_95_2_05_T100,mix_1_95_2_05,k=1.05 (95/5: 1/2),1,1.05,100,95,5,0,0.1694257102208212,0.8666666666666667
analcatdata_boxing1,120,3,mix_1_95_2_05_T200,mix_1_95_2_05,k=1.05 (95/5: 1/2),1,1.05,200,190,10,0,0.3388514204416424,0.8333333333333334
analcatdata_boxing1,120,3,mix_1_90_2_10_T20,mix_1_90_2_10,k=1.10 (90/10: 1/2),2,1.1,20,18,2,0,0.04774070079438389,0.8
analcatdata_boxing1,120,3,mix_1_90_2_10_T40,mix_1_90_2_10,k=1.10 (90/10: 1/2),2,1.1,40,36,4,0,0.09548140158876778,0.8
analcatdata_boxing1,120,3,mix_1_90_2_10_T60,mix_1_90_2_10,k=1.10 (90/10: 1/2),2,1.1,60,54,6,0,0.14322210238315164,0.8666666666666667
analcatdata_boxing1,120,3,mix_1_90_2_10_T100,mix_1_90_2_10,k=1.10 (90/10: 1/2),2,1.1,100,90,10,0,0.23870350397191942,0.8333333333333334
analcatdata_boxing1,120,3,mix_1_90_2_10_T200,mix_1_90_2_10,k=1.10 (90/10: 1/2),2,1.1,200,180,20,0,0.47740700794383883,0.8333333333333334
analcatdata_boxing1,120,3,mix_1_95_3_05_T20,mix_1_95_3_05,k=1.10 (95/5: 1/3),3,1.1,20,19,0,1,0.07873449017060921,0.8
analcatdata_boxing1,120,3,mix_1_95_3_05_T40,mix_1_95_3_05,k=1.10 (95/5: 1/3),3,1.1,40,38,0,2,0.15746898034121842,0.8
analcatdata_boxing1,120,3,mix_1_95_3_05_T60,mix_1_95_3_05,k=1.10 (95/5: 1/3),3,1.1,60,57,0,3,0.2362034705118276,0.8666666666666667
analcatdata_boxing1,120,3,mix_1_95_3_05_T100,mix_1_95_3_05,k=1.10 (95/5: 1/3),3,1.1,100,95,0,5,0.39367245085304603,0.8666666666666667
analcatdata_boxing1,120,3,mix_1_95_3_05_T200,mix_1_95_3_05,k=1.10 (95/5: 1/3),3,1.1,200,190,0,10,0.7873449017060921,0.8333333333333334
analcatdata_boxing1,120,3,mix_1_75_2_25_T20,mix_1_75_2_25,k=1.25 (75/25: 1/2),4,1.25,20,15,5,0,0.08930737704504281,0.8666666666666667
analcatdata_boxing1,120,3,mix_1_75_2_25_T40,mix_1_75_2_25,k=1.25 (75/25: 1/2),4,1.25,40,30,10,0,0.17861475409008562,0.8
analcatdata_boxing1,120,3,mix_1_75_2_25_T60,mix_1_75_2_25,k=1.25 (75/25: 1/2),4,1.25,60,45,15,0,0.2679221311351284,0.8333333333333334
analcatdata_boxing1,120,3,mix_1_75_2_25_T100,mix_1_75_2_25,k=1.25 (75/25: 1/2),4,1.25,100,75,25,0,0.44653688522521406,0.8666666666666667
analcatdata_boxing1,120,3,mix_1_75_2_25_T200,mix_1_75_2_25,k=1.25 (75/25: 1/2),4,1.25,200,150,50,0,0.8930737704504281,0.8666666666666667
analcatdata_boxing1,120,3,mix_1_50_2_50_T20,mix_1_50_2_50,k=1.50 (50/50: 1/2),5,1.5,20,10,10,0,0.15858517079614104,0.8666666666666667
analcatdata_boxing1,120,3,mix_1_50_2_50_T40,mix_1_50_2_50,k=1.50 (50/50: 1/2),5,1.5,40,20,20,0,0.3171703415922821,0.8666666666666667
analcatdata_boxing1,120,3,mix_1_50_2_50_T60,mix_1_50_2_50,k=1.50 (50/50: 1/2),5,1.5,60,30,30,0,0.47575551238842306,0.9
analcatdata_boxing1,120,3,mix_1_50_2_50_T100,mix_1_50_2_50,k=1.50 (50/50: 1/2),5,1.5,100,50,50,0,0.7929258539807051,0.8666666666666667
analcatdata_boxing1,120,3,mix_1_50_2_50_T200,mix_1_50_2_50,k=1.50 (50/50: 1/2),5,1.5,200,100,100,0,1.5858517079614103,0.9
analcatdata_boxing1,120,3,pure_k2_T20,pure_k2,k=2,6,2.0,20,0,20,0,0.29714075829833747,0.9666666666666667
analcatdata_boxing1,120,3,pure_k2_T40,pure_k2,k=2,6,2.0,40,0,40,0,0.5942815165966749,0.9666666666666667
analcatdata_boxing1,120,3,pure_k2_T60,pure_k2,k=2,6,2.0,60,0,60,0,0.8914222748950124,0.9666666666666667
analcatdata_boxing1,120,3,pure_k2_T100,pure_k2,k=2,6,2.0,100,0,100,0,1.4857037914916873,0.9666666666666667
analcatdata_boxing1,120,3,pure_k2_T200,pure_k2,k=2,6,2.0,200,0,200,0,2.9714075829833746,0.9666666666666667
analcatdata_boxing1,120,3,mix_2_95_3_05_T20,mix_2_95_3_05,k=2.05 (95/5: 2/3),7,2.05,20,0,19,1,0.34199010642478245,0.9666666666666667
analcatdata_boxing1,120,3,mix_2_95_3_05_T40,mix_2_95_3_05,k=2.05 (95/5: 2/3),7,2.05,40,0,38,2,0.6839802128495649,0.9666666666666667
analcatdata_boxing1,120,3,mix_2_95_3_05_T60,mix_2_95_3_05,k=2.05 (95/5: 2/3),7,2.05,60,0,57,3,1.0259703192743472,0.9666666666666667
analcatdata_boxing1,120,3,mix_2_95_3_05_T100,mix_2_95_3_05,k=2.05 (95/5: 2/3),7,2.05,100,0,95,5,1.7099505321239121,0.9666666666666667
analcatdata_boxing1,120,3,mix_2_95_3_05_T200,mix_2_95_3_05,k=2.05 (95/5: 2/3),7,2.05,200,0,190,10,3.4199010642478243,0.9666666666666667
analcatdata_boxing1,120,3,pure_k3_T20,pure_k3,k=3,8,3.0,20,0,0,20,1.1941277208272367,0.9333333333333333
analcatdata_boxing1,120,3,pure_k3_T40,pure_k3,k=3,8,3.0,40,0,0,40,2.3882554416544735,0.9
analcatdata_boxing1,120,3,pure_k3_T60,pure_k3,k=3,8,3.0,60,0,0,60,3.5823831624817104,0.9333333333333333
analcatdata_boxing1,120,3,pure_k3_T100,pure_k3,k=3,8,3.0,100,0,0,100,5.970638604136184,0.9
analcatdata_boxing1,120,3,pure_k3_T200,pure_k3,k=3,8,3.0,200,0,0,200,11.941277208272368,0.9333333333333333
analcatdata_boxing2,132,3,pure_k1_T20,pure_k1,k=1,0,1.0,20,20,0,0,0.027206279197707774,0.696969696969697
analcatdata_boxing2,132,3,pure_k1_T40,pure_k1,k=1,0,1.0,40,40,0,0,0.05441255839541555,0.696969696969697
analcatdata_boxing2,132,3,pure_k1_T60,pure_k1,k=1,0,1.0,60,60,0,0,0.08161883759312331,0.696969696969697
analcatdata_boxing2,132,3,pure_k1_T100,pure_k1,k=1,0,1.0,100,100,0,0,0.13603139598853886,0.7272727272727273
analcatdata_boxing2,132,3,pure_k1_T200,pure_k1,k=1,0,1.0,200,200,0,0,0.2720627919770777,0.7272727272727273
analcatdata_boxing2,132,3,mix_1_95_2_05_T20,mix_1_95_2_05,k=1.05 (95/5: 1/2),1,1.05,20,19,1,0,0.031242072316817943,0.696969696969697
analcatdata_boxing2,132,3,mix_1_95_2_05_T40,mix_1_95_2_05,k=1.05 (95/5: 1/2),1,1.05,40,38,2,0,0.062484144633635885,0.696969696969697
analcatdata_boxing2,132,3,mix_1_95_2_05_T60,mix_1_95_2_05,k=1.05 (95/5: 1/2),1,1.05,60,57,3,0,0.09372621695045383,0.696969696969697
analcatdata_boxing2,132,3,mix_1_95_2_05_T100,mix_1_95_2_05,k=1.05 (95/5: 1/2),1,1.05,100,95,5,0,0.15621036158408969,0.7272727272727273
analcatdata_boxing2,132,3,mix_1_95_2_05_T200,mix_1_95_2_05,k=1.05 (95/5: 1/2),1,1.05,200,190,10,0,0.31242072316817937,0.7272727272727273
analcatdata_boxing2,132,3,mix_1_90_2_10_T20,mix_1_90_2_10,k=1.10 (90/10: 1/2),2,1.1,20,18,2,0,0.035277865435928105,0.696969696969697
analcatdata_boxing2,132,3,mix_1_90_2_10_T40,mix_1_90_2_10,k=1.10 (90/10: 1/2),2,1.1,40,36,4,0,0.07055573087185621,0.696969696969697
analcatdata_boxing2,132,3,mix_1_90_2_10_T60,mix_1_90_2_10,k=1.10 (90/10: 1/2),2,1.1,60,54,6,0,0.10583359630778433,0.7272727272727273
analcatdata_boxing2,132,3,mix_1_90_2_10_T100,mix_1_90_2_10,k=1.10 (90/10: 1/2),2,1.1,100,90,10,0,0.17638932717964054,0.7272727272727273
analcatdata_boxing2,132,3,mix_1_90_2_10_T200,mix_1_90_2_10,k=1.10 (90/10: 1/2),2,1.1,200,180,20,0,0.3527786543592811,0.7272727272727273
analcatdata_boxing2,132,3,mix_1_95_3_05_T20,mix_1_95_3_05,k=1.10 (95/5: 1/3),3,1.1,20,19,0,1,0.09536553690442816,0.696969696969697
analcatdata_boxing2,132,3,mix_1_95_3_05_T40,mix_1_95_3_05,k=1.10 (95/5: 1/3),3,1.1,40,38,0,2,0.19073107380885632,0.696969696969697
analcatdata_boxing2,132,3,mix_1_95_3_05_T60,mix_1_95_3_05,k=1.10 (95/5: 1/3),3,1.1,60,57,0,3,0.28609661071328446,0.696969696969697
analcatdata_boxing2,132,3,mix_1_95_3_05_T100,mix_1_95_3_05,k=1.10 (95/5: 1/3),3,1.1,100,95,0,5,0.47682768452214075,0.7272727272727273
analcatdata_boxing2,132,3,mix_1_95_3_05_T200,mix_1_95_3_05,k=1.10 (95/5: 1/3),3,1.1,200,190,0,10,0.9536553690442815,0.7272727272727273
analcatdata_boxing2,132,3,mix_1_75_2_25_T20,mix_1_75_2_25,k=1.25 (75/25: 1/2),4,1.25,20,15,5,0,0.047385244793258605,0.696969696969697
analcatdata_boxing2,132,3,mix_1_75_2_25_T40,mix_1_75_2_25,k=1.25 (75/25: 1/2),4,1.25,40,30,10,0,0.09477048958651721,0.696969696969697
analcatdata_boxing2,132,3,mix_1_75_2_25_T60,mix_1_75_2_25,k=1.25 (75/25: 1/2),4,1.25,60,45,15,0,0.14215573437977583,0.696969696969697
analcatdata_boxing2,132,3,mix_1_75_2_25_T100,mix_1_75_2_25,k=1.25 (75/25: 1/2),4,1.25,100,75,25,0,0.23692622396629304,0.6363636363636364
analcatdata_boxing2,132,3,mix_1_75_2_25_T200,mix_1_75_2_25,k=1.25 (75/25: 1/2),4,1.25,200,150,50,0,0.4738524479325861,0.696969696969697
analcatdata_boxing2,132,3,mix_1_50_2_50_T20,mix_1_50_2_50,k=1.50 (50/50: 1/2),5,1.5,20,10,10,0,0.06756421038880944,0.6363636363636364
analcatdata_boxing2,132,3,mix_1_50_2_50_T40,mix_1_50_2_50,k=1.50 (50/50: 1/2),5,1.5,40,20,20,0,0.13512842077761889,0.696969696969697
analcatdata_boxing2,132,3,mix_1_50_2_50_T60,mix_1_50_2_50,k=1.50 (50/50: 1/2),5,1.5,60,30,30,0,0.20269263116642833,0.6363636363636364
analcatdata_boxing2,132,3,mix_1_50_2_50_T100,mix_1_50_2_50,k=1.50 (50/50: 1/2),5,1.5,100,50,50,0,0.3378210519440472,0.6363636363636364
analcatdata_boxing2,132,3,mix_1_50_2_50_T200,mix_1_50_2_50,k=1.50 (50/50: 1/2),5,1.5,200,100,100,0,0.6756421038880944,0.6363636363636364
analcatdata_boxing2,132,3,pure_k2_T20,pure_k2,k=2,6,2.0,20,0,20,0,0.10792214157991112,0.6363636363636364
analcatdata_boxing2,132,3,pure_k2_T40,pure_k2,k=2,6,2.0,40,0,40,0,0.21584428315982224,0.6363636363636364
analcatdata_boxing2,132,3,pure_k2_T60,pure_k2,k=2,6,2.0,60,0,60,0,0.3237664247397333,0.6363636363636364
analcatdata_boxing2,132,3,pure_k2_T100,pure_k2,k=2,6,2.0,100,0,100,0,0.5396107078995556,0.6363636363636364
analcatdata_boxing2,132,3,pure_k2_T200,pure_k2,k=2,6,2.0,200,0,200,0,1.0792214157991111,0.6363636363636364
analcatdata_boxing2,132,3,mix_2_95_3_05_T20,mix_2_95_3_05,k=2.05 (95/5: 2/3),7,2.05,20,0,19,1,0.17204560616752135,0.6666666666666666
analcatdata_boxing2,132,3,mix_2_95_3_05_T40,mix_2_95_3_05,k=2.05 (95/5: 2/3),7,2.05,40,0,38,2,0.3440912123350427,0.6363636363636364
analcatdata_boxing2,132,3,mix_2_95_3_05_T60,mix_2_95_3_05,k=2.05 (95/5: 2/3),7,2.05,60,0,57,3,0.516136818502564,0.6363636363636364
analcatdata_boxing2,132,3,mix_2_95_3_05_T100,mix_2_95_3_05,k=2.05 (95/5: 2/3),7,2.05,100,0,95,5,0.8602280308376067,0.6363636363636364
analcatdata_boxing2,132,3,mix_2_95_3_05_T200,mix_2_95_3_05,k=2.05 (95/5: 2/3),7,2.05,200,0,190,10,1.7204560616752134,0.6363636363636364
analcatdata_boxing2,132,3,pure_k3_T20,pure_k3,k=3,8,3.0,20,0,0,20,1.3903914333321155,0.6363636363636364
analcatdata_boxing2,132,3,pure_k3_T40,pure_k3,k=3,8,3.0,40,0,0,40,2.780782866664231,0.6363636363636364
analcatdata_boxing2,132,3,pure_k3_T60,pure_k3,k=3,8,3.0,60,0,0,60,4.171174299996347,0.6363636363636364
analcatdata_boxing2,132,3,pure_k3_T100,pure_k3,k=3,8,3.0,100,0,0,100,6.951957166660577,0.6363636363636364
analcatdata_boxing2,132,3,pure_k3_T200,pure_k3,k=3,8,3.0,200,0,0,200,13.903914333321154,0.6363636363636364
haberman,306,3,pure_k1_T20,pure_k1,k=1,0,1.0,20,20,0,0,0.06474050409160555,0.7662337662337663
haberman,306,3,pure_k1_T40,pure_k1,k=1,0,1.0,40,40,0,0,0.1294810081832111,0.7402597402597403
haberman,306,3,pure_k1_T60,pure_k1,k=1,0,1.0,60,60,0,0,0.19422151227481663,0.7402597402597403
haberman,306,3,pure_k1_T100,pure_k1,k=1,0,1.0,100,100,0,0,0.3237025204580277,0.7402597402597403
haberman,306,3,pure_k1_T200,pure_k1,k=1,0,1.0,200,200,0,0,0.6474050409160554,0.7402597402597403
haberman,306,3,mix_1_95_2_05_T20,mix_1_95_2_05,k=1.05 (95/5: 1/2),1,1.05,20,19,1,0,0.1194524905551225,0.7662337662337663
haberman,306,3,mix_1_95_2_05_T40,mix_1_95_2_05,k=1.05 (95/5: 1/2),1,1.05,40,38,2,0,0.238904981110245,0.7272727272727273
haberman,306,3,mix_1_95_2_05_T60,mix_1_95_2_05,k=1.05 (95/5: 1/2),1,1.05,60,57,3,0,0.35835747166536747,0.7402597402597403
haberman,306,3,mix_1_95_2_05_T100,mix_1_95_2_05,k=1.05 (95/5: 1/2),1,1.05,100,95,5,0,0.5972624527756125,0.7402597402597403
haberman,306,3,mix_1_95_2_05_T200,mix_1_95_2_05,k=1.05 (95/5: 1/2),1,1.05,200,190,10,0,1.194524905551225,0.7402597402597403
haberman,306,3,mix_1_90_2_10_T20,mix_1_90_2_10,k=1.10 (90/10: 1/2),2,1.1,20,18,2,0,0.17416447701863944,0.7532467532467533
haberman,306,3,mix_1_90_2_10_T40,mix_1_90_2_10,k=1.10 (90/10: 1/2),2,1.1,40,36,4,0,0.34832895403727887,0.7272727272727273
haberman,306,3,mix_1_90_2_10_T60,mix_1_90_2_10,k=1.10 (90/10: 1/2),2,1.1,60,54,6,0,0.5224934310559184,0.7402597402597403
haberman,306,3,mix_1_90_2_10_T100,mix_1_90_2_10,k=1.10 (90/10: 1/2),2,1.1,100,90,10,0,0.8708223850931972,0.7402597402597403
haberman,306,3,mix_1_90_2_10_T200,mix_1_90_2_10,k=1.10 (90/10: 1/2),2,1.1,200,180,20,0,1.7416447701863944,0.7402597402597403
haberman,306,3,mix_1_95_3_05_T20,mix_1_95_3_05,k=1.10 (95/5: 1/3),3,1.1,20,19,0,1,1.7294734682631678,0.7662337662337663
haberman,306,3,mix_1_95_3_05_T40,mix_1_95_3_05,k=1.10 (95/5: 1/3),3,1.1,40,38,0,2,3.4589469365263357,0.7402597402597403
haberman,306,3,mix_1_95_3_05_T60,mix_1_95_3_05,k=1.10 (95/5: 1/3),3,1.1,60,57,0,3,5.188420404789504,0.7402597402597403
haberman,306,3,mix_1_95_3_05_T100,mix_1_95_3_05,k=1.10 (95/5: 1/3),3,1.1,100,95,0,5,8.64736734131584,0.7402597402597403
haberman,306,3,mix_1_95_3_05_T200,mix_1_95_3_05,k=1.10 (95/5: 1/3),3,1.1,200,190,0,10,17.29473468263168,0.7402597402597403
haberman,306,3,mix_1_75_2_25_T20,mix_1_75_2_25,k=1.25 (75/25: 1/2),4,1.25,20,15,5,0,0.3383004364091903,0.7532467532467533
haberman,306,3,mix_1_75_2_25_T40,mix_1_75_2_25,k=1.25 (75/25: 1/2),4,1.25,40,30,10,0,0.6766008728183805,0.7272727272727273
haberman,306,3,mix_1_75_2_25_T60,mix_1_75_2_25,k=1.25 (75/25: 1/2),4,1.25,60,45,15,0,1.014901309227571,0.7272727272727273
haberman,306,3,mix_1_75_2_25_T100,mix_1_75_2_25,k=1.25 (75/25: 1/2),4,1.25,100,75,25,0,1.6915021820459515,0.7402597402597403
haberman,306,3,mix_1_75_2_25_T200,mix_1_75_2_25,k=1.25 (75/25: 1/2),4,1.25,200,150,50,0,3.383004364091903,0.7402597402597403
haberman,306,3,mix_1_50_2_50_T20,mix_1_50_2_50,k=1.50 (50/50: 1/2),5,1.5,20,10,10,0,0.6118603687267751,0.7402597402597403
haberman,306,3,mix_1_50_2_50_T40,mix_1_50_2_50,k=1.50 (50/50: 1/2),5,1.5,40,20,20,0,1.2237207374535501,0.7662337662337663
haberman,306,3,mix_1_50_2_50_T60,mix_1_50_2_50,k=1.50 (50/50: 1/2),5,1.5,60,30,30,0,1.835581106180325,0.7272727272727273
haberman,306,3,mix_1_50_2_50_T100,mix_1_50_2_50,k=1.50 (50/50: 1/2),5,1.5,100,50,50,0,3.0593018436338753,0.7272727272727273
haberman,306,3,mix_1_50_2_50_T200,mix_1_50_2_50,k=1.50 (50/50: 1/2),5,1.5,200,100,100,0,6.1186036872677505,0.7402597402597403
haberman,306,3,pure_k2_T20,pure_k2,k=2,6,2.0,20,0,20,0,1.1589802333619446,0.7012987012987013
haberman,306,3,pure_k2_T40,pure_k2,k=2,6,2.0,40,0,40,0,2.317960466723889,0.7272727272727273
haberman,306,3,pure_k2_T60,pure_k2,k=2,6,2.0,60,0,60,0,3.4769407000858337,0.7142857142857143
haberman,306,3,pure_k2_T100,pure_k2,k=2,6,2.0,100,0,100,0,5.794901166809723,0.7142857142857143
haberman,306,3,pure_k2_T200,pure_k2,k=2,6,2.0,200,0,200,0,11.589802333619446,0.7142857142857143
haberman,306,3,mix_2_95_3_05_T20,mix_2_95_3_05,k=2.05 (95/5: 2/3),7,2.05,20,0,19,1,2.76900121106999,0.7272727272727273
haberman,306,3,mix_2_95_3_05_T40,mix_2_95_3_05,k=2.05 (95/5: 2/3),7,2.05,40,0,38,2,5.53800242213998,0.7272727272727273
haberman,306,3,mix_2_95_3_05_T60,mix_2_95_3_05,k=2.05 (95/5: 2/3),7,2.05,60,0,57,3,8.30700363320997,0.7142857142857143
haberman,306,3,mix_2_95_3_05_T100,mix_2_95_3_05,k=2.05 (95/5: 2/3),7,2.05,100,0,95,5,13.84500605534995,0.7142857142857143
haberman,306,3,mix_2_95_3_05_T200,mix_2_95_3_05,k=2.05 (95/5: 2/3),7,2.05,200,0,190,10,27.6900121106999,0.7142857142857143
haberman,306,3,pure_k3_T20,pure_k3,k=3,8,3.0,20,0,0,20,33.359399787522854,0.7142857142857143
haberman,306,3,pure_k3_T40,pure_k3,k=3,8,3.0,40,0,0,40,66.71879957504571,0.7142857142857143
haberman,306,3,pure_k3_T60,pure_k3,k=3,8,3.0,60,0,0,60,100.07819936256855,0.7142857142857143
haberman,306,3,pure_k3_T100,pure_k3,k=3,8,3.0,100,0,0,100,166.79699893761426,0.7142857142857143
haberman,306,3,pure_k3_T200,pure_k3,k=3,8,3.0,200,0,0,200,333.5939978752285,0.7142857142857143
analcatdata_aids,50,4,pure_k1_T20,pure_k1,k=1,0,1.0,20,20,0,0,0.04417507923208177,0.46153846153846156
analcatdata_aids,50,4,pure_k1_T40,pure_k1,k=1,0,1.0,40,40,0,0,0.08835015846416354,0.5384615384615384
analcatdata_aids,50,4,pure_k1_T60,pure_k1,k=1,0,1.0,60,60,0,0,0.1325252376962453,0.5384615384615384
analcatdata_aids,50,4,pure_k1_T100,pure_k1,k=1,0,1.0,100,100,0,0,0.22087539616040885,0.46153846153846156
analcatdata_aids,50,4,pure_k1_T200,pure_k1,k=1,0,1.0,200,200,0,0,0.4417507923208177,0.5384615384615384
analcatdata_aids,50,4,mix_1_95_2_05_T20,mix_1_95_2_05,k=1.05 (95/5: 1/2),1,1.05,20,19,1,0,0.06754548506112769,0.6153846153846154
analcatdata_aids,50,4,mix_1_95_2_05_T40,mix_1_95_2_05,k=1.05 (95/5: 1/2),1,1.05,40,38,2,0,0.13509097012225538,0.5384615384615384
analcatdata_aids,50,4,mix_1_95_2_05_T60,mix_1_95_2_05,k=1.05 (95/5: 1/2),1,1.05,60,57,3,0,0.20263645518338308,0.6153846153846154
analcatdata_aids,50,4,mix_1_95_2_05_T100,mix_1_95_2_05,k=1.05 (95/5: 1/2),1,1.05,100,95,5,0,0.3377274253056385,0.6153846153846154
analcatdata_aids,50,4,mix_1_95_2_05_T200,mix_1_95_2_05,k=1.05 (95/5: 1/2),1,1.05,200,190,10,0,0.675454850611277,0.46153846153846156
analcatdata_aids,50,4,mix_1_90_2_10_T20,mix_1_90_2_10,k=1.10 (90/10: 1/2),2,1.1,20,18,2,0,0.09091589089017361,0.5384615384615384
analcatdata_aids,50,4,mix_1_90_2_10_T40,mix_1_90_2_10,k=1.10 (90/10: 1/2),2,1.1,40,36,4,0,0.18183178178034723,0.6153846153846154
analcatdata_aids,50,4,mix_1_90_2_10_T60,mix_1_90_2_10,k=1.10 (90/10: 1/2),2,1.1,60,54,6,0,0.2727476726705208,0.5384615384615384
analcatdata_aids,50,4,mix_1_90_2_10_T100,mix_1_90_2_10,k=1.10 (90/10: 1/2),2,1.1,100,90,10,0,0.45457945445086806,0.5384615384615384
analcatdata_aids,50,4,mix_1_90_2_10_T200,mix_1_90_2_10,k=1.10 (90/10: 1/2),2,1.1,200,180,20,0,0.9091589089017361,0.5384615384615384
analcatdata_aids,50,4,mix_1_95_3_05_T20,mix_1_95_3_05,k=1.10 (95/5: 1/3),3,1.1,20,19,0,1,0.420940596521832,0.6153846153846154
analcatdata_aids,50,4,mix_1_95_3_05_T40,mix_1_95_3_05,k=1.10 (95/5: 1/3),3,1.1,40,38,0,2,0.841881193043664,0.46153846153846156
analcatdata_aids,50,4,mix_1_95_3_05_T60,mix_1_95_3_05,k=1.10 (95/5: 1/3),3,1.1,60,57,0,3,1.262821789565496,0.5384615384615384
analcatdata_aids,50,4,mix_1_95_3_05_T100,mix_1_95_3_05,k=1.10 (95/5: 1/3),3,1.1,100,95,0,5,2.1047029826091603,0.5384615384615384
analcatdata_aids,50,4,mix_1_95_3_05_T200,mix_1_95_3_05,k=1.10 (95/5: 1/3),3,1.1,200,190,0,10,4.209405965218321,0.5384615384615384
analcatdata_aids,50,4,mix_1_75_2_25_T20,mix_1_75_2_25,k=1.25 (75/25: 1/2),4,1.25,20,15,5,0,0.16102710837731138,0.6153846153846154
analcatdata_aids,50,4,mix_1_75_2_25_T40,mix_1_75_2_25,k=1.25 (75/25: 1/2),4,1.25,40,30,10,0,0.32205421675462276,0.6153846153846154
analcatdata_aids,50,4,mix_1_75_2_25_T60,mix_1_75_2_25,k=1.25 (75/25: 1/2),4,1.25,60,45,15,0,0.48308132513193414,0.6153846153846154
analcatdata_aids,50,4,mix_1_75_2_25_T100,mix_1_75_2_25,k=1.25 (75/25: 1/2),4,1.25,100,75,25,0,0.8051355418865569,0.5384615384615384
analcatdata_aids,50,4,mix_1_75_2_25_T200,mix_1_75_2_25,k=1.25 (75/25: 1/2),4,1.25,200,150,50,0,1.6102710837731138,0.5384615384615384
analcatdata_aids,50,4,mix_1_50_2_50_T20,mix_1_50_2_50,k=1.50 (50/50: 1/2),5,1.5,20,10,10,0,0.27787913752254095,0.5384615384615384
analcatdata_aids,50,4,mix_1_50_2_50_T40,mix_1_50_2_50,k=1.50 (50/50: 1/2),5,1.5,40,20,20,0,0.5557582750450819,0.6153846153846154
analcatdata_aids,50,4,mix_1_50_2_50_T60,mix_1_50_2_50,k=1.50 (50/50: 1/2),5,1.5,60,30,30,0,0.833637412567623,0.5384615384615384
analcatdata_aids,50,4,mix_1_50_2_50_T100,mix_1_50_2_50,k=1.50 (50/50: 1/2),5,1.5,100,50,50,0,1.389395687612705,0.5384615384615384
analcatdata_aids,50,4,mix_1_50_2_50_T200,mix_1_50_2_50,k=1.50 (50/50: 1/2),5,1.5,200,100,100,0,2.77879137522541,0.5384615384615384
analcatdata_aids,50,4,pure_k2_T20,pure_k2,k=2,6,2.0,20,0,20,0,0.5115831958130002,0.5384615384615384
analcatdata_aids,50,4,pure_k2_T40,pure_k2,k=2,6,2.0,40,0,40,0,1.0231663916260003,0.5384615384615384
analcatdata_aids,50,4,pure_k2_T60,pure_k2,k=2,6,2.0,60,0,60,0,1.5347495874390007,0.5384615384615384
analcatdata_aids,50,4,pure_k2_T100,pure_k2,k=2,6,2.0,100,0,100,0,2.557915979065001,0.5384615384615384
analcatdata_aids,50,4,pure_k2_T200,pure_k2,k=2,6,2.0,200,0,200,0,5.115831958130002,0.5384615384615384
analcatdata_aids,50,4,mix_2_95_3_05_T20,mix_2_95_3_05,k=2.05 (95/5: 2/3),7,2.05,20,0,19,1,0.8649783072737045,0.5384615384615384
analcatdata_aids,50,4,mix_2_95_3_05_T40,mix_2_95_3_05,k=2.05 (95/5: 2/3),7,2.05,40,0,38,2,1.729956614547409,0.5384615384615384
analcatdata_aids,50,4,mix_2_95_3_05_T60,mix_2_95_3_05,k=2.05 (95/5: 2/3),7,2.05,60,0,57,3,2.5949349218211135,0.5384615384615384
analcatdata_aids,50,4,mix_2_95_3_05_T100,mix_2_95_3_05,k=2.05 (95/5: 2/3),7,2.05,100,0,95,5,4.324891536368523,0.5384615384615384
analcatdata_aids,50,4,mix_2_95_3_05_T200,mix_2_95_3_05,k=2.05 (95/5: 2/3),7,2.05,200,0,190,10,8.649783072737046,0.5384615384615384
analcatdata_aids,50,4,pure_k3_T20,pure_k3,k=3,8,3.0,20,0,0,20,7.579485425027087,0.5384615384615384
analcatdata_aids,50,4,pure_k3_T40,pure_k3,k=3,8,3.0,40,0,0,40,15.158970850054175,0.5384615384615384
analcatdata_aids,50,4,pure_k3_T60,pure_k3,k=3,8,3.0,60,0,0,60,22.738456275081262,0.5384615384615384
analcatdata_aids,50,4,pure_k3_T100,pure_k3,k=3,8,3.0,100,0,0,100,37.89742712513544,0.5384615384615384
analcatdata_aids,50,4,pure_k3_T200,pure_k3,k=3,8,3.0,200,0,0,200,75.79485425027087,0.5384615384615384
iris,150,4,pure_k1_T20,pure_k1,k=1,0,1.0,20,20,0,0,0.028257254185155033,0.9473684210526315
iris,150,4,pure_k1_T40,pure_k1,k=1,0,1.0,40,40,0,0,0.056514508370310065,0.9473684210526315
iris,150,4,pure_k1_T60,pure_k1,k=1,0,1.0,60,60,0,0,0.0847717625554651,0.9473684210526315
iris,150,4,pure_k1_T100,pure_k1,k=1,0,1.0,100,100,0,0,0.14128627092577517,0.9473684210526315
iris,150,4,pure_k1_T200,pure_k1,k=1,0,1.0,200,200,0,0,0.28257254185155034,0.9473684210526315
iris,150,4,mix_1_95_2_05_T20,mix_1_95_2_05,k=1.05 (95/5: 1/2),1,1.05,20,19,1,0,0.0638181685609743,0.9473684210526315
iris,150,4,mix_1_95_2_05_T40,mix_1_95_2_05,k=1.05 (95/5: 1/2),1,1.05,40,38,2,0,0.1276363371219486,0.9473684210526315
iris,150,4,mix_1_95_2_05_T60,mix_1_95_2_05,k=1.05 (95/5: 1/2),1,1.05,60,57,3,0,0.1914545056829229,0.9473684210526315
iris,150,4,mix_1_95_2_05_T100,mix_1_95_2_05,k=1.05 (95/5: 1/2),1,1.05,100,95,5,0,0.31909084280487154,0.9473684210526315
iris,150,4,mix_1_95_2_05_T200,mix_1_95_2_05,k=1.05 (95/5: 1/2),1,1.05,200,190,10,0,0.6381816856097431,0.9473684210526315
iris,150,4,mix_1_90_2_10_T20,mix_1_90_2_10,k=1.10 (90/10: 1/2),2,1.1,20,18,2,0,0.09937908293679357,0.9473684210526315
iris,150,4,mix_1_90_2_10_T40,mix_1_90_2_10,k=1.10 (90/10: 1/2),2,1.1,40,36,4,0,0.19875816587358713,0.9473684210526315
iris,150,4,mix_1_90_2_10_T60,mix_1_90_2_10,k=1.10 (90/10: 1/2),2,1.1,60,54,6,0,0.29813724881038073,0.9473684210526315
iris,150,4,mix_1_90_2_10_T100,mix_1_90_2_10,k=1.10 (90/10: 1/2),2,1.1,100,90,10,0,0.49689541468396786,0.9473684210526315
iris,150,4,mix_1_90_2_10_T200,mix_1_90_2_10,k=1.10 (90/10: 1/2),2,1.1,200,180,20,0,0.9937908293679357,0.9473684210526315
iris,150,4,mix_1_95_3_05_T20,mix_1_95_3_05,k=1.10 (95/5: 1/3),3,1.1,20,19,0,1,1.7774803556408734,0.9473684210526315
iris,150,4,mix_1_95_3_05_T40,mix_1_95_3_05,k=1.10 (95/5: 1/3),3,1.1,40,38,0,2,3.5549607112817467,0.9473684210526315
iris,150,4,mix_1_95_3_05_T60,mix_1_95_3_05,k=1.10 (95/5: 1/3),3,1.1,60,57,0,3,5.33244106692262,0.9473684210526315
iris,150,4,mix_1_95_3_05_T100,mix_1_95_3_05,k=1.10 (95/5: 1/3),3,1.1,100,95,0,5,8.887401778204365,0.9473684210526315
iris,150,4,mix_1_95_3_05_T200,mix_1_95_3_05,k=1.10 (95/5: 1/3),3,1.1,200,190,0,10,17.77480355640873,0.9473684210526315
iris,150,4,mix_1_75_2_25_T20,mix_1_75_2_25,k=1.25 (75/25: 1/2),4,1.25,20,15,5,0,0.20606182606425139,0.9473684210526315
iris,150,4,mix_1_75_2_25_T40,mix_1_75_2_25,k=1.25 (75/25: 1/2),4,1.25,40,30,10,0,0.41212365212850277,0.9473684210526315
iris,150,4,mix_1_75_2_25_T60,mix_1_75_2_25,k=1.25 (75/25: 1/2),4,1.25,60,45,15,0,0.618185478192754,0.9473684210526315
iris,150,4,mix_1_75_2_25_T100,mix_1_75_2_25,k=1.25 (75/25: 1/2),4,1.25,100,75,25,0,1.0303091303212568,0.9473684210526315
iris,150,4,mix_1_75_2_25_T200,mix_1_75_2_25,k=1.25 (75/25: 1/2),4,1.25,200,150,50,0,2.0606182606425136,0.9473684210526315
iris,150,4,mix_1_50_2_50_T20,mix_1_50_2_50,k=1.50 (50/50: 1/2),5,1.5,20,10,10,0,0.3838663979433477,0.9473684210526315
iris,150,4,mix_1_50_2_50_T40,mix_1_50_2_50,k=1.50 (50/50: 1/2),5,1.5,40,20,20,0,0.7677327958866954,0.9473684210526315
iris,150,4,mix_1_50_2_50_T60,mix_1_50_2_50,k=1.50 (50/50: 1/2),5,1.5,60,30,30,0,1.151599193830043,0.9473684210526315
iris,150,4,mix_1_50_2_50_T100,mix_1_50_2_50,k=1.50 (50/50: 1/2),5,1.5,100,50,50,0,1.9193319897167385,0.9473684210526315
iris,150,4,mix_1_50_2_50_T200,mix_1_50_2_50,k=1.50 (50/50: 1/2),5,1.5,200,100,100,0,3.838663979433477,0.9473684210526315
iris,150,4,pure_k2_T20,pure_k2,k=2,6,2.0,20,0,20,0,0.7394755417015404,0.9473684210526315
iris,150,4,pure_k2_T40,pure_k2,k=2,6,2.0,40,0,40,0,1.4789510834030808,0.9473684210526315
iris,150,4,pure_k2_T60,pure_k2,k=2,6,2.0,60,0,60,0,2.218426625104621,0.9473684210526315
iris,150,4,pure_k2_T100,pure_k2,k=2,6,2.0,100,0,100,0,3.6973777085077018,0.9473684210526315
iris,150,4,pure_k2_T200,pure_k2,k=2,6,2.0,200,0,200,0,7.3947554170154035,0.9473684210526315
iris,150,4,mix_2_95_3_05_T20,mix_2_95_3_05,k=2.05 (95/5: 2/3),7,2.05,20,0,19,1,2.4531377287814395,0.9473684210526315
iris,150,4,mix_2_95_3_05_T40,mix_2_95_3_05,k=2.05 (95/5: 2/3),7,2.05,40,0,38,2,4.906275457562879,0.9473684210526315
iris,150,4,mix_2_95_3_05_T60,mix_2_95_3_05,k=2.05 (95/5: 2/3),7,2.05,60,0,57,3,7.359413186344318,0.9473684210526315
iris,150,4,mix_2_95_3_05_T100,mix_2_95_3_05,k=2.05 (95/5: 2/3),7,2.05,100,0,95,5,12.265688643907197,0.9473684210526315
iris,150,4,mix_2_95_3_05_T200,mix_2_95_3_05,k=2.05 (95/5: 2/3),7,2.05,200,0,190,10,24.531377287814394,0.9473684210526315
iris,150,4,pure_k3_T20,pure_k3,k=3,8,3.0,20,0,0,20,35.01271928329952,0.9736842105263158
iris,150,4,pure_k3_T40,pure_k3,k=3,8,3.0,40,0,0,40,70.02543856659904,0.9210526315789473
iris,150,4,pure_k3_T60,pure_k3,k=3,8,3.0,60,0,0,60,105.03815784989857,0.9210526315789473
iris,150,4,pure_k3_T100,pure_k3,k=3,8,3.0,100,0,0,100,175.0635964164976,0.9210526315789473
iris,150,4,pure_k3_T200,pure_k3,k=3,8,3.0,200,0,0,200,350.1271928329952,0.9210526315789473
hayes_roth,160,4,pure_k1_T20,pure_k1,k=1,0,1.0,20,20,0,0,0.027485070889815687,0.725
hayes_roth,160,4,pure_k1_T40,pure_k1,k=1,0,1.0,40,40,0,0,0.054970141779631373,0.875
hayes_roth,160,4,pure_k1_T60,pure_k1,k=1,0,1.0,60,60,0,0,0.08245521266944707,0.725
hayes_roth,160,4,pure_k1_T100,pure_k1,k=1,0,1.0,100,100,0,0,0.13742535444907844,0.725
hayes_roth,160,4,pure_k1_T200,pure_k1,k=1,0,1.0,200,200,0,0,0.2748507088981569,0.725
hayes_roth,160,4,mix_1_95_2_05_T20,mix_1_95_2_05,k=1.05 (95/5: 1/2),1,1.05,20,19,1,0,0.029559088384266942,0.825
hayes_roth,160,4,mix_1_95_2_05_T40,mix_1_95_2_05,k=1.05 (95/5: 1/2),1,1.05,40,38,2,0,0.059118176768533884,0.875
hayes_roth,160,4,mix_1_95_2_05_T60,mix_1_95_2_05,k=1.05 (95/5: 1/2),1,1.05,60,57,3,0,0.08867726515280082,0.725
hayes_roth,160,4,mix_1_95_2_05_T100,mix_1_95_2_05,k=1.05 (95/5: 1/2),1,1.05,100,95,5,0,0.14779544192133473,0.725
hayes_roth,160,4,mix_1_95_2_05_T200,mix_1_95_2_05,k=1.05 (95/5: 1/2),1,1.05,200,190,10,0,0.29559088384266946,0.725
hayes_roth,160,4,mix_1_90_2_10_T20,mix_1_90_2_10,k=1.10 (90/10: 1/2),2,1.1,20,18,2,0,0.0316331058787182,0.725
hayes_roth,160,4,mix_1_90_2_10_T40,mix_1_90_2_10,k=1.10 (90/10: 1/2),2,1.1,40,36,4,0,0.0632662117574364,0.825
hayes_roth,160,4,mix_1_90_2_10_T60,mix_1_90_2_10,k=1.10 (90/10: 1/2),2,1.1,60,54,6,0,0.0948993176361546,0.725
hayes_roth,160,4,mix_1_90_2_10_T100,mix_1_90_2_10,k=1.10 (90/10: 1/2),2,1.1,100,90,10,0,0.158165529393591,0.725
hayes_roth,160,4,mix_1_90_2_10_T200,mix_1_90_2_10,k=1.10 (90/10: 1/2),2,1.1,200,180,20,0,0.316331058787182,0.725
hayes_roth,160,4,mix_1_95_3_05_T20,mix_1_95_3_05,k=1.10 (95/5: 1/3),3,1.1,20,19,0,1,0.047990889425855124,0.725
hayes_roth,160,4,mix_1_95_3_05_T40,mix_1_95_3_05,k=1.10 (95/5: 1/3),3,1.1,40,38,0,2,0.09598177885171025,0.875
hayes_roth,160,4,mix_1_95_3_05_T60,mix_1_95_3_05,k=1.10 (95/5: 1/3),3,1.1,60,57,0,3,0.14397266827756539,0.75
hayes_roth,160,4,mix_1_95_3_05_T100,mix_1_95_3_05,k=1.10 (95/5: 1/3),3,1.1,100,95,0,5,0.23995444712927566,0.725
hayes_roth,160,4,mix_1_95_3_05_T200,mix_1_95_3_05,k=1.10 (95/5: 1/3),3,1.1,200,190,0,10,0.4799088942585513,0.725
hayes_roth,160,4,mix_1_75_2_25_T20,mix_1_75_2_25,k=1.25 (75/25: 1/2),4,1.25,20,15,5,0,0.03785515836207196,0.85
hayes_roth,160,4,mix_1_75_2_25_T40,mix_1_75_2_25,k=1.25 (75/25: 1/2),4,1.25,40,30,10,0,0.07571031672414393,0.875
hayes_roth,160,4,mix_1_75_2_25_T60,mix_1_75_2_25,k=1.25 (75/25: 1/2),4,1.25,60,45,15,0,0.11356547508621588,0.8
hayes_roth,160,4,mix_1_75_2_25_T100,mix_1_75_2_25,k=1.25 (75/25: 1/2),4,1.25,100,75,25,0,0.1892757918103598,0.825
hayes_roth,160,4,mix_1_75_2_25_T200,mix_1_75_2_25,k=1.25 (75/25: 1/2),4,1.25,200,150,50,0,0.3785515836207196,0.825
hayes_roth,160,4,mix_1_50_2_50_T20,mix_1_50_2_50,k=1.50 (50/50: 1/2),5,1.5,20,10,10,0,0.04822524583432823,0.8
hayes_roth,160,4,mix_1_50_2_50_T40,mix_1_50_2_50,k=1.50 (50/50: 1/2),5,1.5,40,20,20,0,0.09645049166865646,0.875
hayes_roth,160,4,mix_1_50_2_50_T60,mix_1_50_2_50,k=1.50 (50/50: 1/2),5,1.5,60,30,30,0,0.1446757375029847,0.875
hayes_roth,160,4,mix_1_50_2_50_T100,mix_1_50_2_50,k=1.50 (50/50: 1/2),5,1.5,100,50,50,0,0.24112622917164117,0.875
hayes_roth,160,4,mix_1_50_2_50_T200,mix_1_50_2_50,k=1.50 (50/50: 1/2),5,1.5,200,100,100,0,0.48225245834328234,0.85
hayes_roth,160,4,pure_k2_T20,pure_k2,k=2,6,2.0,20,0,20,0,0.06896542077884078,0.825
hayes_roth,160,4,pure_k2_T40,pure_k2,k=2,6,2.0,40,0,40,0,0.13793084155768157,0.85
hayes_roth,160,4,pure_k2_T60,pure_k2,k=2,6,2.0,60,0,60,0,0.20689626233652234,0.825
hayes_roth,160,4,pure_k2_T100,pure_k2,k=2,6,2.0,100,0,100,0,0.3448271038942039,0.85
hayes_roth,160,4,pure_k2_T200,pure_k2,k=2,6,2.0,200,0,200,0,0.6896542077884078,0.9
hayes_roth,160,4,mix_2_95_3_05_T20,mix_2_95_3_05,k=2.05 (95/5: 2/3),7,2.05,20,0,19,1,0.08739722182042896,0.75
hayes_roth,160,4,mix_2_95_3_05_T40,mix_2_95_3_05,k=2.05 (95/5: 2/3),7,2.05,40,0,38,2,0.17479444364085792,0.825
hayes_roth,160,4,mix_2_95_3_05_T60,mix_2_95_3_05,k=2.05 (95/5: 2/3),7,2.05,60,0,57,3,0.2621916654612869,0.825
hayes_roth,160,4,mix_2_95_3_05_T100,mix_2_95_3_05,k=2.05 (95/5: 2/3),7,2.05,100,0,95,5,0.43698610910214486,0.875
hayes_roth,160,4,mix_2_95_3_05_T200,mix_2_95_3_05,k=2.05 (95/5: 2/3),7,2.05,200,0,190,10,0.8739722182042897,0.9
hayes_roth,160,4,pure_k3_T20,pure_k3,k=3,8,3.0,20,0,0,20,0.43760144161060455,0.825
hayes_roth,160,4,pure_k3_T40,pure_k3,k=3,8,3.0,40,0,0,40,0.8752028832212091,0.825
hayes_roth,160,4,pure_k3_T60,pure_k3,k=3,8,3.0,60,0,0,60,1.3128043248318135,0.825
hayes_roth,160,4,pure_k3_T100,pure_k3,k=3,8,3.0,100,0,0,100,2.1880072080530226,0.825
hayes_roth,160,4,pure_k3_T200,pure_k3,k=3,8,3.0,200,0,0,200,4.376014416106045,0.825
analcatdata_lawsuit,264,4,pure_k1_T20,pure_k1,k=1,0,1.0,20,20,0,0,0.05648202910088003,1.0
analcatdata_lawsuit,264,4,pure_k1_T40,pure_k1,k=1,0,1.0,40,40,0,0,0.11296405820176006,1.0
analcatdata_lawsuit,264,4,pure_k1_T60,pure_k1,k=1,0,1.0,60,60,0,0,0.16944608730264007,1.0
analcatdata_lawsuit,264,4,pure_k1_T100,pure_k1,k=1,0,1.0,100,100,0,0,0.28241014550440013,1.0
analcatdata_lawsuit,264,4,pure_k1_T200,pure_k1,k=1,0,1.0,200,200,0,0,0.5648202910088003,1.0
analcatdata_lawsuit,264,4,mix_1_95_2_05_T20,mix_1_95_2_05,k=1.05 (95/5: 1/2),1,1.05,20,19,1,0,0.21699336681049317,1.0
analcatdata_lawsuit,264,4,mix_1_95_2_05_T40,mix_1_95_2_05,k=1.05 (95/5: 1/2),1,1.05,40,38,2,0,0.43398673362098633,1.0
analcatdata_lawsuit,264,4,mix_1_95_2_05_T60,mix_1_95_2_05,k=1.05 (95/5: 1/2),1,1.05,60,57,3,0,0.6509801004314795,1.0
analcatdata_lawsuit,264,4,mix_1_95_2_05_T100,mix_1_95_2_05,k=1.05 (95/5: 1/2),1,1.05,100,95,5,0,1.0849668340524659,1.0
analcatdata_lawsuit,264,4,mix_1_95_2_05_T200,mix_1_95_2_05,k=1.05 (95/5: 1/2),1,1.05,200,190,10,0,2.1699336681049317,1.0
analcatdata_lawsuit,264,4,mix_1_90_2_10_T20,mix_1_90_2_10,k=1.10 (90/10: 1/2),2,1.1,20,18,2,0,0.3775047045201063,1.0
analcatdata_lawsuit,264,4,mix_1_90_2_10_T40,mix_1_90_2_10,k=1.10 (90/10: 1/2),2,1.1,40,36,4,0,0.7550094090402126,1.0
analcatdata_lawsuit,264,4,mix_1_90_2_10_T60,mix_1_90_2_10,k=1.10 (90/10: 1/2),2,1.1,60,54,6,0,1.132514113560319,1.0
analcatdata_lawsuit,264,4,mix_1_90_2_10_T100,mix_1_90_2_10,k=1.10 (90/10: 1/2),2,1.1,100,90,10,0,1.8875235226005316,1.0
analcatdata_lawsuit,264,4,mix_1_90_2_10_T200,mix_1_90_2_10,k=1.10 (90/10: 1/2),2,1.1,200,180,20,0,3.775047045201063,1.0
analcatdata_lawsuit,264,4,mix_1_95_3_05_T20,mix_1_95_3_05,k=1.10 (95/5: 1/3),3,1.1,20,19,0,1,11.4141006607702,1.0
analcatdata_lawsuit,264,4,mix_1_95_3_05_T40,mix_1_95_3_05,k=1.10 (95/5: 1/3),3,1.1,40,38,0,2,22.8282013215404,1.0
analcatdata_lawsuit,264,4,mix_1_95_3_05_T60,mix_1_95_3_05,k=1.10 (95/5: 1/3),3,1.1,60,57,0,3,34.2423019823106,1.0
analcatdata_lawsuit,264,4,mix_1_95_3_05_T100,mix_1_95_3_05,k=1.10 (95/5: 1/3),3,1.1,100,95,0,5,57.070503303851,1.0
analcatdata_lawsuit,264,4,mix_1_95_3_05_T200,mix_1_95_3_05,k=1.10 (95/5: 1/3),3,1.1,200,190,0,10,114.141006607702,1.0
analcatdata_lawsuit,264,4,mix_1_75_2_25_T20,mix_1_75_2_25,k=1.25 (75/25: 1/2),4,1.25,20,15,5,0,0.8590387176489457,1.0
analcatdata_lawsuit,264,4,mix_1_75_2_25_T40,mix_1_75_2_25,k=1.25 (75/25: 1/2),4,1.25,40,30,10,0,1.7180774352978914,1.0
analcatdata_lawsuit,264,4,mix_1_75_2_25_T60,mix_1_75_2_25,k=1.25 (75/25: 1/2),4,1.25,60,45,15,0,2.577116152946837,1.0
analcatdata_lawsuit,264,4,mix_1_75_2_25_T100,mix_1_75_2_25,k=1.25 (75/25: 1/2),4,1.25,100,75,25,0,4.295193588244729,1.0
analcatdata_lawsuit,264,4,mix_1_75_2_25_T200,mix_1_75_2_25,k=1.25 (75/25: 1/2),4,1.25,200,150,50,0,8.590387176489457,1.0
analcatdata_lawsuit,264,4,mix_1_50_2_50_T20,mix_1_50_2_50,k=1.50 (50/50: 1/2),5,1.5,20,10,10,0,1.6615954061970113,1.0
analcatdata_lawsuit,264,4,mix_1_50_2_50_T40,mix_1_50_2_50,k=1.50 (50/50: 1/2),5,1.5,40,20,20,0,3.3231908123940226,1.0
analcatdata_lawsuit,264,4,mix_1_50_2_50_T60,mix_1_50_2_50,k=1.50 (50/50: 1/2),5,1.5,60,30,30,0,4.984786218591035,1.0
analcatdata_lawsuit,264,4,mix_1_50_2_50_T100,mix_1_50_2_50,k=1.50 (50/50: 1/2),5,1.5,100,50,50,0,8.307977030985057,1.0
analcatdata_lawsuit,264,4,mix_1_50_2_50_T200,mix_1_50_2_50,k=1.50 (50/50: 1/2),5,1.5,200,100,100,0,16.615954061970115,1.0
analcatdata_lawsuit,264,4,pure_k2_T20,pure_k2,k=2,6,2.0,20,0,20,0,3.2667087832931427,1.0
analcatdata_lawsuit,264,4,pure_k2_T40,pure_k2,k=2,6,2.0,40,0,40,0,6.5334175665862855,1.0
analcatdata_lawsuit,264,4,pure_k2_T60,pure_k2,k=2,6,2.0,60,0,60,0,9.800126349879429,1.0
analcatdata_lawsuit,264,4,pure_k2_T100,pure_k2,k=2,6,2.0,100,0,100,0,16.333543916465715,1.0
analcatdata_lawsuit,264,4,pure_k2_T200,pure_k2,k=2,6,2.0,200,0,200,0,32.66708783293143,1.0
analcatdata_lawsuit,264,4,mix_2_95_3_05_T20,mix_2_95_3_05,k=2.05 (95/5: 2/3),7,2.05,20,0,19,1,14.463816077252849,1.0
analcatdata_lawsuit,264,4,mix_2_95_3_05_T40,mix_2_95_3_05,k=2.05 (95/5: 2/3),7,2.05,40,0,38,2,28.927632154505698,1.0
analcatdata_lawsuit,264,4,mix_2_95_3_05_T60,mix_2_95_3_05,k=2.05 (95/5: 2/3),7,2.05,60,0,57,3,43.391448231758545,1.0
analcatdata_lawsuit,264,4,mix_2_95_3_05_T100,mix_2_95_3_05,k=2.05 (95/5: 2/3),7,2.05,100,0,95,5,72.31908038626425,1.0
analcatdata_lawsuit,264,4,mix_2_95_3_05_T200,mix_2_95_3_05,k=2.05 (95/5: 2/3),7,2.05,200,0,190,10,144.6381607725285,1.0
analcatdata_lawsuit,264,4,pure_k3_T20,pure_k3,k=3,8,3.0,20,0,0,20,227.20885466248728,1.0
analcatdata_lawsuit,264,4,pure_k3_T40,pure_k3,k=3,8,3.0,40,0,0,40,454.41770932497457,1.0
analcatdata_lawsuit,264,4,pure_k3_T60,pure_k3,k=3,8,3.0,60,0,0,60,681.6265639874619,1.0
analcatdata_lawsuit,264,4,pure_k3_T100,pure_k3,k=3,8,3.0,100,0,0,100,1136.0442733124364,1.0
analcatdata_lawsuit,264,4,pure_k3_T200,pure_k3,k=3,8,3.0,200,0,0,200,2272.088546624873,1.0
balance_scale,625,4,pure_k1_T20,pure_k1,k=1,0,1.0,20,20,0,0,0.21998586249537766,0.802547770700637
balance_scale,625,4,pure_k1_T40,pure_k1,k=1,0,1.0,40,40,0,0,0.4399717249907553,0.8343949044585988
balance_scale,625,4,pure_k1_T60,pure_k1,k=1,0,1.0,60,60,0,0,0.659957587486133,0.8343949044585988
balance_scale,625,4,pure_k1_T100,pure_k1,k=1,0,1.0,100,100,0,0,1.0999293124768883,0.8343949044585988
balance_scale,625,4,pure_k1_T200,pure_k1,k=1,0,1.0,200,200,0,0,2.1998586249537766,0.8471337579617835
balance_scale,625,4,mix_1_95_2_05_T20,mix_1_95_2_05,k=1.05 (95/5: 1/2),1,1.05,20,19,1,0,0.22861196499550715,0.8089171974522293
balance_scale,625,4,mix_1_95_2_05_T40,mix_1_95_2_05,k=1.05 (95/5: 1/2),1,1.05,40,38,2,0,0.4572239299910143,0.8280254777070064
balance_scale,625,4,mix_1_95_2_05_T60,mix_1_95_2_05,k=1.05 (95/5: 1/2),1,1.05,60,57,3,0,0.6858358949865214,0.8343949044585988
balance_scale,625,4,mix_1_95_2_05_T100,mix_1_95_2_05,k=1.05 (95/5: 1/2),1,1.05,100,95,5,0,1.1430598249775357,0.8471337579617835
balance_scale,625,4,mix_1_95_2_05_T200,mix_1_95_2_05,k=1.05 (95/5: 1/2),1,1.05,200,190,10,0,2.2861196499550713,0.8471337579617835
balance_scale,625,4,mix_1_90_2_10_T20,mix_1_90_2_10,k=1.10 (90/10: 1/2),2,1.1,20,18,2,0,0.23723806749563664,0.8089171974522293
balance_scale,625,4,mix_1_90_2_10_T40,mix_1_90_2_10,k=1.10 (90/10: 1/2),2,1.1,40,36,4,0,0.4744761349912733,0.8343949044585988
balance_scale,625,4,mix_1_90_2_10_T60,mix_1_90_2_10,k=1.10 (90/10: 1/2),2,1.1,60,54,6,0,0.7117142024869099,0.8407643312101911
balance_scale,625,4,mix_1_90_2_10_T100,mix_1_90_2_10,k=1.10 (90/10: 1/2),2,1.1,100,90,10,0,1.1861903374781833,0.8343949044585988
balance_scale,625,4,mix_1_90_2_10_T200,mix_1_90_2_10,k=1.10 (90/10: 1/2),2,1.1,200,180,20,0,2.3723806749563665,0.8471337579617835
balance_scale,625,4,mix_1_95_3_05_T20,mix_1_95_3_05,k=1.10 (95/5: 1/3),3,1.1,20,19,0,1,0.3053007677057758,0.8089171974522293
balance_scale,625,4,mix_1_95_3_05_T40,mix_1_95_3_05,k=1.10 (95/5: 1/3),3,1.1,40,38,0,2,0.6106015354115516,0.8343949044585988
balance_scale,625,4,mix_1_95_3_05_T60,mix_1_95_3_05,k=1.10 (95/5: 1/3),3,1.1,60,57,0,3,0.9159023031173275,0.8343949044585988
balance_scale,625,4,mix_1_95_3_05_T100,mix_1_95_3_05,k=1.10 (95/5: 1/3),3,1.1,100,95,0,5,1.526503838528879,0.8407643312101911
balance_scale,625,4,mix_1_95_3_05_T200,mix_1_95_3_05,k=1.10 (95/5: 1/3),3,1.1,200,190,0,10,3.053007677057758,0.8471337579617835
balance_scale,625,4,mix_1_75_2_25_T20,mix_1_75_2_25,k=1.25 (75/25: 1/2),4,1.25,20,15,5,0,0.26311637499602514,0.821656050955414
balance_scale,625,4,mix_1_75_2_25_T40,mix_1_75_2_25,k=1.25 (75/25: 1/2),4,1.25,40,30,10,0,0.5262327499920503,0.8089171974522293
balance_scale,625,4,mix_1_75_2_25_T60,mix_1_75_2_25,k=1.25 (75/25: 1/2),4,1.25,60,45,15,0,0.7893491249880753,0.821656050955414
balance_scale,625,4,mix_1_75_2_25_T100,mix_1_75_2_25,k=1.25 (75/25: 1/2),4,1.25,100,75,25,0,1.3155818749801256,0.8407643312101911
balance_scale,625,4,mix_1_75_2_25_T200,mix_1_75_2_25,k=1.25 (75/25: 1/2),4,1.25,200,150,50,0,2.631163749960251,0.8471337579617835
balance_scale,625,4,mix_1_50_2_50_T20,mix_1_50_2_50,k=1.50 (50/50: 1/2),5,1.5,20,10,10,0,0.30624688749667256,0.802547770700637
balance_scale,625,4,mix_1_50_2_50_T40,mix_1_50_2_50,k=1.50 (50/50: 1/2),5,1.5,40,20,20,0,0.6124937749933451,0.8343949044585988
balance_scale,625,4,mix_1_50_2_50_T60,mix_1_50_2_50,k=1.50 (50/50: 1/2),5,1.5,60,30,30,0,0.9187406624900177,0.8407643312101911
balance_scale,625,4,mix_1_50_2_50_T100,mix_1_50_2_50,k=1.50 (50/50: 1/2),5,1.5,100,50,50,0,1.5312344374833629,0.8471337579617835
balance_scale,625,4,mix_1_50_2_50_T200,mix_1_50_2_50,k=1.50 (50/50: 1/2),5,1.5,200,100,100,0,3.0624688749667257,0.8280254777070064
balance_scale,625,4,pure_k2_T20,pure_k2,k=2,6,2.0,20,0,20,0,0.39250791249796746,0.8280254777070064
balance_scale,625,4,pure_k2_T40,pure_k2,k=2,6,2.0,40,0,40,0,0.7850158249959349,0.8598726114649682
balance_scale,625,4,pure_k2_T60,pure_k2,k=2,6,2.0,60,0,60,0,1.1775237374939025,0.8407643312101911
balance_scale,625,4,pure_k2_T100,pure_k2,k=2,6,2.0,100,0,100,0,1.9625395624898374,0.8343949044585988
balance_scale,625,4,pure_k2_T200,pure_k2,k=2,6,2.0,200,0,200,0,3.925079124979675,0.8280254777070064
balance_scale,625,4,mix_2_95_3_05_T20,mix_2_95_3_05,k=2.05 (95/5: 2/3),7,2.05,20,0,19,1,0.46919671520823614,0.8152866242038217
balance_scale,625,4,mix_2_95_3_05_T40,mix_2_95_3_05,k=2.05 (95/5: 2/3),7,2.05,40,0,38,2,0.9383934304164723,0.8535031847133758
balance_scale,625,4,mix_2_95_3_05_T60,mix_2_95_3_05,k=2.05 (95/5: 2/3),7,2.05,60,0,57,3,1.4075901456247084,0.8535031847133758
balance_scale,625,4,mix_2_95_3_05_T100,mix_2_95_3_05,k=2.05 (95/5: 2/3),7,2.05,100,0,95,5,2.345983576041181,0.8343949044585988
balance_scale,625,4,mix_2_95_3_05_T200,mix_2_95_3_05,k=2.05 (95/5: 2/3),7,2.05,200,0,190,10,4.691967152082362,0.8280254777070064
balance_scale,625,4,pure_k3_T20,pure_k3,k=3,8,3.0,20,0,0,20,1.9262839667033405,0.8535031847133758
balance_scale,625,4,pure_k3_T40,pure_k3,k=3,8,3.0,40,0,0,40,3.852567933406681,0.8535031847133758
balance_scale,625,4,pure_k3_T60,pure_k3,k=3,8,3.0,60,0,0,60,5.778851900110022,0.8598726114649682
balance_scale,625,4,pure_k3_T100,pure_k3,k=3,8,3.0,100,0,0,100,9.631419833516702,0.8598726114649682
balance_scale,625,4,pure_k3_T200,pure_k3,k=3,8,3.0,200,0,0,200,19.262839667033404,0.8280254777070064
analcatdata_dmft,797,4,pure_k1_T20,pure_k1,k=1,0,1.0,20,20,0,0,0.07823355840519071,0.21
analcatdata_dmft,797,4,pure_k1_T40,pure_k1,k=1,0,1.0,40,40,0,0,0.15646711681038142,0.215
analcatdata_dmft,797,4,pure_k1_T60,pure_k1,k=1,0,1.0,60,60,0,0,0.2347006752155721,0.2
analcatdata_dmft,797,4,pure_k1_T100,pure_k1,k=1,0,1.0,100,100,0,0,0.39116779202595353,0.205
analcatdata_dmft,797,4,pure_k1_T200,pure_k1,k=1,0,1.0,200,200,0,0,0.7823355840519071,0.2
analcatdata_dmft,797,4,mix_1_95_2_05_T20,mix_1_95_2_05,k=1.05 (95/5: 1/2),1,1.05,20,19,1,0,0.0939917550701648,0.205
analcatdata_dmft,797,4,mix_1_95_2_05_T40,mix_1_95_2_05,k=1.05 (95/5: 1/2),1,1.05,40,38,2,0,0.1879835101403296,0.205
analcatdata_dmft,797,4,mix_1_95_2_05_T60,mix_1_95_2_05,k=1.05 (95/5: 1/2),1,1.05,60,57,3,0,0.2819752652104944,0.195
analcatdata_dmft,797,4,mix_1_95_2_05_T100,mix_1_95_2_05,k=1.05 (95/5: 1/2),1,1.05,100,95,5,0,0.469958775350824,0.2
analcatdata_dmft,797,4,mix_1_95_2_05_T200,mix_1_95_2_05,k=1.05 (95/5: 1/2),1,1.05,200,190,10,0,0.939917550701648,0.2
analcatdata_dmft,797,4,mix_1_90_2_10_T20,mix_1_90_2_10,k=1.10 (90/10: 1/2),2,1.1,20,18,2,0,0.10974995173513889,0.21
analcatdata_dmft,797,4,mix_1_90_2_10_T40,mix_1_90_2_10,k=1.10 (90/10: 1/2),2,1.1,40,36,4,0,0.21949990347027779,0.2
analcatdata_dmft,797,4,mix_1_90_2_10_T60,mix_1_90_2_10,k=1.10 (90/10: 1/2),2,1.1,60,54,6,0,0.3292498552054167,0.195
analcatdata_dmft,797,4,mix_1_90_2_10_T100,mix_1_90_2_10,k=1.10 (90/10: 1/2),2,1.1,100,90,10,0,0.5487497586756944,0.2
analcatdata_dmft,797,4,mix_1_90_2_10_T200,mix_1_90_2_10,k=1.10 (90/10: 1/2),2,1.1,200,180,20,0,1.0974995173513888,0.195
analcatdata_dmft,797,4,mix_1_95_3_05_T20,mix_1_95_3_05,k=1.10 (95/5: 1/3),3,1.1,20,19,0,1,0.22014976548496634,0.205
analcatdata_dmft,797,4,mix_1_95_3_05_T40,mix_1_95_3_05,k=1.10 (95/5: 1/3),3,1.1,40,38,0,2,0.4402995309699327,0.205
analcatdata_dmft,797,4,mix_1_95_3_05_T60,mix_1_95_3_05,k=1.10 (95/5: 1/3),3,1.1,60,57,0,3,0.660449296454899,0.195
analcatdata_dmft,797,4,mix_1_95_3_05_T100,mix_1_95_3_05,k=1.10 (95/5: 1/3),3,1.1,100,95,0,5,1.1007488274248316,0.2
analcatdata_dmft,797,4,mix_1_95_3_05_T200,mix_1_95_3_05,k=1.10 (95/5: 1/3),3,1.1,200,190,0,10,2.201497654849663,0.205
analcatdata_dmft,797,4,mix_1_75_2_25_T20,mix_1_75_2_25,k=1.25 (75/25: 1/2),4,1.25,20,15,5,0,0.15702454173006117,0.21
analcatdata_dmft,797,4,mix_1_75_2_25_T40,mix_1_75_2_25,k=1.25 (75/25: 1/2),4,1.25,40,30,10,0,0.31404908346012234,0.205
analcatdata_dmft,797,4,mix_1_75_2_25_T60,mix_1_75_2_25,k=1.25 (75/25: 1/2),4,1.25,60,45,15,0,0.47107362519018353,0.195
analcatdata_dmft,797,4,mix_1_75_2_25_T100,mix_1_75_2_25,k=1.25 (75/25: 1/2),4,1.25,100,75,25,0,0.7851227086503059,0.21
analcatdata_dmft,797,4,mix_1_75_2_25_T200,mix_1_75_2_25,k=1.25 (75/25: 1/2),4,1.25,200,150,50,0,1.5702454173006117,0.205
analcatdata_dmft,797,4,mix_1_50_2_50_T20,mix_1_50_2_50,k=1.50 (50/50: 1/2),5,1.5,20,10,10,0,0.23581552505493164,0.2
analcatdata_dmft,797,4,mix_1_50_2_50_T40,mix_1_50_2_50,k=1.50 (50/50: 1/2),5,1.5,40,20,20,0,0.4716310501098633,0.205
analcatdata_dmft,797,4,mix_1_50_2_50_T60,mix_1_50_2_50,k=1.50 (50/50: 1/2),5,1.5,60,30,30,0,0.7074465751647949,0.205
analcatdata_dmft,797,4,mix_1_50_2_50_T100,mix_1_50_2_50,k=1.50 (50/50: 1/2),5,1.5,100,50,50,0,1.1790776252746582,0.205
analcatdata_dmft,797,4,mix_1_50_2_50_T200,mix_1_50_2_50,k=1.50 (50/50: 1/2),5,1.5,200,100,100,0,2.3581552505493164,0.205
analcatdata_dmft,797,4,pure_k2_T20,pure_k2,k=2,6,2.0,20,0,20,0,0.3933974917046726,0.205
analcatdata_dmft,797,4,pure_k2_T40,pure_k2,k=2,6,2.0,40,0,40,0,0.7867949834093452,0.22
analcatdata_dmft,797,4,pure_k2_T60,pure_k2,k=2,6,2.0,60,0,60,0,1.1801924751140178,0.215
analcatdata_dmft,797,4,pure_k2_T100,pure_k2,k=2,6,2.0,100,0,100,0,1.9669874585233629,0.215
analcatdata_dmft,797,4,pure_k2_T200,pure_k2,k=2,6,2.0,200,0,200,0,3.9339749170467257,0.21
analcatdata_dmft,797,4,mix_2_95_3_05_T20,mix_2_95_3_05,k=2.05 (95/5: 2/3),7,2.05,20,0,19,1,0.5195555021194741,0.21
analcatdata_dmft,797,4,mix_2_95_3_05_T40,mix_2_95_3_05,k=2.05 (95/5: 2/3),7,2.05,40,0,38,2,1.0391110042389482,0.21
analcatdata_dmft,797,4,mix_2_95_3_05_T60,mix_2_95_3_05,k=2.05 (95/5: 2/3),7,2.05,60,0,57,3,1.5586665063584224,0.21
analcatdata_dmft,797,4,mix_2_95_3_05_T100,mix_2_95_3_05,k=2.05 (95/5: 2/3),7,2.05,100,0,95,5,2.5977775105973704,0.21
analcatdata_dmft,797,4,mix_2_95_3_05_T200,mix_2_95_3_05,k=2.05 (95/5: 2/3),7,2.05,200,0,190,10,5.195555021194741,0.215
analcatdata_dmft,797,4,pure_k3_T20,pure_k3,k=3,8,3.0,20,0,0,20,2.9165577000007032,0.195
analcatdata_dmft,797,4,pure_k3_T40,pure_k3,k=3,8,3.0,40,0,0,40,5.8331154000014065,0.215
analcatdata_dmft,797,4,pure_k3_T60,pure_k3,k=3,8,3.0,60,0,0,60,8.74967310000211,0.205
analcatdata_dmft,797,4,pure_k3_T100,pure_k3,k=3,8,3.0,100,0,0,100,14.582788500003517,0.205
analcatdata_dmft,797,4,pure_k3_T200,pure_k3,k=3,8,3.0,200,0,0,200,29.165577000007033,0.2
parity5,32,5,pure_k1_T20,pure_k1,k=1,0,1.0,20,20,0,0,0.036394804203882816,0.125
parity5,32,5,pure_k1_T40,pure_k1,k=1,0,1.0,40,40,0,0,0.07278960840776563,0.125
parity5,32,5,pure_k1_T60,pure_k1,k=1,0,1.0,60,60,0,0,0.10918441261164843,0.125
parity5,32,5,pure_k1_T100,pure_k1,k=1,0,1.0,100,100,0,0,0.18197402101941407,0.125
parity5,32,5,pure_k1_T200,pure_k1,k=1,0,1.0,200,200,0,0,0.36394804203882813,0.125
parity5,32,5,mix_1_95_2_05_T20,mix_1_95_2_05,k=1.05 (95/5: 1/2),1,1.05,20,19,1,0,0.03713790024397895,0.125
parity5,32,5,mix_1_95_2_05_T40,mix_1_95_2_05,k=1.05 (95/5: 1/2),1,1.05,40,38,2,0,0.0742758004879579,0.125
parity5,32,5,mix_1_95_2_05_T60,mix_1_95_2_05,k=1.05 (95/5: 1/2),1,1.05,60,57,3,0,0.11141370073193683,0.25
parity5,32,5,mix_1_95_2_05_T100,mix_1_95_2_05,k=1.05 (95/5: 1/2),1,1.05,100,95,5,0,0.18568950121989472,0.125
parity5,32,5,mix_1_95_2_05_T200,mix_1_95_2_05,k=1.05 (95/5: 1/2),1,1.05,200,190,10,0,0.37137900243978944,0.125
parity5,32,5,mix_1_90_2_10_T20,mix_1_90_2_10,k=1.10 (90/10: 1/2),2,1.1,20,18,2,0,0.037880996284075076,0.125
parity5,32,5,mix_1_90_2_10_T40,mix_1_90_2_10,k=1.10 (90/10: 1/2),2,1.1,40,36,4,0,0.07576199256815015,0.125
parity5,32,5,mix_1_90_2_10_T60,mix_1_90_2_10,k=1.10 (90/10: 1/2),2,1.1,60,54,6,0,0.11364298885222524,0.125
parity5,32,5,mix_1_90_2_10_T100,mix_1_90_2_10,k=1.10 (90/10: 1/2),2,1.1,100,90,10,0,0.1894049814203754,0.125
parity5,32,5,mix_1_90_2_10_T200,mix_1_90_2_10,k=1.10 (90/10: 1/2),2,1.1,200,180,20,0,0.3788099628407508,0.125
parity5,32,5,mix_1_95_3_05_T20,mix_1_95_3_05,k=1.10 (95/5: 1/3),3,1.1,20,19,0,1,0.03881602044915781,0.125
parity5,32,5,mix_1_95_3_05_T40,mix_1_95_3_05,k=1.10 (95/5: 1/3),3,1.1,40,38,0,2,0.07763204089831562,0.125
parity5,32,5,mix_1_95_3_05_T60,mix_1_95_3_05,k=1.10 (95/5: 1/3),3,1.1,60,57,0,3,0.1164480613474734,0.125
parity5,32,5,mix_1_95_3_05_T100,mix_1_95_3_05,k=1.10 (95/5: 1/3),3,1.1,100,95,0,5,0.194080102245789,0.125
parity5,32,5,mix_1_95_3_05_T200,mix_1_95_3_05,k=1.10 (95/5: 1/3),3,1.1,200,190,0,10,0.388160204491578,0.125
parity5,32,5,mix_1_75_2_25_T20,mix_1_75_2_25,k=1.25 (75/25: 1/2),4,1.25,20,15,5,0,0.04011028440436348,0.125
parity5,32,5,mix_1_75_2_25_T40,mix_1_75_2_25,k=1.25 (75/25: 1/2),4,1.25,40,30,10,0,0.08022056880872697,0.125
parity5,32,5,mix_1_75_2_25_T60,mix_1_75_2_25,k=1.25 (75/25: 1/2),4,1.25,60,45,15,0,0.12033085321309045,0.125
parity5,32,5,mix_1_75_2_25_T100,mix_1_75_2_25,k=1.25 (75/25: 1/2),4,1.25,100,75,25,0,0.20055142202181742,0.125
parity5,32,5,mix_1_75_2_25_T200,mix_1_75_2_25,k=1.25 (75/25: 1/2),4,1.25,200,150,50,0,0.40110284404363483,0.125
parity5,32,5,mix_1_50_2_50_T20,mix_1_50_2_50,k=1.50 (50/50: 1/2),5,1.5,20,10,10,0,0.04382576460484415,0.125
parity5,32,5,mix_1_50_2_50_T40,mix_1_50_2_50,k=1.50 (50/50: 1/2),5,1.5,40,20,20,0,0.0876515292096883,0.125
parity5,32,5,mix_1_50_2_50_T60,mix_1_50_2_50,k=1.50 (50/50: 1/2),5,1.5,60,30,30,0,0.13147729381453244,0.125
parity5,32,5,mix_1_50_2_50_T100,mix_1_50_2_50,k=1.50 (50/50: 1/2),5,1.5,100,50,50,0,0.21912882302422076,0.125
parity5,32,5,mix_1_50_2_50_T200,mix_1_50_2_50,k=1.50 (50/50: 1/2),5,1.5,200,100,100,0,0.43825764604844153,0.125
parity5,32,5,pure_k2_T20,pure_k2,k=2,6,2.0,20,0,20,0,0.05125672500580549,0.125
parity5,32,5,pure_k2_T40,pure_k2,k=2,6,2.0,40,0,40,0,0.10251345001161098,0.125
parity5,32,5,pure_k2_T60,pure_k2,k=2,6,2.0,60,0,60,0,0.15377017501741647,0.125
parity5,32,5,pure_k2_T100,pure_k2,k=2,6,2.0,100,0,100,0,0.25628362502902746,0.125
parity5,32,5,pure_k2_T200,pure_k2,k=2,6,2.0,200,0,200,0,0.5125672500580549,0.125
parity5,32,5,mix_2_95_3_05_T20,mix_2_95_3_05,k=2.05 (95/5: 2/3),7,2.05,20,0,19,1,0.05293484521098435,0.125
parity5,32,5,mix_2_95_3_05_T40,mix_2_95_3_05,k=2.05 (95/5: 2/3),7,2.05,40,0,38,2,0.1058696904219687,0.125
parity5,32,5,mix_2_95_3_05_T60,mix_2_95_3_05,k=2.05 (95/5: 2/3),7,2.05,60,0,57,3,0.15880453563295305,0.125
parity5,32,5,mix_2_95_3_05_T100,mix_2_95_3_05,k=2.05 (95/5: 2/3),7,2.05,100,0,95,5,0.26467422605492175,0.125
parity5,32,5,mix_2_95_3_05_T200,mix_2_95_3_05,k=2.05 (95/5: 2/3),7,2.05,200,0,190,10,0.5293484521098435,0.125
parity5,32,5,pure_k3_T20,pure_k3,k=3,8,3.0,20,0,0,20,0.08481912910938263,0.125
parity5,32,5,pure_k3_T40,pure_k3,k=3,8,3.0,40,0,0,40,0.16963825821876527,0.125
parity5,32,5,pure_k3_T60,pure_k3,k=3,8,3.0,60,0,0,60,0.2544573873281479,0.125
parity5,32,5,pure_k3_T100,pure_k3,k=3,8,3.0,100,0,0,100,0.42409564554691315,0.125
parity5,32,5,pure_k3_T200,pure_k3,k=3,8,3.0,200,0,0,200,0.8481912910938263,0.125
tae,151,5,pure_k1_T20,pure_k1,k=1,0,1.0,20,20,0,0,0.05184694170020521,0.6052631578947368
tae,151,5,pure_k1_T40,pure_k1,k=1,0,1.0,40,40,0,0,0.10369388340041041,0.6842105263157895
tae,151,5,pure_k1_T60,pure_k1,k=1,0,1.0,60,60,0,0,0.15554082510061562,0.6578947368421053
tae,151,5,pure_k1_T100,pure_k1,k=1,0,1.0,100,100,0,0,0.25923470850102603,0.6578947368421053
tae,151,5,pure_k1_T200,pure_k1,k=1,0,1.0,200,200,0,0,0.5184694170020521,0.631578947368421
tae,151,5,mix_1_95_2_05_T20,mix_1_95_2_05,k=1.05 (95/5: 1/2),1,1.05,20,19,1,0,0.10067250711610541,0.631578947368421
tae,151,5,mix_1_95_2_05_T40,mix_1_95_2_05,k=1.05 (95/5: 1/2),1,1.05,40,38,2,0,0.20134501423221082,0.6578947368421053
tae,151,5,mix_1_95_2_05_T60,mix_1_95_2_05,k=1.05 (95/5: 1/2),1,1.05,60,57,3,0,0.3020175213483162,0.6578947368421053
tae,151,5,mix_1_95_2_05_T100,mix_1_95_2_05,k=1.05 (95/5: 1/2),1,1.05,100,95,5,0,0.503362535580527,0.6578947368421053
tae,151,5,mix_1_95_2_05_T200,mix_1_95_2_05,k=1.05 (95/5: 1/2),1,1.05,200,190,10,0,1.006725071161054,0.631578947368421
tae,151,5,mix_1_90_2_10_T20,mix_1_90_2_10,k=1.10 (90/10: 1/2),2,1.1,20,18,2,0,0.14949807253200562,0.631578947368421
tae,151,5,mix_1_90_2_10_T40,mix_1_90_2_10,k=1.10 (90/10: 1/2),2,1.1,40,36,4,0,0.29899614506401123,0.6578947368421053
tae,151,5,mix_1_90_2_10_T60,mix_1_90_2_10,k=1.10 (90/10: 1/2),2,1.1,60,54,6,0,0.4484942175960168,0.6578947368421053
tae,151,5,mix_1_90_2_10_T100,mix_1_90_2_10,k=1.10 (90/10: 1/2),2,1.1,100,90,10,0,0.747490362660028,0.6578947368421053
tae,151,5,mix_1_90_2_10_T200,mix_1_90_2_10,k=1.10 (90/10: 1/2),2,1.1,200,180,20,0,1.494980725320056,0.631578947368421
tae,151,5,mix_1_95_3_05_T20,mix_1_95_3_05,k=1.10 (95/5: 1/3),3,1.1,20,19,0,1,1.3474257662845777,0.6578947368421053
tae,151,5,mix_1_95_3_05_T40,mix_1_95_3_05,k=1.10 (95/5: 1/3),3,1.1,40,38,0,2,2.6948515325691553,0.6842105263157895
tae,151,5,mix_1_95_3_05_T60,mix_1_95_3_05,k=1.10 (95/5: 1/3),3,1.1,60,57,0,3,4.042277298853733,0.6578947368421053
tae,151,5,mix_1_95_3_05_T100,mix_1_95_3_05,k=1.10 (95/5: 1/3),3,1.1,100,95,0,5,6.737128831422888,0.631578947368421
tae,151,5,mix_1_95_3_05_T200,mix_1_95_3_05,k=1.10 (95/5: 1/3),3,1.1,200,190,0,10,13.474257662845776,0.631578947368421
tae,151,5,mix_1_75_2_25_T20,mix_1_75_2_25,k=1.25 (75/25: 1/2),4,1.25,20,15,5,0,0.2959747687797062,0.6052631578947368
tae,151,5,mix_1_75_2_25_T40,mix_1_75_2_25,k=1.25 (75/25: 1/2),4,1.25,40,30,10,0,0.5919495375594124,0.6578947368421053
tae,151,5,mix_1_75_2_25_T60,mix_1_75_2_25,k=1.25 (75/25: 1/2),4,1.25,60,45,15,0,0.8879243063391187,0.6842105263157895
tae,151,5,mix_1_75_2_25_T100,mix_1_75_2_25,k=1.25 (75/25: 1/2),4,1.25,100,75,25,0,1.479873843898531,0.6842105263157895
tae,151,5,mix_1_75_2_25_T200,mix_1_75_2_25,k=1.25 (75/25: 1/2),4,1.25,200,150,50,0,2.959747687797062,0.631578947368421
tae,151,5,mix_1_50_2_50_T20,mix_1_50_2_50,k=1.50 (50/50: 1/2),5,1.5,20,10,10,0,0.5401025958592072,0.631578947368421
tae,151,5,mix_1_50_2_50_T40,mix_1_50_2_50,k=1.50 (50/50: 1/2),5,1.5,40,20,20,0,1.0802051917184143,0.631578947368421
tae,151,5,mix_1_50_2_50_T60,mix_1_50_2_50,k=1.50 (50/50: 1/2),5,1.5,60,30,30,0,1.6203077875776217,0.6842105263157895
tae,151,5,mix_1_50_2_50_T100,mix_1_50_2_50,k=1.50 (50/50: 1/2),5,1.5,100,50,50,0,2.700512979296036,0.6578947368421053
tae,151,5,mix_1_50_2_50_T200,mix_1_50_2_50,k=1.50 (50/50: 1/2),5,1.5,200,100,100,0,5.401025958592072,0.6578947368421053
tae,151,5,pure_k2_T20,pure_k2,k=2,6,2.0,20,0,20,0,1.0283582500182091,0.6578947368421053
tae,151,5,pure_k2_T40,pure_k2,k=2,6,2.0,40,0,40,0,2.0567165000364183,0.6842105263157895
tae,151,5,pure_k2_T60,pure_k2,k=2,6,2.0,60,0,60,0,3.085074750054628,0.6578947368421053
tae,151,5,pure_k2_T100,pure_k2,k=2,6,2.0,100,0,100,0,5.141791250091046,0.6578947368421053
tae,151,5,pure_k2_T200,pure_k2,k=2,6,2.0,200,0,200,0,10.283582500182092,0.6578947368421053
tae,151,5,mix_2_95_3_05_T20,mix_2_95_3_05,k=2.05 (95/5: 2/3),7,2.05,20,0,19,1,2.2751115091866816,0.6578947368421053
tae,151,5,mix_2_95_3_05_T40,mix_2_95_3_05,k=2.05 (95/5: 2/3),7,2.05,40,0,38,2,4.550223018373363,0.6578947368421053
tae,151,5,mix_2_95_3_05_T60,mix_2_95_3_05,k=2.05 (95/5: 2/3),7,2.05,60,0,57,3,6.825334527560044,0.6578947368421053
tae,151,5,mix_2_95_3_05_T100,mix_2_95_3_05,k=2.05 (95/5: 2/3),7,2.05,100,0,95,5,11.375557545933408,0.6578947368421053
tae,151,5,mix_2_95_3_05_T200,mix_2_95_3_05,k=2.05 (95/5: 2/3),7,2.05,200,0,190,10,22.751115091866815,0.6578947368421053
tae,151,5,pure_k3_T20,pure_k3,k=3,8,3.0,20,0,0,20,25.963423433387653,0.6578947368421053
tae,151,5,pure_k3_T40,pure_k3,k=3,8,3.0,40,0,0,40,51.92684686677531,0.6578947368421053
tae,151,5,pure_k3_T60,pure_k3,k=3,8,3.0,60,0,0,60,77.89027030016295,0.6842105263157895
tae,151,5,pure_k3_T100,pure_k3,k=3,8,3.0,100,0,0,100,129.81711716693826,0.6578947368421053
tae,151,5,pure_k3_T200,pure_k3,k=3,8,3.0,200,0,0,200,259.6342343338765,0.6842105263157895
new_thyroid,215,5,pure_k1_T20,pure_k1,k=1,0,1.0,20,20,0,0,0.06160579160787165,0.9259259259259259
new_thyroid,215,5,pure_k1_T40,pure_k1,k=1,0,1.0,40,40,0,0,0.1232115832157433,0.9259259259259259
new_thyroid,215,5,pure_k1_T60,pure_k1,k=1,0,1.0,60,60,0,0,0.18481737482361496,0.9259259259259259
new_thyroid,215,5,pure_k1_T100,pure_k1,k=1,0,1.0,100,100,0,0,0.30802895803935826,0.9259259259259259
new_thyroid,215,5,pure_k1_T200,pure_k1,k=1,0,1.0,200,200,0,0,0.6160579160787165,0.9259259259259259
new_thyroid,215,5,mix_1_95_2_05_T20,mix_1_95_2_05,k=1.05 (95/5: 1/2),1,1.05,20,19,1,0,0.32597037286264824,0.9259259259259259
new_thyroid,215,5,mix_1_95_2_05_T40,mix_1_95_2_05,k=1.05 (95/5: 1/2),1,1.05,40,38,2,0,0.6519407457252965,0.9259259259259259
new_thyroid,215,5,mix_1_95_2_05_T60,mix_1_95_2_05,k=1.05 (95/5: 1/2),1,1.05,60,57,3,0,0.9779111185879447,0.9259259259259259
new_thyroid,215,5,mix_1_95_2_05_T100,mix_1_95_2_05,k=1.05 (95/5: 1/2),1,1.05,100,95,5,0,1.6298518643132411,0.9259259259259259
new_thyroid,215,5,mix_1_95_2_05_T200,mix_1_95_2_05,k=1.05 (95/5: 1/2),1,1.05,200,190,10,0,3.2597037286264823,0.9259259259259259
new_thyroid,215,5,mix_1_90_2_10_T20,mix_1_90_2_10,k=1.10 (90/10: 1/2),2,1.1,20,18,2,0,0.5903349541174248,0.9259259259259259
new_thyroid,215,5,mix_1_90_2_10_T40,mix_1_90_2_10,k=1.10 (90/10: 1/2),2,1.1,40,36,4,0,1.1806699082348495,0.9259259259259259
new_thyroid,215,5,mix_1_90_2_10_T60,mix_1_90_2_10,k=1.10 (90/10: 1/2),2,1.1,60,54,6,0,1.7710048623522743,0.9259259259259259
new_thyroid,215,5,mix_1_90_2_10_T100,mix_1_90_2_10,k=1.10 (90/10: 1/2),2,1.1,100,90,10,0,2.951674770587124,0.9259259259259259
new_thyroid,215,5,mix_1_90_2_10_T200,mix_1_90_2_10,k=1.10 (90/10: 1/2),2,1.1,200,180,20,0,5.903349541174248,0.9259259259259259
new_thyroid,215,5,mix_1_95_3_05_T20,mix_1_95_3_05,k=1.10 (95/5: 1/3),3,1.1,20,19,0,1,41.971802897232116,0.9259259259259259
new_thyroid,215,5,mix_1_95_3_05_T40,mix_1_95_3_05,k=1.10 (95/5: 1/3),3,1.1,40,38,0,2,83.94360579446423,0.9259259259259259
new_thyroid,215,5,mix_1_95_3_05_T60,mix_1_95_3_05,k=1.10 (95/5: 1/3),3,1.1,60,57,0,3,125.91540869169636,0.9259259259259259
new_thyroid,215,5,mix_1_95_3_05_T100,mix_1_95_3_05,k=1.10 (95/5: 1/3),3,1.1,100,95,0,5,209.8590144861606,0.9259259259259259
new_thyroid,215,5,mix_1_95_3_05_T200,mix_1_95_3_05,k=1.10 (95/5: 1/3),3,1.1,200,190,0,10,419.7180289723212,0.9259259259259259
new_thyroid,215,5,mix_1_75_2_25_T20,mix_1_75_2_25,k=1.25 (75/25: 1/2),4,1.25,20,15,5,0,1.3834286978817545,0.9259259259259259
new_thyroid,215,5,mix_1_75_2_25_T40,mix_1_75_2_25,k=1.25 (75/25: 1/2),4,1.25,40,30,10,0,2.766857395763509,0.9259259259259259
new_thyroid,215,5,mix_1_75_2_25_T60,mix_1_75_2_25,k=1.25 (75/25: 1/2),4,1.25,60,45,15,0,4.1502860936452635,0.9259259259259259
new_thyroid,215,5,mix_1_75_2_25_T100,mix_1_75_2_25,k=1.25 (75/25: 1/2),4,1.25,100,75,25,0,6.917143489408772,0.9259259259259259
new_thyroid,215,5,mix_1_75_2_25_T200,mix_1_75_2_25,k=1.25 (75/25: 1/2),4,1.25,200,150,50,0,13.834286978817545,0.9259259259259259
new_thyroid,215,5,mix_1_50_2_50_T20,mix_1_50_2_50,k=1.50 (50/50: 1/2),5,1.5,20,10,10,0,2.7052516041556376,0.9259259259259259
new_thyroid,215,5,mix_1_50_2_50_T40,mix_1_50_2_50,k=1.50 (50/50: 1/2),5,1.5,40,20,20,0,5.410503208311275,0.9259259259259259
new_thyroid,215,5,mix_1_50_2_50_T60,mix_1_50_2_50,k=1.50 (50/50: 1/2),5,1.5,60,30,30,0,8.115754812466912,0.9259259259259259
new_thyroid,215,5,mix_1_50_2_50_T100,mix_1_50_2_50,k=1.50 (50/50: 1/2),5,1.5,100,50,50,0,13.526258020778187,0.9259259259259259
new_thyroid,215,5,mix_1_50_2_50_T200,mix_1_50_2_50,k=1.50 (50/50: 1/2),5,1.5,200,100,100,0,27.052516041556373,0.9259259259259259
new_thyroid,215,5,pure_k2_T20,pure_k2,k=2,6,2.0,20,0,20,0,5.348897416703403,0.9444444444444444
new_thyroid,215,5,pure_k2_T40,pure_k2,k=2,6,2.0,40,0,40,0,10.697794833406807,0.9259259259259259
new_thyroid,215,5,pure_k2_T60,pure_k2,k=2,6,2.0,60,0,60,0,16.04669225011021,0.9259259259259259
new_thyroid,215,5,pure_k2_T100,pure_k2,k=2,6,2.0,100,0,100,0,26.744487083517015,0.9259259259259259
new_thyroid,215,5,pure_k2_T200,pure_k2,k=2,6,2.0,200,0,200,0,53.48897416703403,0.9259259259259259
new_thyroid,215,5,mix_2_95_3_05_T20,mix_2_95_3_05,k=2.05 (95/5: 2/3),7,2.05,20,0,19,1,46.99472994107287,0.9444444444444444
new_thyroid,215,5,mix_2_95_3_05_T40,mix_2_95_3_05,k=2.05 (95/5: 2/3),7,2.05,40,0,38,2,93.98945988214574,0.9259259259259259
new_thyroid,215,5,mix_2_95_3_05_T60,mix_2_95_3_05,k=2.05 (95/5: 2/3),7,2.05,60,0,57,3,140.98418982321863,0.9259259259259259
new_thyroid,215,5,mix_2_95_3_05_T100,mix_2_95_3_05,k=2.05 (95/5: 2/3),7,2.05,100,0,95,5,234.97364970536438,0.9259259259259259
new_thyroid,215,5,mix_2_95_3_05_T200,mix_2_95_3_05,k=2.05 (95/5: 2/3),7,2.05,200,0,190,10,469.94729941072876,0.9259259259259259
new_thyroid,215,5,pure_k3_T20,pure_k3,k=3,8,3.0,20,0,0,20,838.2655479040928,0.9444444444444444
new_thyroid,215,5,pure_k3_T40,pure_k3,k=3,8,3.0,40,0,0,40,1676.5310958081857,0.9259259259259259
new_thyroid,215,5,pure_k3_T60,pure_k3,k=3,8,3.0,60,0,0,60,2514.7966437122786,0.9259259259259259
new_thyroid,215,5,pure_k3_T100,pure_k3,k=3,8,3.0,100,0,0,100,4191.327739520464,0.9259259259259259
new_thyroid,215,5,pure_k3_T200,pure_k3,k=3,8,3.0,200,0,0,200,8382.655479040928,0.9259259259259259
bupa,345,5,pure_k1_T20,pure_k1,k=1,0,1.0,20,20,0,0,0.19791118754073977,0.5862068965517241
bupa,345,5,pure_k1_T40,pure_k1,k=1,0,1.0,40,40,0,0,0.39582237508147955,0.632183908045977
bupa,345,5,pure_k1_T60,pure_k1,k=1,0,1.0,60,60,0,0,0.5937335626222193,0.6091954022988506
bupa,345,5,pure_k1_T100,pure_k1,k=1,0,1.0,100,100,0,0,0.9895559377036989,0.5977011494252874
bupa,345,5,pure_k1_T200,pure_k1,k=1,0,1.0,200,200,0,0,1.9791118754073977,0.6091954022988506
bupa,345,5,mix_1_95_2_05_T20,mix_1_95_2_05,k=1.05 (95/5: 1/2),1,1.05,20,19,1,0,0.6270807483745738,0.5977011494252874
bupa,345,5,mix_1_95_2_05_T40,mix_1_95_2_05,k=1.05 (95/5: 1/2),1,1.05,40,38,2,0,1.2541614967491477,0.632183908045977
bupa,345,5,mix_1_95_2_05_T60,mix_1_95_2_05,k=1.05 (95/5: 1/2),1,1.05,60,57,3,0,1.8812422451237216,0.6091954022988506
bupa,345,5,mix_1_95_2_05_T100,mix_1_95_2_05,k=1.05 (95/5: 1/2),1,1.05,100,95,5,0,3.1354037418728695,0.5977011494252874
bupa,345,5,mix_1_95_2_05_T200,mix_1_95_2_05,k=1.05 (95/5: 1/2),1,1.05,200,190,10,0,6.270807483745739,0.6091954022988506
bupa,345,5,mix_1_90_2_10_T20,mix_1_90_2_10,k=1.10 (90/10: 1/2),2,1.1,20,18,2,0,1.056250309208408,0.632183908045977
bupa,345,5,mix_1_90_2_10_T40,mix_1_90_2_10,k=1.10 (90/10: 1/2),2,1.1,40,36,4,0,2.112500618416816,0.6091954022988506
bupa,345,5,mix_1_90_2_10_T60,mix_1_90_2_10,k=1.10 (90/10: 1/2),2,1.1,60,54,6,0,3.168750927625224,0.6206896551724138
bupa,345,5,mix_1_90_2_10_T100,mix_1_90_2_10,k=1.10 (90/10: 1/2),2,1.1,100,90,10,0,5.28125154604204,0.5977011494252874
bupa,345,5,mix_1_90_2_10_T200,mix_1_90_2_10,k=1.10 (90/10: 1/2),2,1.1,200,180,20,0,10.56250309208408,0.6091954022988506
bupa,345,5,mix_1_95_3_05_T20,mix_1_95_3_05,k=1.10 (95/5: 1/3),3,1.1,20,19,0,1,54.69553782733158,0.5862068965517241
bupa,345,5,mix_1_95_3_05_T40,mix_1_95_3_05,k=1.10 (95/5: 1/3),3,1.1,40,38,0,2,109.39107565466315,0.632183908045977
bupa,345,5,mix_1_95_3_05_T60,mix_1_95_3_05,k=1.10 (95/5: 1/3),3,1.1,60,57,0,3,164.08661348199473,0.6206896551724138
bupa,345,5,mix_1_95_3_05_T100,mix_1_95_3_05,k=1.10 (95/5: 1/3),3,1.1,100,95,0,5,273.4776891366579,0.5977011494252874
bupa,345,5,mix_1_95_3_05_T200,mix_1_95_3_05,k=1.10 (95/5: 1/3),3,1.1,200,190,0,10,546.9553782733158,0.6091954022988506
bupa,345,5,mix_1_75_2_25_T20,mix_1_75_2_25,k=1.25 (75/25: 1/2),4,1.25,20,15,5,0,2.3437589917099104,0.6206896551724138
bupa,345,5,mix_1_75_2_25_T40,mix_1_75_2_25,k=1.25 (75/25: 1/2),4,1.25,40,30,10,0,4.687517983419821,0.6206896551724138
bupa,345,5,mix_1_75_2_25_T60,mix_1_75_2_25,k=1.25 (75/25: 1/2),4,1.25,60,45,15,0,7.031276975129731,0.5977011494252874
bupa,345,5,mix_1_75_2_25_T100,mix_1_75_2_25,k=1.25 (75/25: 1/2),4,1.25,100,75,25,0,11.718794958549552,0.6206896551724138
bupa,345,5,mix_1_75_2_25_T200,mix_1_75_2_25,k=1.25 (75/25: 1/2),4,1.25,200,150,50,0,23.437589917099103,0.5977011494252874
bupa,345,5,mix_1_50_2_50_T20,mix_1_50_2_50,k=1.50 (50/50: 1/2),5,1.5,20,10,10,0,4.489606795879081,0.6091954022988506
bupa,345,5,mix_1_50_2_50_T40,mix_1_50_2_50,k=1.50 (50/50: 1/2),5,1.5,40,20,20,0,8.979213591758162,0.5977011494252874
bupa,345,5,mix_1_50_2_50_T60,mix_1_50_2_50,k=1.50 (50/50: 1/2),5,1.5,60,30,30,0,13.468820387637242,0.5862068965517241
bupa,345,5,mix_1_50_2_50_T100,mix_1_50_2_50,k=1.50 (50/50: 1/2),5,1.5,100,50,50,0,22.448033979395404,0.6206896551724138
bupa,345,5,mix_1_50_2_50_T200,mix_1_50_2_50,k=1.50 (50/50: 1/2),5,1.5,200,100,100,0,44.89606795879081,0.5977011494252874
bupa,345,5,pure_k2_T20,pure_k2,k=2,6,2.0,20,0,20,0,8.781302404217422,0.5747126436781609
bupa,345,5,pure_k2_T40,pure_k2,k=2,6,2.0,40,0,40,0,17.562604808434845,0.5862068965517241
bupa,345,5,pure_k2_T60,pure_k2,k=2,6,2.0,60,0,60,0,26.343907212652265,0.5977011494252874
bupa,345,5,pure_k2_T100,pure_k2,k=2,6,2.0,100,0,100,0,43.90651202108711,0.6091954022988506
bupa,345,5,pure_k2_T200,pure_k2,k=2,6,2.0,200,0,200,0,87.81302404217422,0.6091954022988506
bupa,345,5,mix_2_95_3_05_T20,mix_2_95_3_05,k=2.05 (95/5: 2/3),7,2.05,20,0,19,1,62.849759483174424,0.5747126436781609
bupa,345,5,mix_2_95_3_05_T40,mix_2_95_3_05,k=2.05 (95/5: 2/3),7,2.05,40,0,38,2,125.69951896634885,0.5747126436781609
bupa,345,5,mix_2_95_3_05_T60,mix_2_95_3_05,k=2.05 (95/5: 2/3),7,2.05,60,0,57,3,188.54927844952326,0.5632183908045977
bupa,345,5,mix_2_95_3_05_T100,mix_2_95_3_05,k=2.05 (95/5: 2/3),7,2.05,100,0,95,5,314.2487974158721,0.5977011494252874
bupa,345,5,mix_2_95_3_05_T200,mix_2_95_3_05,k=2.05 (95/5: 2/3),7,2.05,200,0,190,10,628.4975948317442,0.6206896551724138
bupa,345,5,pure_k3_T20,pure_k3,k=3,8,3.0,20,0,0,20,1090.1504439833575,0.6206896551724138
bupa,345,5,pure_k3_T40,pure_k3,k=3,8,3.0,40,0,0,40,2180.300887966715,0.5977011494252874
bupa,345,5,pure_k3_T60,pure_k3,k=3,8,3.0,60,0,0,60,3270.451331950072,0.5862068965517241
bupa,345,5,pure_k3_T100,pure_k3,k=3,8,3.0,100,0,0,100,5450.752219916787,0.5862068965517241
bupa,345,5,pure_k3_T200,pure_k3,k=3,8,3.0,200,0,0,200,10901.504439833574,0.5747126436781609
analcatdata_germangss,400,5,pure_k1_T20,pure_k1,k=1,0,1.0,20,20,0,0,0.04327868754044175,0.4
analcatdata_germangss,400,5,pure_k1_T40,pure_k1,k=1,0,1.0,40,40,0,0,0.0865573750808835,0.42
analcatdata_germangss,400,5,pure_k1_T60,pure_k1,k=1,0,1.0,60,60,0,0,0.12983606262132524,0.43
analcatdata_germangss,400,5,pure_k1_T100,pure_k1,k=1,0,1.0,100,100,0,0,0.21639343770220876,0.44
analcatdata_germangss,400,5,pure_k1_T200,pure_k1,k=1,0,1.0,200,200,0,0,0.4327868754044175,0.44
analcatdata_germangss,400,5,mix_1_95_2_05_T20,mix_1_95_2_05,k=1.05 (95/5: 1/2),1,1.05,20,19,1,0,0.07538204483455047,0.39
analcatdata_germangss,400,5,mix_1_95_2_05_T40,mix_1_95_2_05,k=1.05 (95/5: 1/2),1,1.05,40,38,2,0,0.15076408966910093,0.41
analcatdata_germangss,400,5,mix_1_95_2_05_T60,mix_1_95_2_05,k=1.05 (95/5: 1/2),1,1.05,60,57,3,0,0.2261461345036514,0.41
analcatdata_germangss,400,5,mix_1_95_2_05_T100,mix_1_95_2_05,k=1.05 (95/5: 1/2),1,1.05,100,95,5,0,0.37691022417275233,0.43
analcatdata_germangss,400,5,mix_1_95_2_05_T200,mix_1_95_2_05,k=1.05 (95/5: 1/2),1,1.05,200,190,10,0,0.7538204483455047,0.44
analcatdata_germangss,400,5,mix_1_90_2_10_T20,mix_1_90_2_10,k=1.10 (90/10: 1/2),2,1.1,20,18,2,0,0.1074854021286592,0.39
analcatdata_germangss,400,5,mix_1_90_2_10_T40,mix_1_90_2_10,k=1.10 (90/10: 1/2),2,1.1,40,36,4,0,0.2149708042573184,0.41
analcatdata_germangss,400,5,mix_1_90_2_10_T60,mix_1_90_2_10,k=1.10 (90/10: 1/2),2,1.1,60,54,6,0,0.32245620638597755,0.41
analcatdata_germangss,400,5,mix_1_90_2_10_T100,mix_1_90_2_10,k=1.10 (90/10: 1/2),2,1.1,100,90,10,0,0.5374270106432959,0.43
analcatdata_germangss,400,5,mix_1_90_2_10_T200,mix_1_90_2_10,k=1.10 (90/10: 1/2),2,1.1,200,180,20,0,1.0748540212865918,0.44
analcatdata_germangss,400,5,mix_1_95_3_05_T20,mix_1_95_3_05,k=1.10 (95/5: 1/3),3,1.1,20,19,0,1,0.7809806019137613,0.39
analcatdata_germangss,400,5,mix_1_95_3_05_T40,mix_1_95_3_05,k=1.10 (95/5: 1/3),3,1.1,40,38,0,2,1.5619612038275226,0.41
analcatdata_germangss,400,5,mix_1_95_3_05_T60,mix_1_95_3_05,k=1.10 (95/5: 1/3),3,1.1,60,57,0,3,2.342941805741284,0.41
analcatdata_germangss,400,5,mix_1_95_3_05_T100,mix_1_95_3_05,k=1.10 (95/5: 1/3),3,1.1,100,95,0,5,3.9049030095688066,0.42
analcatdata_germangss,400,5,mix_1_95_3_05_T200,mix_1_95_3_05,k=1.10 (95/5: 1/3),3,1.1,200,190,0,10,7.809806019137613,0.44
analcatdata_germangss,400,5,mix_1_75_2_25_T20,mix_1_75_2_25,k=1.25 (75/25: 1/2),4,1.25,20,15,5,0,0.20379547401098536,0.38
analcatdata_germangss,400,5,mix_1_75_2_25_T40,mix_1_75_2_25,k=1.25 (75/25: 1/2),4,1.25,40,30,10,0,0.4075909480219707,0.42
analcatdata_germangss,400,5,mix_1_75_2_25_T60,mix_1_75_2_25,k=1.25 (75/25: 1/2),4,1.25,60,45,15,0,0.611386422032956,0.42
analcatdata_germangss,400,5,mix_1_75_2_25_T100,mix_1_75_2_25,k=1.25 (75/25: 1/2),4,1.25,100,75,25,0,1.0189773700549267,0.42
analcatdata_germangss,400,5,mix_1_75_2_25_T200,mix_1_75_2_25,k=1.25 (75/25: 1/2),4,1.25,200,150,50,0,2.0379547401098534,0.44
analcatdata_germangss,400,5,mix_1_50_2_50_T20,mix_1_50_2_50,k=1.50 (50/50: 1/2),5,1.5,20,10,10,0,0.3643122604815289,0.42
analcatdata_germangss,400,5,mix_1_50_2_50_T40,mix_1_50_2_50,k=1.50 (50/50: 1/2),5,1.5,40,20,20,0,0.7286245209630579,0.41
analcatdata_germangss,400,5,mix_1_50_2_50_T60,mix_1_50_2_50,k=1.50 (50/50: 1/2),5,1.5,60,30,30,0,1.0929367814445867,0.4
analcatdata_germangss,400,5,mix_1_50_2_50_T100,mix_1_50_2_50,k=1.50 (50/50: 1/2),5,1.5,100,50,50,0,1.8215613024076447,0.42
analcatdata_germangss,400,5,mix_1_50_2_50_T200,mix_1_50_2_50,k=1.50 (50/50: 1/2),5,1.5,200,100,100,0,3.6431226048152894,0.45
analcatdata_germangss,400,5,pure_k2_T20,pure_k2,k=2,6,2.0,20,0,20,0,0.6853458334226161,0.38
analcatdata_germangss,400,5,pure_k2_T40,pure_k2,k=2,6,2.0,40,0,40,0,1.3706916668452322,0.41
analcatdata_germangss,400,5,pure_k2_T60,pure_k2,k=2,6,2.0,60,0,60,0,2.0560375002678484,0.45
analcatdata_germangss,400,5,pure_k2_T100,pure_k2,k=2,6,2.0,100,0,100,0,3.4267291671130806,0.45
analcatdata_germangss,400,5,pure_k2_T200,pure_k2,k=2,6,2.0,200,0,200,0,6.853458334226161,0.44
analcatdata_germangss,400,5,mix_2_95_3_05_T20,mix_2_95_3_05,k=2.05 (95/5: 2/3),7,2.05,20,0,19,1,1.390944390501827,0.39
analcatdata_germangss,400,5,mix_2_95_3_05_T40,mix_2_95_3_05,k=2.05 (95/5: 2/3),7,2.05,40,0,38,2,2.781888781003654,0.39
analcatdata_germangss,400,5,mix_2_95_3_05_T60,mix_2_95_3_05,k=2.05 (95/5: 2/3),7,2.05,60,0,57,3,4.172833171505481,0.4
analcatdata_germangss,400,5,mix_2_95_3_05_T100,mix_2_95_3_05,k=2.05 (95/5: 2/3),7,2.05,100,0,95,5,6.954721952509135,0.44
analcatdata_germangss,400,5,mix_2_95_3_05_T200,mix_2_95_3_05,k=2.05 (95/5: 2/3),7,2.05,200,0,190,10,13.90944390501827,0.44
analcatdata_germangss,400,5,pure_k3_T20,pure_k3,k=3,8,3.0,20,0,0,20,14.797316975006833,0.4
analcatdata_germangss,400,5,pure_k3_T40,pure_k3,k=3,8,3.0,40,0,0,40,29.594633950013666,0.41
analcatdata_germangss,400,5,pure_k3_T60,pure_k3,k=3,8,3.0,60,0,0,60,44.3919509250205,0.45
analcatdata_germangss,400,5,pure_k3_T100,pure_k3,k=3,8,3.0,100,0,0,100,73.98658487503417,0.44
analcatdata_germangss,400,5,pure_k3_T200,pure_k3,k=3,8,3.0,200,0,0,200,147.97316975006834,0.42
irish,500,5,pure_k1_T20,pure_k1,k=1,0,1.0,20,20,0,0,0.07184439161792397,1.0
irish,500,5,pure_k1_T40,pure_k1,k=1,0,1.0,40,40,0,0,0.14368878323584794,1.0
irish,500,5,pure_k1_T60,pure_k1,k=1,0,1.0,60,60,0,0,0.21553317485377194,1.0
irish,500,5,pure_k1_T100,pure_k1,k=1,0,1.0,100,100,0,0,0.3592219580896199,1.0
irish,500,5,pure_k1_T200,pure_k1,k=1,0,1.0,200,200,0,0,0.7184439161792397,1.0
irish,500,5,mix_1_95_2_05_T20,mix_1_95_2_05,k=1.05 (95/5: 1/2),1,1.05,20,19,1,0,0.24613554724492132,1.0
irish,500,5,mix_1_95_2_05_T40,mix_1_95_2_05,k=1.05 (95/5: 1/2),1,1.05,40,38,2,0,0.49227109448984263,1.0
irish,500,5,mix_1_95_2_05_T60,mix_1_95_2_05,k=1.05 (95/5: 1/2),1,1.05,60,57,3,0,0.738406641734764,1.0
irish,500,5,mix_1_95_2_05_T100,mix_1_95_2_05,k=1.05 (95/5: 1/2),1,1.05,100,95,5,0,1.2306777362246066,1.0
irish,500,5,mix_1_95_2_05_T200,mix_1_95_2_05,k=1.05 (95/5: 1/2),1,1.05,200,190,10,0,2.4613554724492133,1.0
irish,500,5,mix_1_90_2_10_T20,mix_1_90_2_10,k=1.10 (90/10: 1/2),2,1.1,20,18,2,0,0.4204267028719187,1.0
irish,500,5,mix_1_90_2_10_T40,mix_1_90_2_10,k=1.10 (90/10: 1/2),2,1.1,40,36,4,0,0.8408534057438374,1.0
irish,500,5,mix_1_90_2_10_T60,mix_1_90_2_10,k=1.10 (90/10: 1/2),2,1.1,60,54,6,0,1.2612801086157561,1.0
irish,500,5,mix_1_90_2_10_T100,mix_1_90_2_10,k=1.10 (90/10: 1/2),2,1.1,100,90,10,0,2.1021335143595934,1.0
irish,500,5,mix_1_90_2_10_T200,mix_1_90_2_10,k=1.10 (90/10: 1/2),2,1.1,200,180,20,0,4.204267028719187,1.0
irish,500,5,mix_1_95_3_05_T20,mix_1_95_3_05,k=1.10 (95/5: 1/3),3,1.1,20,19,0,1,5.437034957243595,1.0
irish,500,5,mix_1_95_3_05_T40,mix_1_95_3_05,k=1.10 (95/5: 1/3),3,1.1,40,38,0,2,10.87406991448719,1.0
irish,500,5,mix_1_95_3_05_T60,mix_1_95_3_05,k=1.10 (95/5: 1/3),3,1.1,60,57,0,3,16.311104871730784,1.0
irish,500,5,mix_1_95_3_05_T100,mix_1_95_3_05,k=1.10 (95/5: 1/3),3,1.1,100,95,0,5,27.185174786217974,1.0
irish,500,5,mix_1_95_3_05_T200,mix_1_95_3_05,k=1.10 (95/5: 1/3),3,1.1,200,190,0,10,54.37034957243595,1.0
irish,500,5,mix_1_75_2_25_T20,mix_1_75_2_25,k=1.25 (75/25: 1/2),4,1.25,20,15,5,0,0.9433001697529108,1.0
irish,500,5,mix_1_75_2_25_T40,mix_1_75_2_25,k=1.25 (75/25: 1/2),4,1.25,40,30,10,0,1.8866003395058215,1.0
irish,500,5,mix_1_75_2_25_T60,mix_1_75_2_25,k=1.25 (75/25: 1/2),4,1.25,60,45,15,0,2.829900509258732,1.0
irish,500,5,mix_1_75_2_25_T100,mix_1_75_2_25,k=1.25 (75/25: 1/2),4,1.25,100,75,25,0,4.716500848764554,1.0
irish,500,5,mix_1_75_2_25_T200,mix_1_75_2_25,k=1.25 (75/25: 1/2),4,1.25,200,150,50,0,9.433001697529107,1.0
irish,500,5,mix_1_50_2_50_T20,mix_1_50_2_50,k=1.50 (50/50: 1/2),5,1.5,20,10,10,0,1.8147559478878974,1.0
irish,500,5,mix_1_50_2_50_T40,mix_1_50_2_50,k=1.50 (50/50: 1/2),5,1.5,40,20,20,0,3.629511895775795,1.0
irish,500,5,mix_1_50_2_50_T60,mix_1_50_2_50,k=1.50 (50/50: 1/2),5,1.5,60,30,30,0,5.444267843663692,1.0
irish,500,5,mix_1_50_2_50_T100,mix_1_50_2_50,k=1.50 (50/50: 1/2),5,1.5,100,50,50,0,9.073779739439487,1.0
irish,500,5,mix_1_50_2_50_T200,mix_1_50_2_50,k=1.50 (50/50: 1/2),5,1.5,200,100,100,0,18.147559478878975,1.0
irish,500,5,pure_k2_T20,pure_k2,k=2,6,2.0,20,0,20,0,3.557667504157871,1.0
irish,500,5,pure_k2_T40,pure_k2,k=2,6,2.0,40,0,40,0,7.115335008315742,1.0
irish,500,5,pure_k2_T60,pure_k2,k=2,6,2.0,60,0,60,0,10.673002512473612,1.0
irish,500,5,pure_k2_T100,pure_k2,k=2,6,2.0,100,0,100,0,17.788337520789355,1.0
irish,500,5,pure_k2_T200,pure_k2,k=2,6,2.0,200,0,200,0,35.57667504157871,1.0
irish,500,5,mix_2_95_3_05_T20,mix_2_95_3_05,k=2.05 (95/5: 2/3),7,2.05,20,0,19,1,8.748566914156545,1.0
irish,500,5,mix_2_95_3_05_T40,mix_2_95_3_05,k=2.05 (95/5: 2/3),7,2.05,40,0,38,2,17.49713382831309,1.0
irish,500,5,mix_2_95_3_05_T60,mix_2_95_3_05,k=2.05 (95/5: 2/3),7,2.05,60,0,57,3,26.245700742469634,1.0
irish,500,5,mix_2_95_3_05_T100,mix_2_95_3_05,k=2.05 (95/5: 2/3),7,2.05,100,0,95,5,43.74283457078272,1.0
irish,500,5,mix_2_95_3_05_T200,mix_2_95_3_05,k=2.05 (95/5: 2/3),7,2.05,200,0,190,10,87.48566914156544,1.0
irish,500,5,pure_k3_T20,pure_k3,k=3,8,3.0,20,0,0,20,107.37565570413135,1.0
irish,500,5,pure_k3_T40,pure_k3,k=3,8,3.0,40,0,0,40,214.7513114082627,1.0
irish,500,5,pure_k3_T60,pure_k3,k=3,8,3.0,60,0,0,60,322.126967112394,1.0
irish,500,5,pure_k3_T100,pure_k3,k=3,8,3.0,100,0,0,100,536.8782785206567,1.0
irish,500,5,pure_k3_T200,pure_k3,k=3,8,3.0,200,0,0,200,1073.7565570413135,1.0
analcatdata_bankruptcy,50,6,pure_k1_T20,pure_k1,k=1,0,1.0,20,20,0,0,0.03483998333103955,0.8461538461538461
analcatdata_bankruptcy,50,6,pure_k1_T40,pure_k1,k=1,0,1.0,40,40,0,0,0.0696799666620791,0.8461538461538461
analcatdata_bankruptcy,50,6,pure_k1_T60,pure_k1,k=1,0,1.0,60,60,0,0,0.10451994999311864,0.8461538461538461
analcatdata_bankruptcy,50,6,pure_k1_T100,pure_k1,k=1,0,1.0,100,100,0,0,0.17419991665519774,0.8461538461538461
analcatdata_bankruptcy,50,6,pure_k1_T200,pure_k1,k=1,0,1.0,200,200,0,0,0.3483998333103955,0.8461538461538461
analcatdata_bankruptcy,50,6,mix_1_95_2_05_T20,mix_1_95_2_05,k=1.05 (95/5: 1/2),1,1.05,20,19,1,0,0.0830623812507838,0.8461538461538461
analcatdata_bankruptcy,50,6,mix_1_95_2_05_T40,mix_1_95_2_05,k=1.05 (95/5: 1/2),1,1.05,40,38,2,0,0.1661247625015676,0.8461538461538461
analcatdata_bankruptcy,50,6,mix_1_95_2_05_T60,mix_1_95_2_05,k=1.05 (95/5: 1/2),1,1.05,60,57,3,0,0.2491871437523514,0.8461538461538461
analcatdata_bankruptcy,50,6,mix_1_95_2_05_T100,mix_1_95_2_05,k=1.05 (95/5: 1/2),1,1.05,100,95,5,0,0.415311906253919,0.8461538461538461
analcatdata_bankruptcy,50,6,mix_1_95_2_05_T200,mix_1_95_2_05,k=1.05 (95/5: 1/2),1,1.05,200,190,10,0,0.830623812507838,0.8461538461538461
analcatdata_bankruptcy,50,6,mix_1_90_2_10_T20,mix_1_90_2_10,k=1.10 (90/10: 1/2),2,1.1,20,18,2,0,0.13128477917052805,0.8461538461538461
analcatdata_bankruptcy,50,6,mix_1_90_2_10_T40,mix_1_90_2_10,k=1.10 (90/10: 1/2),2,1.1,40,36,4,0,0.2625695583410561,0.8461538461538461
analcatdata_bankruptcy,50,6,mix_1_90_2_10_T60,mix_1_90_2_10,k=1.10 (90/10: 1/2),2,1.1,60,54,6,0,0.39385433751158416,0.8461538461538461
analcatdata_bankruptcy,50,6,mix_1_90_2_10_T100,mix_1_90_2_10,k=1.10 (90/10: 1/2),2,1.1,100,90,10,0,0.6564238958526403,0.8461538461538461
analcatdata_bankruptcy,50,6,mix_1_90_2_10_T200,mix_1_90_2_10,k=1.10 (90/10: 1/2),2,1.1,200,180,20,0,1.3128477917052805,0.8461538461538461
analcatdata_bankruptcy,50,6,mix_1_95_3_05_T20,mix_1_95_3_05,k=1.10 (95/5: 1/3),3,1.1,20,19,0,1,2.901167602499481,0.8461538461538461
analcatdata_bankruptcy,50,6,mix_1_95_3_05_T40,mix_1_95_3_05,k=1.10 (95/5: 1/3),3,1.1,40,38,0,2,5.802335204998962,0.8461538461538461
analcatdata_bankruptcy,50,6,mix_1_95_3_05_T60,mix_1_95_3_05,k=1.10 (95/5: 1/3),3,1.1,60,57,0,3,8.703502807498444,0.8461538461538461
analcatdata_bankruptcy,50,6,mix_1_95_3_05_T100,mix_1_95_3_05,k=1.10 (95/5: 1/3),3,1.1,100,95,0,5,14.505838012497406,0.8461538461538461
analcatdata_bankruptcy,50,6,mix_1_95_3_05_T200,mix_1_95_3_05,k=1.10 (95/5: 1/3),3,1.1,200,190,0,10,29.011676024994813,0.8461538461538461
analcatdata_bankruptcy,50,6,mix_1_75_2_25_T20,mix_1_75_2_25,k=1.25 (75/25: 1/2),4,1.25,20,15,5,0,0.2759519729297608,0.8461538461538461
analcatdata_bankruptcy,50,6,mix_1_75_2_25_T40,mix_1_75_2_25,k=1.25 (75/25: 1/2),4,1.25,40,30,10,0,0.5519039458595216,0.8461538461538461
analcatdata_bankruptcy,50,6,mix_1_75_2_25_T60,mix_1_75_2_25,k=1.25 (75/25: 1/2),4,1.25,60,45,15,0,0.8278559187892824,0.8461538461538461
analcatdata_bankruptcy,50,6,mix_1_75_2_25_T100,mix_1_75_2_25,k=1.25 (75/25: 1/2),4,1.25,100,75,25,0,1.379759864648804,0.8461538461538461
analcatdata_bankruptcy,50,6,mix_1_75_2_25_T200,mix_1_75_2_25,k=1.25 (75/25: 1/2),4,1.25,200,150,50,0,2.759519729297608,0.8461538461538461
analcatdata_bankruptcy,50,6,mix_1_50_2_50_T20,mix_1_50_2_50,k=1.50 (50/50: 1/2),5,1.5,20,10,10,0,0.5170639625284821,0.7692307692307693
analcatdata_bankruptcy,50,6,mix_1_50_2_50_T40,mix_1_50_2_50,k=1.50 (50/50: 1/2),5,1.5,40,20,20,0,1.0341279250569642,0.7692307692307693
analcatdata_bankruptcy,50,6,mix_1_50_2_50_T60,mix_1_50_2_50,k=1.50 (50/50: 1/2),5,1.5,60,30,30,0,1.5511918875854462,0.8461538461538461
analcatdata_bankruptcy,50,6,mix_1_50_2_50_T100,mix_1_50_2_50,k=1.50 (50/50: 1/2),5,1.5,100,50,50,0,2.5853198126424104,0.8461538461538461
analcatdata_bankruptcy,50,6,mix_1_50_2_50_T200,mix_1_50_2_50,k=1.50 (50/50: 1/2),5,1.5,200,100,100,0,5.170639625284821,0.8461538461538461
analcatdata_bankruptcy,50,6,pure_k2_T20,pure_k2,k=2,6,2.0,20,0,20,0,0.9992879417259246,0.7692307692307693
analcatdata_bankruptcy,50,6,pure_k2_T40,pure_k2,k=2,6,2.0,40,0,40,0,1.9985758834518492,0.7692307692307693
analcatdata_bankruptcy,50,6,pure_k2_T60,pure_k2,k=2,6,2.0,60,0,60,0,2.997863825177774,0.7692307692307693
analcatdata_bankruptcy,50,6,pure_k2_T100,pure_k2,k=2,6,2.0,100,0,100,0,4.996439708629623,0.7692307692307693
analcatdata_bankruptcy,50,6,pure_k2_T200,pure_k2,k=2,6,2.0,200,0,200,0,9.992879417259246,0.7692307692307693
analcatdata_bankruptcy,50,6,mix_2_95_3_05_T20,mix_2_95_3_05,k=2.05 (95/5: 2/3),7,2.05,20,0,19,1,3.8173931629746223,0.7692307692307693
analcatdata_bankruptcy,50,6,mix_2_95_3_05_T40,mix_2_95_3_05,k=2.05 (95/5: 2/3),7,2.05,40,0,38,2,7.634786325949245,0.7692307692307693
analcatdata_bankruptcy,50,6,mix_2_95_3_05_T60,mix_2_95_3_05,k=2.05 (95/5: 2/3),7,2.05,60,0,57,3,11.452179488923866,0.7692307692307693
analcatdata_bankruptcy,50,6,mix_2_95_3_05_T100,mix_2_95_3_05,k=2.05 (95/5: 2/3),7,2.05,100,0,95,5,19.08696581487311,0.7692307692307693
analcatdata_bankruptcy,50,6,mix_2_95_3_05_T200,mix_2_95_3_05,k=2.05 (95/5: 2/3),7,2.05,200,0,190,10,38.17393162974622,0.7692307692307693
analcatdata_bankruptcy,50,6,pure_k3_T20,pure_k3,k=3,8,3.0,20,0,0,20,57.361392366699874,0.7692307692307693
analcatdata_bankruptcy,50,6,pure_k3_T40,pure_k3,k=3,8,3.0,40,0,0,40,114.72278473339975,0.7692307692307693
analcatdata_bankruptcy,50,6,pure_k3_T60,pure_k3,k=3,8,3.0,60,0,0,60,172.08417710009962,0.7692307692307693
analcatdata_bankruptcy,50,6,pure_k3_T100,pure_k3,k=3,8,3.0,100,0,0,100,286.8069618334994,0.7692307692307693
analcatdata_bankruptcy,50,6,pure_k3_T200,pure_k3,k=3,8,3.0,200,0,0,200,573.6139236669987,0.7692307692307693
analcatdata_creditscore,100,6,pure_k1_T20,pure_k1,k=1,0,1.0,20,20,0,0,0.022208716720342636,1.0
analcatdata_creditscore,100,6,pure_k1_T40,pure_k1,k=1,0,1.0,40,40,0,0,0.04441743344068527,1.0
analcatdata_creditscore,100,6,pure_k1_T60,pure_k1,k=1,0,1.0,60,60,0,0,0.06662615016102791,1.0
analcatdata_creditscore,100,6,pure_k1_T100,pure_k1,k=1,0,1.0,100,100,0,0,0.11104358360171318,1.0
analcatdata_creditscore,100,6,pure_k1_T200,pure_k1,k=1,0,1.0,200,200,0,0,0.22208716720342636,1.0
analcatdata_creditscore,100,6,mix_1_95_2_05_T20,mix_1_95_2_05,k=1.05 (95/5: 1/2),1,1.05,20,19,1,0,0.06338896984234452,1.0
analcatdata_creditscore,100,6,mix_1_95_2_05_T40,mix_1_95_2_05,k=1.05 (95/5: 1/2),1,1.05,40,38,2,0,0.12677793968468903,1.0
analcatdata_creditscore,100,6,mix_1_95_2_05_T60,mix_1_95_2_05,k=1.05 (95/5: 1/2),1,1.05,60,57,3,0,0.19016690952703358,1.0
analcatdata_creditscore,100,6,mix_1_95_2_05_T100,mix_1_95_2_05,k=1.05 (95/5: 1/2),1,1.05,100,95,5,0,0.3169448492117226,1.0
analcatdata_creditscore,100,6,mix_1_95_2_05_T200,mix_1_95_2_05,k=1.05 (95/5: 1/2),1,1.05,200,190,10,0,0.6338896984234452,1.0
analcatdata_creditscore,100,6,mix_1_90_2_10_T20,mix_1_90_2_10,k=1.10 (90/10: 1/2),2,1.1,20,18,2,0,0.10456922296434641,1.0
analcatdata_creditscore,100,6,mix_1_90_2_10_T40,mix_1_90_2_10,k=1.10 (90/10: 1/2),2,1.1,40,36,4,0,0.20913844592869282,1.0
analcatdata_creditscore,100,6,mix_1_90_2_10_T60,mix_1_90_2_10,k=1.10 (90/10: 1/2),2,1.1,60,54,6,0,0.31370766889303925,1.0
analcatdata_creditscore,100,6,mix_1_90_2_10_T100,mix_1_90_2_10,k=1.10 (90/10: 1/2),2,1.1,100,90,10,0,0.522846114821732,1.0
analcatdata_creditscore,100,6,mix_1_90_2_10_T200,mix_1_90_2_10,k=1.10 (90/10: 1/2),2,1.1,200,180,20,0,1.045692229643464,1.0
analcatdata_creditscore,100,6,mix_1_95_3_05_T20,mix_1_95_3_05,k=1.10 (95/5: 1/3),3,1.1,20,19,0,1,1.4476279215095564,1.0
analcatdata_creditscore,100,6,mix_1_95_3_05_T40,mix_1_95_3_05,k=1.10 (95/5: 1/3),3,1.1,40,38,0,2,2.895255843019113,1.0
analcatdata_creditscore,100,6,mix_1_95_3_05_T60,mix_1_95_3_05,k=1.10 (95/5: 1/3),3,1.1,60,57,0,3,4.342883764528669,1.0
analcatdata_creditscore,100,6,mix_1_95_3_05_T100,mix_1_95_3_05,k=1.10 (95/5: 1/3),3,1.1,100,95,0,5,7.238139607547782,1.0
analcatdata_creditscore,100,6,mix_1_95_3_05_T200,mix_1_95_3_05,k=1.10 (95/5: 1/3),3,1.1,200,190,0,10,14.476279215095564,1.0
analcatdata_creditscore,100,6,mix_1_75_2_25_T20,mix_1_75_2_25,k=1.25 (75/25: 1/2),4,1.25,20,15,5,0,0.22810998233035207,1.0
analcatdata_creditscore,100,6,mix_1_75_2_25_T40,mix_1_75_2_25,k=1.25 (75/25: 1/2),4,1.25,40,30,10,0,0.45621996466070414,1.0
analcatdata_creditscore,100,6,mix_1_75_2_25_T60,mix_1_75_2_25,k=1.25 (75/25: 1/2),4,1.25,60,45,15,0,0.6843299469910562,1.0
analcatdata_creditscore,100,6,mix_1_75_2_25_T100,mix_1_75_2_25,k=1.25 (75/25: 1/2),4,1.25,100,75,25,0,1.1405499116517603,1.0
analcatdata_creditscore,100,6,mix_1_75_2_25_T200,mix_1_75_2_25,k=1.25 (75/25: 1/2),4,1.25,200,150,50,0,2.2810998233035207,1.0
analcatdata_creditscore,100,6,mix_1_50_2_50_T20,mix_1_50_2_50,k=1.50 (50/50: 1/2),5,1.5,20,10,10,0,0.4340112479403615,1.0
analcatdata_creditscore,100,6,mix_1_50_2_50_T40,mix_1_50_2_50,k=1.50 (50/50: 1/2),5,1.5,40,20,20,0,0.868022495880723,1.0
analcatdata_creditscore,100,6,mix_1_50_2_50_T60,mix_1_50_2_50,k=1.50 (50/50: 1/2),5,1.5,60,30,30,0,1.3020337438210845,1.0
analcatdata_creditscore,100,6,mix_1_50_2_50_T100,mix_1_50_2_50,k=1.50 (50/50: 1/2),5,1.5,100,50,50,0,2.1700562397018075,1.0
analcatdata_creditscore,100,6,mix_1_50_2_50_T200,mix_1_50_2_50,k=1.50 (50/50: 1/2),5,1.5,200,100,100,0,4.340112479403615,1.0
analcatdata_creditscore,100,6,pure_k2_T20,pure_k2,k=2,6,2.0,20,0,20,0,0.8458137791603804,1.0
analcatdata_creditscore,100,6,pure_k2_T40,pure_k2,k=2,6,2.0,40,0,40,0,1.6916275583207607,1.0
analcatdata_creditscore,100,6,pure_k2_T60,pure_k2,k=2,6,2.0,60,0,60,0,2.537441337481141,0.96
analcatdata_creditscore,100,6,pure_k2_T100,pure_k2,k=2,6,2.0,100,0,100,0,4.229068895801902,1.0
analcatdata_creditscore,100,6,pure_k2_T200,pure_k2,k=2,6,2.0,200,0,200,0,8.458137791603804,1.0
analcatdata_creditscore,100,6,mix_2_95_3_05_T20,mix_2_95_3_05,k=2.05 (95/5: 2/3),7,2.05,20,0,19,1,2.2300527308275924,1.0
analcatdata_creditscore,100,6,mix_2_95_3_05_T40,mix_2_95_3_05,k=2.05 (95/5: 2/3),7,2.05,40,0,38,2,4.460105461655185,0.96
analcatdata_creditscore,100,6,mix_2_95_3_05_T60,mix_2_95_3_05,k=2.05 (95/5: 2/3),7,2.05,60,0,57,3,6.690158192482777,0.96
analcatdata_creditscore,100,6,mix_2_95_3_05_T100,mix_2_95_3_05,k=2.05 (95/5: 2/3),7,2.05,100,0,95,5,11.150263654137962,1.0
analcatdata_creditscore,100,6,mix_2_95_3_05_T200,mix_2_95_3_05,k=2.05 (95/5: 2/3),7,2.05,200,0,190,10,22.300527308275925,1.0
analcatdata_creditscore,100,6,pure_k3_T20,pure_k3,k=3,8,3.0,20,0,0,20,28.53059281250462,1.0
analcatdata_creditscore,100,6,pure_k3_T40,pure_k3,k=3,8,3.0,40,0,0,40,57.06118562500924,1.0
analcatdata_creditscore,100,6,pure_k3_T60,pure_k3,k=3,8,3.0,60,0,0,60,85.59177843751385,0.96
analcatdata_creditscore,100,6,pure_k3_T100,pure_k3,k=3,8,3.0,100,0,0,100,142.6529640625231,1.0
analcatdata_creditscore,100,6,pure_k3_T200,pure_k3,k=3,8,3.0,200,0,0,200,285.3059281250462,1.0
mux6,128,6,pure_k1_T20,pure_k1,k=1,0,1.0,20,20,0,0,0.028435683296993374,0.90625
mux6,128,6,pure_k1_T40,pure_k1,k=1,0,1.0,40,40,0,0,0.05687136659398675,0.96875
mux6,128,6,pure_k1_T60,pure_k1,k=1,0,1.0,60,60,0,0,0.08530704989098012,0.9375
mux6,128,6,pure_k1_T100,pure_k1,k=1,0,1.0,100,100,0,0,0.14217841648496687,0.875
mux6,128,6,pure_k1_T200,pure_k1,k=1,0,1.0,200,200,0,0,0.28435683296993375,0.875
mux6,128,6,mix_1_95_2_05_T20,mix_1_95_2_05,k=1.05 (95/5: 1/2),1,1.05,20,19,1,0,0.02968293204670772,0.90625
mux6,128,6,mix_1_95_2_05_T40,mix_1_95_2_05,k=1.05 (95/5: 1/2),1,1.05,40,38,2,0,0.05936586409341544,0.96875
mux6,128,6,mix_1_95_2_05_T60,mix_1_95_2_05,k=1.05 (95/5: 1/2),1,1.05,60,57,3,0,0.08904879614012316,0.96875
mux6,128,6,mix_1_95_2_05_T100,mix_1_95_2_05,k=1.05 (95/5: 1/2),1,1.05,100,95,5,0,0.14841466023353858,1.0
mux6,128,6,mix_1_95_2_05_T200,mix_1_95_2_05,k=1.05 (95/5: 1/2),1,1.05,200,190,10,0,0.29682932046707716,1.0
mux6,128,6,mix_1_90_2_10_T20,mix_1_90_2_10,k=1.10 (90/10: 1/2),2,1.1,20,18,2,0,0.030930180796422062,0.90625
mux6,128,6,mix_1_90_2_10_T40,mix_1_90_2_10,k=1.10 (90/10: 1/2),2,1.1,40,36,4,0,0.061860361592844124,1.0
mux6,128,6,mix_1_90_2_10_T60,mix_1_90_2_10,k=1.10 (90/10: 1/2),2,1.1,60,54,6,0,0.09279054238926619,1.0
mux6,128,6,mix_1_90_2_10_T100,mix_1_90_2_10,k=1.10 (90/10: 1/2),2,1.1,100,90,10,0,0.15465090398211032,1.0
mux6,128,6,mix_1_90_2_10_T200,mix_1_90_2_10,k=1.10 (90/10: 1/2),2,1.1,200,180,20,0,0.30930180796422063,1.0
mux6,128,6,mix_1_95_3_05_T20,mix_1_95_3_05,k=1.10 (95/5: 1/3),3,1.1,20,19,0,1,0.03335302600637079,0.90625
mux6,128,6,mix_1_95_3_05_T40,mix_1_95_3_05,k=1.10 (95/5: 1/3),3,1.1,40,38,0,2,0.06670605201274157,0.96875
mux6,128,6,mix_1_95_3_05_T60,mix_1_95_3_05,k=1.10 (95/5: 1/3),3,1.1,60,57,0,3,0.10005907801911235,0.96875
mux6,128,6,mix_1_95_3_05_T100,mix_1_95_3_05,k=1.10 (95/5: 1/3),3,1.1,100,95,0,5,0.1667651300318539,1.0
mux6,128,6,mix_1_95_3_05_T200,mix_1_95_3_05,k=1.10 (95/5: 1/3),3,1.1,200,190,0,10,0.3335302600637078,1.0
mux6,128,6,mix_1_75_2_25_T20,mix_1_75_2_25,k=1.25 (75/25: 1/2),4,1.25,20,15,5,0,0.0346719270455651,1.0
mux6,128,6,mix_1_75_2_25_T40,mix_1_75_2_25,k=1.25 (75/25: 1/2),4,1.25,40,30,10,0,0.0693438540911302,1.0
mux6,128,6,mix_1_75_2_25_T60,mix_1_75_2_25,k=1.25 (75/25: 1/2),4,1.25,60,45,15,0,0.1040157811366953,1.0
mux6,128,6,mix_1_75_2_25_T100,mix_1_75_2_25,k=1.25 (75/25: 1/2),4,1.25,100,75,25,0,0.1733596352278255,1.0
mux6,128,6,mix_1_75_2_25_T200,mix_1_75_2_25,k=1.25 (75/25: 1/2),4,1.25,200,150,50,0,0.346719270455651,1.0
mux6,128,6,mix_1_50_2_50_T20,mix_1_50_2_50,k=1.50 (50/50: 1/2),5,1.5,20,10,10,0,0.04090817079413682,1.0
mux6,128,6,mix_1_50_2_50_T40,mix_1_50_2_50,k=1.50 (50/50: 1/2),5,1.5,40,20,20,0,0.08181634158827364,1.0
mux6,128,6,mix_1_50_2_50_T60,mix_1_50_2_50,k=1.50 (50/50: 1/2),5,1.5,60,30,30,0,0.12272451238241046,1.0
mux6,128,6,mix_1_50_2_50_T100,mix_1_50_2_50,k=1.50 (50/50: 1/2),5,1.5,100,50,50,0,0.2045408539706841,1.0
mux6,128,6,mix_1_50_2_50_T200,mix_1_50_2_50,k=1.50 (50/50: 1/2),5,1.5,200,100,100,0,0.4090817079413682,1.0
mux6,128,6,pure_k2_T20,pure_k2,k=2,6,2.0,20,0,20,0,0.05338065829128027,1.0
mux6,128,6,pure_k2_T40,pure_k2,k=2,6,2.0,40,0,40,0,0.10676131658256054,1.0
mux6,128,6,pure_k2_T60,pure_k2,k=2,6,2.0,60,0,60,0,0.1601419748738408,1.0
mux6,128,6,pure_k2_T100,pure_k2,k=2,6,2.0,100,0,100,0,0.26690329145640135,1.0
mux6,128,6,pure_k2_T200,pure_k2,k=2,6,2.0,200,0,200,0,0.5338065829128027,1.0
mux6,128,6,mix_2_95_3_05_T20,mix_2_95_3_05,k=2.05 (95/5: 2/3),7,2.05,20,0,19,1,0.05705075225094333,1.0
mux6,128,6,mix_2_95_3_05_T40,mix_2_95_3_05,k=2.05 (95/5: 2/3),7,2.05,40,0,38,2,0.11410150450188666,1.0
mux6,128,6,mix_2_95_3_05_T60,mix_2_95_3_05,k=2.05 (95/5: 2/3),7,2.05,60,0,57,3,0.17115225675283,1.0
mux6,128,6,mix_2_95_3_05_T100,mix_2_95_3_05,k=2.05 (95/5: 2/3),7,2.05,100,0,95,5,0.28525376125471663,1.0
mux6,128,6,mix_2_95_3_05_T200,mix_2_95_3_05,k=2.05 (95/5: 2/3),7,2.05,200,0,190,10,0.5705075225094333,1.0
mux6,128,6,pure_k3_T20,pure_k3,k=3,8,3.0,20,0,0,20,0.12678253748454155,1.0
mux6,128,6,pure_k3_T40,pure_k3,k=3,8,3.0,40,0,0,40,0.2535650749690831,1.0
mux6,128,6,pure_k3_T60,pure_k3,k=3,8,3.0,60,0,0,60,0.3803476124536246,1.0
mux6,128,6,pure_k3_T100,pure_k3,k=3,8,3.0,100,0,0,100,0.6339126874227077,1.0
mux6,128,6,pure_k3_T200,pure_k3,k=3,8,3.0,200,0,0,200,1.2678253748454154,1.0
corral,160,6,pure_k1_T20,pure_k1,k=1,0,1.0,20,20,0,0,0.042492249980568886,0.775
corral,160,6,pure_k1_T40,pure_k1,k=1,0,1.0,40,40,0,0,0.08498449996113777,0.775
corral,160,6,pure_k1_T60,pure_k1,k=1,0,1.0,60,60,0,0,0.12747674994170666,0.775
corral,160,6,pure_k1_T100,pure_k1,k=1,0,1.0,100,100,0,0,0.21246124990284443,0.775
corral,160,6,pure_k1_T200,pure_k1,k=1,0,1.0,200,200,0,0,0.42492249980568886,0.775
corral,160,6,mix_1_95_2_05_T20,mix_1_95_2_05,k=1.05 (95/5: 1/2),1,1.05,20,19,1,0,0.04353333123028279,0.8
corral,160,6,mix_1_95_2_05_T40,mix_1_95_2_05,k=1.05 (95/5: 1/2),1,1.05,40,38,2,0,0.08706666246056557,0.775
corral,160,6,mix_1_95_2_05_T60,mix_1_95_2_05,k=1.05 (95/5: 1/2),1,1.05,60,57,3,0,0.13059999369084835,0.775
corral,160,6,mix_1_95_2_05_T100,mix_1_95_2_05,k=1.05 (95/5: 1/2),1,1.05,100,95,5,0,0.21766665615141392,0.775
corral,160,6,mix_1_95_2_05_T200,mix_1_95_2_05,k=1.05 (95/5: 1/2),1,1.05,200,190,10,0,0.43533331230282785,0.775
corral,160,6,mix_1_90_2_10_T20,mix_1_90_2_10,k=1.10 (90/10: 1/2),2,1.1,20,18,2,0,0.04457441247999668,0.8
corral,160,6,mix_1_90_2_10_T40,mix_1_90_2_10,k=1.10 (90/10: 1/2),2,1.1,40,36,4,0,0.08914882495999336,0.775
corral,160,6,mix_1_90_2_10_T60,mix_1_90_2_10,k=1.10 (90/10: 1/2),2,1.1,60,54,6,0,0.13372323743999004,0.775
corral,160,6,mix_1_90_2_10_T100,mix_1_90_2_10,k=1.10 (90/10: 1/2),2,1.1,100,90,10,0,0.22287206239998342,0.775
corral,160,6,mix_1_90_2_10_T200,mix_1_90_2_10,k=1.10 (90/10: 1/2),2,1.1,200,180,20,0,0.44574412479996683,0.775
corral,160,6,mix_1_95_3_05_T20,mix_1_95_3_05,k=1.10 (95/5: 1/3),3,1.1,20,19,0,1,0.047003364770207556,0.775
corral,160,6,mix_1_95_3_05_T40,mix_1_95_3_05,k=1.10 (95/5: 1/3),3,1.1,40,38,0,2,0.09400672954041511,0.775
corral,160,6,mix_1_95_3_05_T60,mix_1_95_3_05,k=1.10 (95/5: 1/3),3,1.1,60,57,0,3,0.14101009431062267,0.775
corral,160,6,mix_1_95_3_05_T100,mix_1_95_3_05,k=1.10 (95/5: 1/3),3,1.1,100,95,0,5,0.23501682385103778,0.775
corral,160,6,mix_1_95_3_05_T200,mix_1_95_3_05,k=1.10 (95/5: 1/3),3,1.1,200,190,0,10,0.47003364770207556,0.775
corral,160,6,mix_1_75_2_25_T20,mix_1_75_2_25,k=1.25 (75/25: 1/2),4,1.25,20,15,5,0,0.04769765622913837,0.85
corral,160,6,mix_1_75_2_25_T40,mix_1_75_2_25,k=1.25 (75/25: 1/2),4,1.25,40,30,10,0,0.09539531245827675,0.85
corral,160,6,mix_1_75_2_25_T60,mix_1_75_2_25,k=1.25 (75/25: 1/2),4,1.25,60,45,15,0,0.1430929686874151,0.85
corral,160,6,mix_1_75_2_25_T100,mix_1_75_2_25,k=1.25 (75/25: 1/2),4,1.25,100,75,25,0,0.23848828114569187,0.875
corral,160,6,mix_1_75_2_25_T200,mix_1_75_2_25,k=1.25 (75/25: 1/2),4,1.25,200,150,50,0,0.47697656229138374,0.85
corral,160,6,mix_1_50_2_50_T20,mix_1_50_2_50,k=1.50 (50/50: 1/2),5,1.5,20,10,10,0,0.05290306247770786,0.95
corral,160,6,mix_1_50_2_50_T40,mix_1_50_2_50,k=1.50 (50/50: 1/2),5,1.5,40,20,20,0,0.10580612495541572,0.95
corral,160,6,mix_1_50_2_50_T60,mix_1_50_2_50,k=1.50 (50/50: 1/2),5,1.5,60,30,30,0,0.1587091874331236,0.95
corral,160,6,mix_1_50_2_50_T100,mix_1_50_2_50,k=1.50 (50/50: 1/2),5,1.5,100,50,50,0,0.2645153123885393,0.95
corral,160,6,mix_1_50_2_50_T200,mix_1_50_2_50,k=1.50 (50/50: 1/2),5,1.5,200,100,100,0,0.5290306247770786,0.95
corral,160,6,pure_k2_T20,pure_k2,k=2,6,2.0,20,0,20,0,0.06331387497484683,1.0
corral,160,6,pure_k2_T40,pure_k2,k=2,6,2.0,40,0,40,0,0.12662774994969367,1.0
corral,160,6,pure_k2_T60,pure_k2,k=2,6,2.0,60,0,60,0,0.18994162492454053,1.0
corral,160,6,pure_k2_T100,pure_k2,k=2,6,2.0,100,0,100,0,0.3165693748742342,1.0
corral,160,6,pure_k2_T200,pure_k2,k=2,6,2.0,200,0,200,0,0.6331387497484684,1.0
corral,160,6,mix_2_95_3_05_T20,mix_2_95_3_05,k=2.05 (95/5: 2/3),7,2.05,20,0,19,1,0.06678390851477162,1.0
corral,160,6,mix_2_95_3_05_T40,mix_2_95_3_05,k=2.05 (95/5: 2/3),7,2.05,40,0,38,2,0.13356781702954323,1.0
corral,160,6,mix_2_95_3_05_T60,mix_2_95_3_05,k=2.05 (95/5: 2/3),7,2.05,60,0,57,3,0.20035172554431485,1.0
corral,160,6,mix_2_95_3_05_T100,mix_2_95_3_05,k=2.05 (95/5: 2/3),7,2.05,100,0,95,5,0.3339195425738581,1.0
corral,160,6,mix_2_95_3_05_T200,mix_2_95_3_05,k=2.05 (95/5: 2/3),7,2.05,200,0,190,10,0.6678390851477162,1.0
corral,160,6,pure_k3_T20,pure_k3,k=3,8,3.0,20,0,0,20,0.13271454577334224,0.925
corral,160,6,pure_k3_T40,pure_k3,k=3,8,3.0,40,0,0,40,0.2654290915466845,0.925
corral,160,6,pure_k3_T60,pure_k3,k=3,8,3.0,60,0,0,60,0.3981436373200268,0.925
corral,160,6,pure_k3_T100,pure_k3,k=3,8,3.0,100,0,0,100,0.6635727288667113,0.925
corral,160,6,pure_k3_T200,pure_k3,k=3,8,3.0,200,0,0,200,1.3271454577334225,0.925
monk3,554,6,pure_k1_T20,pure_k1,k=1,0,1.0,20,20,0,0,0.044013866735622284,0.9712230215827338
monk3,554,6,pure_k1_T40,pure_k1,k=1,0,1.0,40,40,0,0,0.08802773347124457,0.9712230215827338
monk3,554,6,pure_k1_T60,pure_k1,k=1,0,1.0,60,60,0,0,0.13204160020686687,0.9712230215827338
monk3,554,6,pure_k1_T100,pure_k1,k=1,0,1.0,100,100,0,0,0.22006933367811143,0.9712230215827338
monk3,554,6,pure_k1_T200,pure_k1,k=1,0,1.0,200,200,0,0,0.44013866735622287,0.9712230215827338
monk3,554,6,mix_1_95_2_05_T20,mix_1_95_2_05,k=1.05 (95/5: 1/2),1,1.05,20,19,1,0,0.04973719256930053,0.9712230215827338
monk3,554,6,mix_1_95_2_05_T40,mix_1_95_2_05,k=1.05 (95/5: 1/2),1,1.05,40,38,2,0,0.09947438513860106,0.9712230215827338
monk3,554,6,mix_1_95_2_05_T60,mix_1_95_2_05,k=1.05 (95/5: 1/2),1,1.05,60,57,3,0,0.1492115777079016,0.9712230215827338
monk3,554,6,mix_1_95_2_05_T100,mix_1_95_2_05,k=1.05 (95/5: 1/2),1,1.05,100,95,5,0,0.24868596284650268,0.9712230215827338
monk3,554,6,mix_1_95_2_05_T200,mix_1_95_2_05,k=1.05 (95/5: 1/2),1,1.05,200,190,10,0,0.49737192569300537,0.9712230215827338
monk3,554,6,mix_1_90_2_10_T20,mix_1_90_2_10,k=1.10 (90/10: 1/2),2,1.1,20,18,2,0,0.055460518402978776,0.9712230215827338
monk3,554,6,mix_1_90_2_10_T40,mix_1_90_2_10,k=1.10 (90/10: 1/2),2,1.1,40,36,4,0,0.11092103680595755,0.9712230215827338
monk3,554,6,mix_1_90_2_10_T60,mix_1_90_2_10,k=1.10 (90/10: 1/2),2,1.1,60,54,6,0,0.16638155520893633,0.9712230215827338
monk3,554,6,mix_1_90_2_10_T100,mix_1_90_2_10,k=1.10 (90/10: 1/2),2,1.1,100,90,10,0,0.2773025920148939,0.9712230215827338
monk3,554,6,mix_1_90_2_10_T200,mix_1_90_2_10,k=1.10 (90/10: 1/2),2,1.1,200,180,20,0,0.5546051840297878,0.9712230215827338
monk3,554,6,mix_1_95_3_05_T20,mix_1_95_3_05,k=1.10 (95/5: 1/3),3,1.1,20,19,0,1,0.07937209339812398,0.9856115107913669
monk3,554,6,mix_1_95_3_05_T40,mix_1_95_3_05,k=1.10 (95/5: 1/3),3,1.1,40,38,0,2,0.15874418679624797,0.9712230215827338
monk3,554,6,mix_1_95_3_05_T60,mix_1_95_3_05,k=1.10 (95/5: 1/3),3,1.1,60,57,0,3,0.23811628019437192,0.9712230215827338
monk3,554,6,mix_1_95_3_05_T100,mix_1_95_3_05,k=1.10 (95/5: 1/3),3,1.1,100,95,0,5,0.39686046699061994,0.9712230215827338
monk3,554,6,mix_1_95_3_05_T200,mix_1_95_3_05,k=1.10 (95/5: 1/3),3,1.1,200,190,0,10,0.7937209339812399,0.9712230215827338
monk3,554,6,mix_1_75_2_25_T20,mix_1_75_2_25,k=1.25 (75/25: 1/2),4,1.25,20,15,5,0,0.07263049590401352,0.9712230215827338
monk3,554,6,mix_1_75_2_25_T40,mix_1_75_2_25,k=1.25 (75/25: 1/2),4,1.25,40,30,10,0,0.14526099180802704,0.9712230215827338
monk3,554,6,mix_1_75_2_25_T60,mix_1_75_2_25,k=1.25 (75/25: 1/2),4,1.25,60,45,15,0,0.21789148771204053,0.9712230215827338
monk3,554,6,mix_1_75_2_25_T100,mix_1_75_2_25,k=1.25 (75/25: 1/2),4,1.25,100,75,25,0,0.3631524795200676,0.9712230215827338
monk3,554,6,mix_1_75_2_25_T200,mix_1_75_2_25,k=1.25 (75/25: 1/2),4,1.25,200,150,50,0,0.7263049590401351,0.9712230215827338
monk3,554,6,mix_1_50_2_50_T20,mix_1_50_2_50,k=1.50 (50/50: 1/2),5,1.5,20,10,10,0,0.10124712507240474,0.9712230215827338
monk3,554,6,mix_1_50_2_50_T40,mix_1_50_2_50,k=1.50 (50/50: 1/2),5,1.5,40,20,20,0,0.20249425014480948,0.9712230215827338
monk3,554,6,mix_1_50_2_50_T60,mix_1_50_2_50,k=1.50 (50/50: 1/2),5,1.5,60,30,30,0,0.3037413752172142,0.9712230215827338
monk3,554,6,mix_1_50_2_50_T100,mix_1_50_2_50,k=1.50 (50/50: 1/2),5,1.5,100,50,50,0,0.5062356253620237,0.9712230215827338
monk3,554,6,mix_1_50_2_50_T200,mix_1_50_2_50,k=1.50 (50/50: 1/2),5,1.5,200,100,100,0,1.0124712507240474,0.9712230215827338
monk3,554,6,pure_k2_T20,pure_k2,k=2,6,2.0,20,0,20,0,0.1584803834091872,0.9712230215827338
monk3,554,6,pure_k2_T40,pure_k2,k=2,6,2.0,40,0,40,0,0.3169607668183744,0.9856115107913669
monk3,554,6,pure_k2_T60,pure_k2,k=2,6,2.0,60,0,60,0,0.4754411502275616,0.9856115107913669
monk3,554,6,pure_k2_T100,pure_k2,k=2,6,2.0,100,0,100,0,0.792401917045936,0.9856115107913669
monk3,554,6,pure_k2_T200,pure_k2,k=2,6,2.0,200,0,200,0,1.584803834091872,0.9856115107913669
monk3,554,6,mix_2_95_3_05_T20,mix_2_95_3_05,k=2.05 (95/5: 2/3),7,2.05,20,0,19,1,0.18811528423801066,0.9856115107913669
monk3,554,6,mix_2_95_3_05_T40,mix_2_95_3_05,k=2.05 (95/5: 2/3),7,2.05,40,0,38,2,0.3762305684760213,0.9856115107913669
monk3,554,6,mix_2_95_3_05_T60,mix_2_95_3_05,k=2.05 (95/5: 2/3),7,2.05,60,0,57,3,0.5643458527140319,0.9856115107913669
monk3,554,6,mix_2_95_3_05_T100,mix_2_95_3_05,k=2.05 (95/5: 2/3),7,2.05,100,0,95,5,0.9405764211900532,0.9856115107913669
monk3,554,6,mix_2_95_3_05_T200,mix_2_95_3_05,k=2.05 (95/5: 2/3),7,2.05,200,0,190,10,1.8811528423801065,0.9856115107913669
monk3,554,6,pure_k3_T20,pure_k3,k=3,8,3.0,20,0,0,20,0.7511783999856562,0.9856115107913669
monk3,554,6,pure_k3_T40,pure_k3,k=3,8,3.0,40,0,0,40,1.5023567999713123,0.9856115107913669
monk3,554,6,pure_k3_T60,pure_k3,k=3,8,3.0,60,0,0,60,2.2535351999569686,0.9856115107913669
monk3,554,6,pure_k3_T100,pure_k3,k=3,8,3.0,100,0,0,100,3.7558919999282807,0.9856115107913669
monk3,554,6,pure_k3_T200,pure_k3,k=3,8,3.0,200,0,0,200,7.511783999856561,0.9856115107913669
monk1,556,6,pure_k1_T20,pure_k1,k=1,0,1.0,20,20,0,0,0.03977243746630847,0.7697841726618705
monk1,556,6,pure_k1_T40,pure_k1,k=1,0,1.0,40,40,0,0,0.07954487493261694,0.7985611510791367
monk1,556,6,pure_k1_T60,pure_k1,k=1,0,1.0,60,60,0,0,0.11931731239892543,0.8057553956834532
monk1,556,6,pure_k1_T100,pure_k1,k=1,0,1.0,100,100,0,0,0.19886218733154237,0.7985611510791367
monk1,556,6,pure_k1_T200,pure_k1,k=1,0,1.0,200,200,0,0,0.39772437466308475,0.8057553956834532
monk1,556,6,mix_1_95_2_05_T20,mix_1_95_2_05,k=1.05 (95/5: 1/2),1,1.05,20,19,1,0,0.04497288913466036,0.762589928057554
monk1,556,6,mix_1_95_2_05_T40,mix_1_95_2_05,k=1.05 (95/5: 1/2),1,1.05,40,38,2,0,0.08994577826932072,0.7985611510791367
monk1,556,6,mix_1_95_2_05_T60,mix_1_95_2_05,k=1.05 (95/5: 1/2),1,1.05,60,57,3,0,0.1349186674039811,0.7913669064748201
monk1,556,6,mix_1_95_2_05_T100,mix_1_95_2_05,k=1.05 (95/5: 1/2),1,1.05,100,95,5,0,0.22486444567330183,0.8057553956834532
monk1,556,6,mix_1_95_2_05_T200,mix_1_95_2_05,k=1.05 (95/5: 1/2),1,1.05,200,190,10,0,0.44972889134660365,0.8057553956834532
monk1,556,6,mix_1_90_2_10_T20,mix_1_90_2_10,k=1.10 (90/10: 1/2),2,1.1,20,18,2,0,0.05017334080301225,0.7769784172661871
monk1,556,6,mix_1_90_2_10_T40,mix_1_90_2_10,k=1.10 (90/10: 1/2),2,1.1,40,36,4,0,0.1003466816060245,0.8057553956834532
monk1,556,6,mix_1_90_2_10_T60,mix_1_90_2_10,k=1.10 (90/10: 1/2),2,1.1,60,54,6,0,0.15052002240903675,0.8489208633093526
monk1,556,6,mix_1_90_2_10_T100,mix_1_90_2_10,k=1.10 (90/10: 1/2),2,1.1,100,90,10,0,0.2508667040150613,0.8273381294964028
monk1,556,6,mix_1_90_2_10_T200,mix_1_90_2_10,k=1.10 (90/10: 1/2),2,1.1,200,180,20,0,0.5017334080301226,0.8057553956834532
monk1,556,6,mix_1_95_3_05_T20,mix_1_95_3_05,k=1.10 (95/5: 1/3),3,1.1,20,19,0,1,0.07297338913194834,0.7913669064748201
monk1,556,6,mix_1_95_3_05_T40,mix_1_95_3_05,k=1.10 (95/5: 1/3),3,1.1,40,38,0,2,0.14594677826389668,0.8057553956834532
monk1,556,6,mix_1_95_3_05_T60,mix_1_95_3_05,k=1.10 (95/5: 1/3),3,1.1,60,57,0,3,0.21892016739584505,0.8129496402877698
monk1,556,6,mix_1_95_3_05_T100,mix_1_95_3_05,k=1.10 (95/5: 1/3),3,1.1,100,95,0,5,0.36486694565974176,0.8201438848920863
monk1,556,6,mix_1_95_3_05_T200,mix_1_95_3_05,k=1.10 (95/5: 1/3),3,1.1,200,190,0,10,0.7297338913194835,0.8129496402877698
monk1,556,6,mix_1_75_2_25_T20,mix_1_75_2_25,k=1.25 (75/25: 1/2),4,1.25,20,15,5,0,0.06577469580806791,0.8345323741007195
monk1,556,6,mix_1_75_2_25_T40,mix_1_75_2_25,k=1.25 (75/25: 1/2),4,1.25,40,30,10,0,0.13154939161613582,0.8633093525179856
monk1,556,6,mix_1_75_2_25_T60,mix_1_75_2_25,k=1.25 (75/25: 1/2),4,1.25,60,45,15,0,0.19732408742420376,0.841726618705036
monk1,556,6,mix_1_75_2_25_T100,mix_1_75_2_25,k=1.25 (75/25: 1/2),4,1.25,100,75,25,0,0.3288734790403396,0.8633093525179856
monk1,556,6,mix_1_75_2_25_T200,mix_1_75_2_25,k=1.25 (75/25: 1/2),4,1.25,200,150,50,0,0.6577469580806792,0.8561151079136691
monk1,556,6,mix_1_50_2_50_T20,mix_1_50_2_50,k=1.50 (50/50: 1/2),5,1.5,20,10,10,0,0.09177695414982737,0.8705035971223022
monk1,556,6,mix_1_50_2_50_T40,mix_1_50_2_50,k=1.50 (50/50: 1/2),5,1.5,40,20,20,0,0.18355390829965473,0.8705035971223022
monk1,556,6,mix_1_50_2_50_T60,mix_1_50_2_50,k=1.50 (50/50: 1/2),5,1.5,60,30,30,0,0.27533086244948207,0.8633093525179856
monk1,556,6,mix_1_50_2_50_T100,mix_1_50_2_50,k=1.50 (50/50: 1/2),5,1.5,100,50,50,0,0.4588847707491368,0.8633093525179856
monk1,556,6,mix_1_50_2_50_T200,mix_1_50_2_50,k=1.50 (50/50: 1/2),5,1.5,200,100,100,0,0.9177695414982736,0.8633093525179856
monk1,556,6,pure_k2_T20,pure_k2,k=2,6,2.0,20,0,20,0,0.14378147083334625,0.9136690647482014
monk1,556,6,pure_k2_T40,pure_k2,k=2,6,2.0,40,0,40,0,0.2875629416666925,0.8920863309352518
monk1,556,6,pure_k2_T60,pure_k2,k=2,6,2.0,60,0,60,0,0.43134441250003874,0.8920863309352518
monk1,556,6,pure_k2_T100,pure_k2,k=2,6,2.0,100,0,100,0,0.7189073541667312,0.9136690647482014
monk1,556,6,pure_k2_T200,pure_k2,k=2,6,2.0,200,0,200,0,1.4378147083334625,0.920863309352518
monk1,556,6,mix_2_95_3_05_T20,mix_2_95_3_05,k=2.05 (95/5: 2/3),7,2.05,20,0,19,1,0.17178197083063423,0.9136690647482014
monk1,556,6,mix_2_95_3_05_T40,mix_2_95_3_05,k=2.05 (95/5: 2/3),7,2.05,40,0,38,2,0.34356394166126847,0.8920863309352518
monk1,556,6,mix_2_95_3_05_T60,mix_2_95_3_05,k=2.05 (95/5: 2/3),7,2.05,60,0,57,3,0.5153459124919026,0.8920863309352518
monk1,556,6,mix_2_95_3_05_T100,mix_2_95_3_05,k=2.05 (95/5: 2/3),7,2.05,100,0,95,5,0.8589098541531712,0.8920863309352518
monk1,556,6,mix_2_95_3_05_T200,mix_2_95_3_05,k=2.05 (95/5: 2/3),7,2.05,200,0,190,10,1.7178197083063425,0.920863309352518
monk1,556,6,pure_k3_T20,pure_k3,k=3,8,3.0,20,0,0,20,0.703791470779106,0.9064748201438849
monk1,556,6,pure_k3_T40,pure_k3,k=3,8,3.0,40,0,0,40,1.407582941558212,0.9064748201438849
monk1,556,6,pure_k3_T60,pure_k3,k=3,8,3.0,60,0,0,60,2.111374412337318,0.9064748201438849
monk1,556,6,pure_k3_T100,pure_k3,k=3,8,3.0,100,0,0,100,3.51895735389553,0.9064748201438849
monk1,556,6,pure_k3_T200,pure_k3,k=3,8,3.0,200,0,0,200,7.03791470779106,0.9064748201438849
monk2,601,6,pure_k1_T20,pure_k1,k=1,0,1.0,20,20,0,0,0.04009220828302205,0.6622516556291391
monk2,601,6,pure_k1_T40,pure_k1,k=1,0,1.0,40,40,0,0,0.0801844165660441,0.6688741721854304
monk2,601,6,pure_k1_T60,pure_k1,k=1,0,1.0,60,60,0,0,0.12027662484906614,0.6688741721854304
monk2,601,6,pure_k1_T100,pure_k1,k=1,0,1.0,100,100,0,0,0.20046104141511023,0.6622516556291391
monk2,601,6,pure_k1_T200,pure_k1,k=1,0,1.0,200,200,0,0,0.40092208283022046,0.6622516556291391
monk2,601,6,mix_1_95_2_05_T20,mix_1_95_2_05,k=1.05 (95/5: 1/2),1,1.05,20,19,1,0,0.04552811224479228,0.6688741721854304
monk2,601,6,mix_1_95_2_05_T40,mix_1_95_2_05,k=1.05 (95/5: 1/2),1,1.05,40,38,2,0,0.09105622448958456,0.6622516556291391
monk2,601,6,mix_1_95_2_05_T60,mix_1_95_2_05,k=1.05 (95/5: 1/2),1,1.05,60,57,3,0,0.13658433673437684,0.6688741721854304
monk2,601,6,mix_1_95_2_05_T100,mix_1_95_2_05,k=1.05 (95/5: 1/2),1,1.05,100,95,5,0,0.22764056122396142,0.6622516556291391
monk2,601,6,mix_1_95_2_05_T200,mix_1_95_2_05,k=1.05 (95/5: 1/2),1,1.05,200,190,10,0,0.45528112244792285,0.6688741721854304
monk2,601,6,mix_1_90_2_10_T20,mix_1_90_2_10,k=1.10 (90/10: 1/2),2,1.1,20,18,2,0,0.05096401620656252,0.6556291390728477
monk2,601,6,mix_1_90_2_10_T40,mix_1_90_2_10,k=1.10 (90/10: 1/2),2,1.1,40,36,4,0,0.10192803241312504,0.6490066225165563
monk2,601,6,mix_1_90_2_10_T60,mix_1_90_2_10,k=1.10 (90/10: 1/2),2,1.1,60,54,6,0,0.15289204861968755,0.6688741721854304
monk2,601,6,mix_1_90_2_10_T100,mix_1_90_2_10,k=1.10 (90/10: 1/2),2,1.1,100,90,10,0,0.2548200810328126,0.6490066225165563
monk2,601,6,mix_1_90_2_10_T200,mix_1_90_2_10,k=1.10 (90/10: 1/2),2,1.1,200,180,20,0,0.5096401620656252,0.6688741721854304
monk2,601,6,mix_1_95_3_05_T20,mix_1_95_3_05,k=1.10 (95/5: 1/3),3,1.1,20,19,0,1,0.07252162224380299,0.6688741721854304
monk2,601,6,mix_1_95_3_05_T40,mix_1_95_3_05,k=1.10 (95/5: 1/3),3,1.1,40,38,0,2,0.14504324448760597,0.6622516556291391
monk2,601,6,mix_1_95_3_05_T60,mix_1_95_3_05,k=1.10 (95/5: 1/3),3,1.1,60,57,0,3,0.21756486673140898,0.6688741721854304
monk2,601,6,mix_1_95_3_05_T100,mix_1_95_3_05,k=1.10 (95/5: 1/3),3,1.1,100,95,0,5,0.36260811121901493,0.6622516556291391
monk2,601,6,mix_1_95_3_05_T200,mix_1_95_3_05,k=1.10 (95/5: 1/3),3,1.1,200,190,0,10,0.7252162224380299,0.6622516556291391
monk2,601,6,mix_1_75_2_25_T20,mix_1_75_2_25,k=1.25 (75/25: 1/2),4,1.25,20,15,5,0,0.06727172809187323,0.6490066225165563
monk2,601,6,mix_1_75_2_25_T40,mix_1_75_2_25,k=1.25 (75/25: 1/2),4,1.25,40,30,10,0,0.13454345618374647,0.6490066225165563
monk2,601,6,mix_1_75_2_25_T60,mix_1_75_2_25,k=1.25 (75/25: 1/2),4,1.25,60,45,15,0,0.20181518427561967,0.6490066225165563
monk2,601,6,mix_1_75_2_25_T100,mix_1_75_2_25,k=1.25 (75/25: 1/2),4,1.25,100,75,25,0,0.33635864045936614,0.6490066225165563
monk2,601,6,mix_1_75_2_25_T200,mix_1_75_2_25,k=1.25 (75/25: 1/2),4,1.25,200,150,50,0,0.6727172809187323,0.6490066225165563
monk2,601,6,mix_1_50_2_50_T20,mix_1_50_2_50,k=1.50 (50/50: 1/2),5,1.5,20,10,10,0,0.09445124790072441,0.6423841059602649
monk2,601,6,mix_1_50_2_50_T40,mix_1_50_2_50,k=1.50 (50/50: 1/2),5,1.5,40,20,20,0,0.18890249580144883,0.6622516556291391
monk2,601,6,mix_1_50_2_50_T60,mix_1_50_2_50,k=1.50 (50/50: 1/2),5,1.5,60,30,30,0,0.2833537437021732,0.6556291390728477
monk2,601,6,mix_1_50_2_50_T100,mix_1_50_2_50,k=1.50 (50/50: 1/2),5,1.5,100,50,50,0,0.47225623950362206,0.6490066225165563
monk2,601,6,mix_1_50_2_50_T200,mix_1_50_2_50,k=1.50 (50/50: 1/2),5,1.5,200,100,100,0,0.9445124790072441,0.6490066225165563
monk2,601,6,pure_k2_T20,pure_k2,k=2,6,2.0,20,0,20,0,0.1488102875184268,0.695364238410596
monk2,601,6,pure_k2_T40,pure_k2,k=2,6,2.0,40,0,40,0,0.2976205750368536,0.6556291390728477
monk2,601,6,pure_k2_T60,pure_k2,k=2,6,2.0,60,0,60,0,0.4464308625552803,0.6556291390728477
monk2,601,6,pure_k2_T100,pure_k2,k=2,6,2.0,100,0,100,0,0.7440514375921339,0.6556291390728477
monk2,601,6,pure_k2_T200,pure_k2,k=2,6,2.0,200,0,200,0,1.4881028751842678,0.6556291390728477
monk2,601,6,mix_2_95_3_05_T20,mix_2_95_3_05,k=2.05 (95/5: 2/3),7,2.05,20,0,19,1,0.17580379751743747,0.6688741721854304
monk2,601,6,mix_2_95_3_05_T40,mix_2_95_3_05,k=2.05 (95/5: 2/3),7,2.05,40,0,38,2,0.35160759503487493,0.6622516556291391
monk2,601,6,mix_2_95_3_05_T60,mix_2_95_3_05,k=2.05 (95/5: 2/3),7,2.05,60,0,57,3,0.5274113925523124,0.6556291390728477
monk2,601,6,mix_2_95_3_05_T100,mix_2_95_3_05,k=2.05 (95/5: 2/3),7,2.05,100,0,95,5,0.8790189875871874,0.6556291390728477
monk2,601,6,mix_2_95_3_05_T200,mix_2_95_3_05,k=2.05 (95/5: 2/3),7,2.05,200,0,190,10,1.7580379751743749,0.6622516556291391
monk2,601,6,pure_k3_T20,pure_k3,k=3,8,3.0,20,0,0,20,0.688680487498641,0.6754966887417219
monk2,601,6,pure_k3_T40,pure_k3,k=3,8,3.0,40,0,0,40,1.377360974997282,0.6688741721854304
monk2,601,6,pure_k3_T60,pure_k3,k=3,8,3.0,60,0,0,60,2.066041462495923,0.6754966887417219
monk2,601,6,pure_k3_T100,pure_k3,k=3,8,3.0,100,0,0,100,3.443402437493205,0.6821192052980133
monk2,601,6,pure_k3_T200,pure_k3,k=3,8,3.0,200,0,0,200,6.88680487498641,0.6688741721854304
appendicitis,106,7,pure_k1_T20,pure_k1,k=1,0,1.0,20,20,0,0,0.06930527091026306,0.7777777777777778
appendicitis,106,7,pure_k1_T40,pure_k1,k=1,0,1.0,40,40,0,0,0.13861054182052612,0.7777777777777778
appendicitis,106,7,pure_k1_T60,pure_k1,k=1,0,1.0,60,60,0,0,0.20791581273078918,0.7777777777777778
appendicitis,106,7,pure_k1_T100,pure_k1,k=1,0,1.0,100,100,0,0,0.3465263545513153,0.7777777777777778
appendicitis,106,7,pure_k1_T200,pure_k1,k=1,0,1.0,200,200,0,0,0.6930527091026306,0.7777777777777778
appendicitis,106,7,mix_1_95_2_05_T20,mix_1_95_2_05,k=1.05 (95/5: 1/2),1,1.05,20,19,1,0,0.42294966653455046,0.7777777777777778
appendicitis,106,7,mix_1_95_2_05_T40,mix_1_95_2_05,k=1.05 (95/5: 1/2),1,1.05,40,38,2,0,0.8458993330691009,0.7777777777777778
appendicitis,106,7,mix_1_95_2_05_T60,mix_1_95_2_05,k=1.05 (95/5: 1/2),1,1.05,60,57,3,0,1.2688489996036514,0.7777777777777778
appendicitis,106,7,mix_1_95_2_05_T100,mix_1_95_2_05,k=1.05 (95/5: 1/2),1,1.05,100,95,5,0,2.1147483326727525,0.7777777777777778
appendicitis,106,7,mix_1_95_2_05_T200,mix_1_95_2_05,k=1.05 (95/5: 1/2),1,1.05,200,190,10,0,4.229496665345505,0.7777777777777778
appendicitis,106,7,mix_1_90_2_10_T20,mix_1_90_2_10,k=1.10 (90/10: 1/2),2,1.1,20,18,2,0,0.776594062158838,0.7777777777777778
appendicitis,106,7,mix_1_90_2_10_T40,mix_1_90_2_10,k=1.10 (90/10: 1/2),2,1.1,40,36,4,0,1.553188124317676,0.7777777777777778
appendicitis,106,7,mix_1_90_2_10_T60,mix_1_90_2_10,k=1.10 (90/10: 1/2),2,1.1,60,54,6,0,2.3297821864765136,0.7777777777777778
appendicitis,106,7,mix_1_90_2_10_T100,mix_1_90_2_10,k=1.10 (90/10: 1/2),2,1.1,100,90,10,0,3.8829703107941897,0.7777777777777778
appendicitis,106,7,mix_1_90_2_10_T200,mix_1_90_2_10,k=1.10 (90/10: 1/2),2,1.1,200,180,20,0,7.7659406215883795,0.7777777777777778
appendicitis,106,7,mix_1_95_3_05_T20,mix_1_95_3_05,k=1.10 (95/5: 1/3),3,1.1,20,19,0,1,37.10509743819246,0.7777777777777778
appendicitis,106,7,mix_1_95_3_05_T40,mix_1_95_3_05,k=1.10 (95/5: 1/3),3,1.1,40,38,0,2,74.21019487638492,0.7777777777777778
appendicitis,106,7,mix_1_95_3_05_T60,mix_1_95_3_05,k=1.10 (95/5: 1/3),3,1.1,60,57,0,3,111.31529231457739,0.7777777777777778
appendicitis,106,7,mix_1_95_3_05_T100,mix_1_95_3_05,k=1.10 (95/5: 1/3),3,1.1,100,95,0,5,185.5254871909623,0.7777777777777778
appendicitis,106,7,mix_1_95_3_05_T200,mix_1_95_3_05,k=1.10 (95/5: 1/3),3,1.1,200,190,0,10,371.0509743819246,0.7777777777777778
appendicitis,106,7,mix_1_75_2_25_T20,mix_1_75_2_25,k=1.25 (75/25: 1/2),4,1.25,20,15,5,0,1.8375272490317003,0.7777777777777778
appendicitis,106,7,mix_1_75_2_25_T40,mix_1_75_2_25,k=1.25 (75/25: 1/2),4,1.25,40,30,10,0,3.6750544980634006,0.7777777777777778
appendicitis,106,7,mix_1_75_2_25_T60,mix_1_75_2_25,k=1.25 (75/25: 1/2),4,1.25,60,45,15,0,5.5125817470951,0.7777777777777778
appendicitis,106,7,mix_1_75_2_25_T100,mix_1_75_2_25,k=1.25 (75/25: 1/2),4,1.25,100,75,25,0,9.187636245158501,0.7777777777777778
appendicitis,106,7,mix_1_75_2_25_T200,mix_1_75_2_25,k=1.25 (75/25: 1/2),4,1.25,200,150,50,0,18.375272490317002,0.7777777777777778
appendicitis,106,7,mix_1_50_2_50_T20,mix_1_50_2_50,k=1.50 (50/50: 1/2),5,1.5,20,10,10,0,3.6057492271531375,0.7777777777777778
appendicitis,106,7,mix_1_50_2_50_T40,mix_1_50_2_50,k=1.50 (50/50: 1/2),5,1.5,40,20,20,0,7.211498454306275,0.7777777777777778
appendicitis,106,7,mix_1_50_2_50_T60,mix_1_50_2_50,k=1.50 (50/50: 1/2),5,1.5,60,30,30,0,10.817247681459412,0.7777777777777778
appendicitis,106,7,mix_1_50_2_50_T100,mix_1_50_2_50,k=1.50 (50/50: 1/2),5,1.5,100,50,50,0,18.028746135765687,0.7777777777777778
appendicitis,106,7,mix_1_50_2_50_T200,mix_1_50_2_50,k=1.50 (50/50: 1/2),5,1.5,200,100,100,0,36.05749227153137,0.7777777777777778
appendicitis,106,7,pure_k2_T20,pure_k2,k=2,6,2.0,20,0,20,0,7.142193183396012,0.8148148148148148
appendicitis,106,7,pure_k2_T40,pure_k2,k=2,6,2.0,40,0,40,0,14.284386366792024,0.7777777777777778
appendicitis,106,7,pure_k2_T60,pure_k2,k=2,6,2.0,60,0,60,0,21.426579550188034,0.8148148148148148
appendicitis,106,7,pure_k2_T100,pure_k2,k=2,6,2.0,100,0,100,0,35.71096591698006,0.8148148148148148
appendicitis,106,7,pure_k2_T200,pure_k2,k=2,6,2.0,200,0,200,0,71.42193183396012,0.8148148148148148
appendicitis,106,7,mix_2_95_3_05_T20,mix_2_95_3_05,k=2.05 (95/5: 2/3),7,2.05,20,0,19,1,43.82434095505392,0.8148148148148148
appendicitis,106,7,mix_2_95_3_05_T40,mix_2_95_3_05,k=2.05 (95/5: 2/3),7,2.05,40,0,38,2,87.64868191010784,0.7777777777777778
appendicitis,106,7,mix_2_95_3_05_T60,mix_2_95_3_05,k=2.05 (95/5: 2/3),7,2.05,60,0,57,3,131.47302286516177,0.8148148148148148
appendicitis,106,7,mix_2_95_3_05_T100,mix_2_95_3_05,k=2.05 (95/5: 2/3),7,2.05,100,0,95,5,219.12170477526962,0.8148148148148148
appendicitis,106,7,mix_2_95_3_05_T200,mix_2_95_3_05,k=2.05 (95/5: 2/3),7,2.05,200,0,190,10,438.24340955053924,0.8148148148148148
appendicitis,106,7,pure_k3_T20,pure_k3,k=3,8,3.0,20,0,0,20,740.7851486165542,0.7407407407407407
appendicitis,106,7,pure_k3_T40,pure_k3,k=3,8,3.0,40,0,0,40,1481.5702972331085,0.7407407407407407
appendicitis,106,7,pure_k3_T60,pure_k3,k=3,8,3.0,60,0,0,60,2222.355445849663,0.7407407407407407
appendicitis,106,7,pure_k3_T100,pure_k3,k=3,8,3.0,100,0,0,100,3703.925743082771,0.7407407407407407
appendicitis,106,7,pure_k3_T200,pure_k3,k=3,8,3.0,200,0,0,200,7407.851486165542,0.7407407407407407
cloud,108,7,pure_k1_T20,pure_k1,k=1,0,1.0,20,20,0,0,0.11338772908784449,0.5555555555555556
cloud,108,7,pure_k1_T40,pure_k1,k=1,0,1.0,40,40,0,0,0.22677545817568898,0.6296296296296297
cloud,108,7,pure_k1_T60,pure_k1,k=1,0,1.0,60,60,0,0,0.34016318726353345,0.5925925925925926
cloud,108,7,pure_k1_T100,pure_k1,k=1,0,1.0,100,100,0,0,0.5669386454392225,0.5555555555555556
cloud,108,7,pure_k1_T200,pure_k1,k=1,0,1.0,200,200,0,0,1.133877290878445,0.5925925925925926
cloud,108,7,mix_1_95_2_05_T20,mix_1_95_2_05,k=1.05 (95/5: 1/2),1,1.05,20,19,1,0,0.4806447343016043,0.5925925925925926
cloud,108,7,mix_1_95_2_05_T40,mix_1_95_2_05,k=1.05 (95/5: 1/2),1,1.05,40,38,2,0,0.9612894686032086,0.6296296296296297
cloud,108,7,mix_1_95_2_05_T60,mix_1_95_2_05,k=1.05 (95/5: 1/2),1,1.05,60,57,3,0,1.441934202904813,0.5925925925925926
cloud,108,7,mix_1_95_2_05_T100,mix_1_95_2_05,k=1.05 (95/5: 1/2),1,1.05,100,95,5,0,2.4032236715080213,0.5925925925925926
cloud,108,7,mix_1_95_2_05_T200,mix_1_95_2_05,k=1.05 (95/5: 1/2),1,1.05,200,190,10,0,4.806447343016043,0.6296296296296297
cloud,108,7,mix_1_90_2_10_T20,mix_1_90_2_10,k=1.10 (90/10: 1/2),2,1.1,20,18,2,0,0.8479017395153642,0.5925925925925926
cloud,108,7,mix_1_90_2_10_T40,mix_1_90_2_10,k=1.10 (90/10: 1/2),2,1.1,40,36,4,0,1.6958034790307284,0.6666666666666666
cloud,108,7,mix_1_90_2_10_T60,mix_1_90_2_10,k=1.10 (90/10: 1/2),2,1.1,60,54,6,0,2.5437052185460924,0.6296296296296297
cloud,108,7,mix_1_90_2_10_T100,mix_1_90_2_10,k=1.10 (90/10: 1/2),2,1.1,100,90,10,0,4.239508697576821,0.5925925925925926
cloud,108,7,mix_1_90_2_10_T200,mix_1_90_2_10,k=1.10 (90/10: 1/2),2,1.1,200,180,20,0,8.479017395153642,0.6666666666666666
cloud,108,7,mix_1_95_3_05_T20,mix_1_95_3_05,k=1.10 (95/5: 1/3),3,1.1,20,19,0,1,49.09405991450884,0.5925925925925926
cloud,108,7,mix_1_95_3_05_T40,mix_1_95_3_05,k=1.10 (95/5: 1/3),3,1.1,40,38,0,2,98.18811982901768,0.6296296296296297
cloud,108,7,mix_1_95_3_05_T60,mix_1_95_3_05,k=1.10 (95/5: 1/3),3,1.1,60,57,0,3,147.2821797435265,0.6296296296296297
cloud,108,7,mix_1_95_3_05_T100,mix_1_95_3_05,k=1.10 (95/5: 1/3),3,1.1,100,95,0,5,245.47029957254415,0.5925925925925926
cloud,108,7,mix_1_95_3_05_T200,mix_1_95_3_05,k=1.10 (95/5: 1/3),3,1.1,200,190,0,10,490.9405991450883,0.6666666666666666
cloud,108,7,mix_1_75_2_25_T20,mix_1_75_2_25,k=1.25 (75/25: 1/2),4,1.25,20,15,5,0,1.9496727551566435,0.5925925925925926
cloud,108,7,mix_1_75_2_25_T40,mix_1_75_2_25,k=1.25 (75/25: 1/2),4,1.25,40,30,10,0,3.899345510313287,0.6666666666666666
cloud,108,7,mix_1_75_2_25_T60,mix_1_75_2_25,k=1.25 (75/25: 1/2),4,1.25,60,45,15,0,5.849018265469931,0.6296296296296297
cloud,108,7,mix_1_75_2_25_T100,mix_1_75_2_25,k=1.25 (75/25: 1/2),4,1.25,100,75,25,0,9.748363775783218,0.6296296296296297
cloud,108,7,mix_1_75_2_25_T200,mix_1_75_2_25,k=1.25 (75/25: 1/2),4,1.25,200,150,50,0,19.496727551566437,0.6666666666666666
cloud,108,7,mix_1_50_2_50_T20,mix_1_50_2_50,k=1.50 (50/50: 1/2),5,1.5,20,10,10,0,3.785957781225443,0.6666666666666666
cloud,108,7,mix_1_50_2_50_T40,mix_1_50_2_50,k=1.50 (50/50: 1/2),5,1.5,40,20,20,0,7.571915562450886,0.7037037037037037
cloud,108,7,mix_1_50_2_50_T60,mix_1_50_2_50,k=1.50 (50/50: 1/2),5,1.5,60,30,30,0,11.35787334367633,0.7037037037037037
cloud,108,7,mix_1_50_2_50_T100,mix_1_50_2_50,k=1.50 (50/50: 1/2),5,1.5,100,50,50,0,18.929788906127214,0.6666666666666666
cloud,108,7,mix_1_50_2_50_T200,mix_1_50_2_50,k=1.50 (50/50: 1/2),5,1.5,200,100,100,0,37.85957781225443,0.6666666666666666
cloud,108,7,pure_k2_T20,pure_k2,k=2,6,2.0,20,0,20,0,7.458527833363041,0.7037037037037037
cloud,108,7,pure_k2_T40,pure_k2,k=2,6,2.0,40,0,40,0,14.917055666726082,0.7407407407407407
cloud,108,7,pure_k2_T60,pure_k2,k=2,6,2.0,60,0,60,0,22.375583500089125,0.7037037037037037
cloud,108,7,pure_k2_T100,pure_k2,k=2,6,2.0,100,0,100,0,37.292639166815206,0.7407407407407407
cloud,108,7,pure_k2_T200,pure_k2,k=2,6,2.0,200,0,200,0,74.58527833363041,0.7407407407407407
cloud,108,7,mix_2_95_3_05_T20,mix_2_95_3_05,k=2.05 (95/5: 2/3),7,2.05,20,0,19,1,56.07194301357028,0.7407407407407407
cloud,108,7,mix_2_95_3_05_T40,mix_2_95_3_05,k=2.05 (95/5: 2/3),7,2.05,40,0,38,2,112.14388602714055,0.7037037037037037
cloud,108,7,mix_2_95_3_05_T60,mix_2_95_3_05,k=2.05 (95/5: 2/3),7,2.05,60,0,57,3,168.21582904071082,0.7407407407407407
cloud,108,7,mix_2_95_3_05_T100,mix_2_95_3_05,k=2.05 (95/5: 2/3),7,2.05,100,0,95,5,280.35971506785137,0.7407407407407407
cloud,108,7,mix_2_95_3_05_T200,mix_2_95_3_05,k=2.05 (95/5: 2/3),7,2.05,200,0,190,10,560.7194301357027,0.7407407407407407
cloud,108,7,pure_k3_T20,pure_k3,k=3,8,3.0,20,0,0,20,979.7268314375076,0.8148148148148148
cloud,108,7,pure_k3_T40,pure_k3,k=3,8,3.0,40,0,0,40,1959.4536628750152,0.7777777777777778
cloud,108,7,pure_k3_T60,pure_k3,k=3,8,3.0,60,0,0,60,2939.180494312523,0.8148148148148148
cloud,108,7,pure_k3_T100,pure_k3,k=3,8,3.0,100,0,0,100,4898.634157187538,0.7407407407407407
cloud,108,7,pure_k3_T200,pure_k3,k=3,8,3.0,200,0,0,200,9797.268314375076,0.7407407407407407
ecoli,327,7,pure_k1_T20,pure_k1,k=1,0,1.0,20,20,0,0,0.09896535002626479,0.8292682926829268
ecoli,327,7,pure_k1_T40,pure_k1,k=1,0,1.0,40,40,0,0,0.19793070005252958,0.8414634146341463
ecoli,327,7,pure_k1_T60,pure_k1,k=1,0,1.0,60,60,0,0,0.2968960500787944,0.8292682926829268
ecoli,327,7,pure_k1_T100,pure_k1,k=1,0,1.0,100,100,0,0,0.49482675013132393,0.8292682926829268
ecoli,327,7,pure_k1_T200,pure_k1,k=1,0,1.0,200,200,0,0,0.9896535002626479,0.8414634146341463
ecoli,327,7,mix_1_95_2_05_T20,mix_1_95_2_05,k=1.05 (95/5: 1/2),1,1.05,20,19,1,0,0.6566597441886551,0.8292682926829268
ecoli,327,7,mix_1_95_2_05_T40,mix_1_95_2_05,k=1.05 (95/5: 1/2),1,1.05,40,38,2,0,1.3133194883773103,0.8292682926829268
ecoli,327,7,mix_1_95_2_05_T60,mix_1_95_2_05,k=1.05 (95/5: 1/2),1,1.05,60,57,3,0,1.9699792325659655,0.8292682926829268
ecoli,327,7,mix_1_95_2_05_T100,mix_1_95_2_05,k=1.05 (95/5: 1/2),1,1.05,100,95,5,0,3.2832987209432756,0.8414634146341463
ecoli,327,7,mix_1_95_2_05_T200,mix_1_95_2_05,k=1.05 (95/5: 1/2),1,1.05,200,190,10,0,6.566597441886551,0.8414634146341463
ecoli,327,7,mix_1_90_2_10_T20,mix_1_90_2_10,k=1.10 (90/10: 1/2),2,1.1,20,18,2,0,1.2143541383510454,0.8292682926829268
ecoli,327,7,mix_1_90_2_10_T40,mix_1_90_2_10,k=1.10 (90/10: 1/2),2,1.1,40,36,4,0,2.428708276702091,0.8292682926829268
ecoli,327,7,mix_1_90_2_10_T60,mix_1_90_2_10,k=1.10 (90/10: 1/2),2,1.1,60,54,6,0,3.6430624150531368,0.8292682926829268
ecoli,327,7,mix_1_90_2_10_T100,mix_1_90_2_10,k=1.10 (90/10: 1/2),2,1.1,100,90,10,0,6.071770691755227,0.8414634146341463
ecoli,327,7,mix_1_90_2_10_T200,mix_1_90_2_10,k=1.10 (90/10: 1/2),2,1.1,200,180,20,0,12.143541383510454,0.8414634146341463
ecoli,327,7,mix_1_95_3_05_T20,mix_1_95_3_05,k=1.10 (95/5: 1/3),3,1.1,20,19,0,1,99.81562116065064,0.8292682926829268
ecoli,327,7,mix_1_95_3_05_T40,mix_1_95_3_05,k=1.10 (95/5: 1/3),3,1.1,40,38,0,2,199.63124232130127,0.8292682926829268
ecoli,327,7,mix_1_95_3_05_T60,mix_1_95_3_05,k=1.10 (95/5: 1/3),3,1.1,60,57,0,3,299.4468634819518,0.8292682926829268
ecoli,327,7,mix_1_95_3_05_T100,mix_1_95_3_05,k=1.10 (95/5: 1/3),3,1.1,100,95,0,5,499.07810580325315,0.8414634146341463
ecoli,327,7,mix_1_95_3_05_T200,mix_1_95_3_05,k=1.10 (95/5: 1/3),3,1.1,200,190,0,10,998.1562116065063,0.8414634146341463
ecoli,327,7,mix_1_75_2_25_T20,mix_1_75_2_25,k=1.25 (75/25: 1/2),4,1.25,20,15,5,0,2.8874373208382167,0.8292682926829268
ecoli,327,7,mix_1_75_2_25_T40,mix_1_75_2_25,k=1.25 (75/25: 1/2),4,1.25,40,30,10,0,5.774874641676433,0.8292682926829268
ecoli,327,7,mix_1_75_2_25_T60,mix_1_75_2_25,k=1.25 (75/25: 1/2),4,1.25,60,45,15,0,8.66231196251465,0.8292682926829268
ecoli,327,7,mix_1_75_2_25_T100,mix_1_75_2_25,k=1.25 (75/25: 1/2),4,1.25,100,75,25,0,14.437186604191083,0.8292682926829268
ecoli,327,7,mix_1_75_2_25_T200,mix_1_75_2_25,k=1.25 (75/25: 1/2),4,1.25,200,150,50,0,28.874373208382167,0.8292682926829268
ecoli,327,7,mix_1_50_2_50_T20,mix_1_50_2_50,k=1.50 (50/50: 1/2),5,1.5,20,10,10,0,5.675909291650169,0.8414634146341463
ecoli,327,7,mix_1_50_2_50_T40,mix_1_50_2_50,k=1.50 (50/50: 1/2),5,1.5,40,20,20,0,11.351818583300338,0.8292682926829268
ecoli,327,7,mix_1_50_2_50_T60,mix_1_50_2_50,k=1.50 (50/50: 1/2),5,1.5,60,30,30,0,17.027727874950504,0.8292682926829268
ecoli,327,7,mix_1_50_2_50_T100,mix_1_50_2_50,k=1.50 (50/50: 1/2),5,1.5,100,50,50,0,28.379546458250843,0.8292682926829268
ecoli,327,7,mix_1_50_2_50_T200,mix_1_50_2_50,k=1.50 (50/50: 1/2),5,1.5,200,100,100,0,56.759092916501686,0.8292682926829268
ecoli,327,7,pure_k2_T20,pure_k2,k=2,6,2.0,20,0,20,0,11.252853233274072,0.8292682926829268
ecoli,327,7,pure_k2_T40,pure_k2,k=2,6,2.0,40,0,40,0,22.505706466548144,0.8292682926829268
ecoli,327,7,pure_k2_T60,pure_k2,k=2,6,2.0,60,0,60,0,33.758559699822214,0.8292682926829268
ecoli,327,7,pure_k2_T100,pure_k2,k=2,6,2.0,100,0,100,0,56.26426616637036,0.8292682926829268
ecoli,327,7,pure_k2_T200,pure_k2,k=2,6,2.0,200,0,200,0,112.52853233274072,0.8292682926829268
ecoli,327,7,mix_2_95_3_05_T20,mix_2_95_3_05,k=2.05 (95/5: 2/3),7,2.05,20,0,19,1,110.41181464973604,0.8292682926829268
ecoli,327,7,mix_2_95_3_05_T40,mix_2_95_3_05,k=2.05 (95/5: 2/3),7,2.05,40,0,38,2,220.8236292994721,0.8292682926829268
ecoli,327,7,mix_2_95_3_05_T60,mix_2_95_3_05,k=2.05 (95/5: 2/3),7,2.05,60,0,57,3,331.2354439492081,0.8292682926829268
ecoli,327,7,mix_2_95_3_05_T100,mix_2_95_3_05,k=2.05 (95/5: 2/3),7,2.05,100,0,95,5,552.0590732486802,0.8292682926829268
ecoli,327,7,mix_2_95_3_05_T200,mix_2_95_3_05,k=2.05 (95/5: 2/3),7,2.05,200,0,190,10,1104.1181464973604,0.8292682926829268
ecoli,327,7,pure_k3_T20,pure_k3,k=3,8,3.0,20,0,0,20,1994.4320815625135,0.8292682926829268
ecoli,327,7,pure_k3_T40,pure_k3,k=3,8,3.0,40,0,0,40,3988.864163125027,0.8292682926829268
ecoli,327,7,pure_k3_T60,pure_k3,k=3,8,3.0,60,0,0,60,5983.296244687541,0.8292682926829268
ecoli,327,7,pure_k3_T100,pure_k3,k=3,8,3.0,100,0,0,100,9972.160407812567,0.8414634146341463
ecoli,327,7,pure_k3_T200,pure_k3,k=3,8,3.0,200,0,0,200,19944.320815625135,0.8414634146341463
penguins,333,7,pure_k1_T20,pure_k1,k=1,0,1.0,20,20,0,0,0.09106396245770157,0.9523809523809523
penguins,333,7,pure_k1_T40,pure_k1,k=1,0,1.0,40,40,0,0,0.18212792491540314,0.9523809523809523
penguins,333,7,pure_k1_T60,pure_k1,k=1,0,1.0,60,60,0,0,0.2731918873731047,0.9523809523809523
penguins,333,7,pure_k1_T100,pure_k1,k=1,0,1.0,100,100,0,0,0.4553198122885078,0.9523809523809523
penguins,333,7,pure_k1_T200,pure_k1,k=1,0,1.0,200,200,0,0,0.9106396245770156,0.9523809523809523
penguins,333,7,mix_1_95_2_05_T20,mix_1_95_2_05,k=1.05 (95/5: 1/2),1,1.05,20,19,1,0,0.603622857669834,0.9523809523809523
penguins,333,7,mix_1_95_2_05_T40,mix_1_95_2_05,k=1.05 (95/5: 1/2),1,1.05,40,38,2,0,1.207245715339668,0.9642857142857143
penguins,333,7,mix_1_95_2_05_T60,mix_1_95_2_05,k=1.05 (95/5: 1/2),1,1.05,60,57,3,0,1.8108685730095022,0.9523809523809523
penguins,333,7,mix_1_95_2_05_T100,mix_1_95_2_05,k=1.05 (95/5: 1/2),1,1.05,100,95,5,0,3.0181142883491705,0.9523809523809523
penguins,333,7,mix_1_95_2_05_T200,mix_1_95_2_05,k=1.05 (95/5: 1/2),1,1.05,200,190,10,0,6.036228576698341,0.9523809523809523
penguins,333,7,mix_1_90_2_10_T20,mix_1_90_2_10,k=1.10 (90/10: 1/2),2,1.1,20,18,2,0,1.1161817528819664,0.9761904761904762
penguins,333,7,mix_1_90_2_10_T40,mix_1_90_2_10,k=1.10 (90/10: 1/2),2,1.1,40,36,4,0,2.232363505763933,0.9761904761904762
penguins,333,7,mix_1_90_2_10_T60,mix_1_90_2_10,k=1.10 (90/10: 1/2),2,1.1,60,54,6,0,3.3485452586459,0.9642857142857143
penguins,333,7,mix_1_90_2_10_T100,mix_1_90_2_10,k=1.10 (90/10: 1/2),2,1.1,100,90,10,0,5.580908764409833,0.9642857142857143
penguins,333,7,mix_1_90_2_10_T200,mix_1_90_2_10,k=1.10 (90/10: 1/2),2,1.1,200,180,20,0,11.161817528819666,0.9523809523809523
penguins,333,7,mix_1_95_3_05_T20,mix_1_95_3_05,k=1.10 (95/5: 1/3),3,1.1,20,19,0,1,93.34301515933359,0.9523809523809523
penguins,333,7,mix_1_95_3_05_T40,mix_1_95_3_05,k=1.10 (95/5: 1/3),3,1.1,40,38,0,2,186.68603031866718,0.9642857142857143
penguins,333,7,mix_1_95_3_05_T60,mix_1_95_3_05,k=1.10 (95/5: 1/3),3,1.1,60,57,0,3,280.02904547800074,0.9523809523809523
penguins,333,7,mix_1_95_3_05_T100,mix_1_95_3_05,k=1.10 (95/5: 1/3),3,1.1,100,95,0,5,466.715075796668,0.9523809523809523
penguins,333,7,mix_1_95_3_05_T200,mix_1_95_3_05,k=1.10 (95/5: 1/3),3,1.1,200,190,0,10,933.430151593336,0.9523809523809523
penguins,333,7,mix_1_75_2_25_T20,mix_1_75_2_25,k=1.25 (75/25: 1/2),4,1.25,20,15,5,0,2.6538584385183643,0.9761904761904762
penguins,333,7,mix_1_75_2_25_T40,mix_1_75_2_25,k=1.25 (75/25: 1/2),4,1.25,40,30,10,0,5.307716877036729,0.9761904761904762
penguins,333,7,mix_1_75_2_25_T60,mix_1_75_2_25,k=1.25 (75/25: 1/2),4,1.25,60,45,15,0,7.961575315555091,0.9761904761904762
penguins,333,7,mix_1_75_2_25_T100,mix_1_75_2_25,k=1.25 (75/25: 1/2),4,1.25,100,75,25,0,13.26929219259182,0.9761904761904762
penguins,333,7,mix_1_75_2_25_T200,mix_1_75_2_25,k=1.25 (75/25: 1/2),4,1.25,200,150,50,0,26.53858438518364,0.9761904761904762
penguins,333,7,mix_1_50_2_50_T20,mix_1_50_2_50,k=1.50 (50/50: 1/2),5,1.5,20,10,10,0,5.216652914579027,0.9761904761904762
penguins,333,7,mix_1_50_2_50_T40,mix_1_50_2_50,k=1.50 (50/50: 1/2),5,1.5,40,20,20,0,10.433305829158053,0.9761904761904762
penguins,333,7,mix_1_50_2_50_T60,mix_1_50_2_50,k=1.50 (50/50: 1/2),5,1.5,60,30,30,0,15.649958743737079,0.9761904761904762
penguins,333,7,mix_1_50_2_50_T100,mix_1_50_2_50,k=1.50 (50/50: 1/2),5,1.5,100,50,50,0,26.083264572895132,0.9761904761904762
penguins,333,7,mix_1_50_2_50_T200,mix_1_50_2_50,k=1.50 (50/50: 1/2),5,1.5,200,100,100,0,52.166529145790264,0.9761904761904762
penguins,333,7,pure_k2_T20,pure_k2,k=2,6,2.0,20,0,20,0,10.342241866700352,0.9761904761904762
penguins,333,7,pure_k2_T40,pure_k2,k=2,6,2.0,40,0,40,0,20.684483733400704,0.9761904761904762
penguins,333,7,pure_k2_T60,pure_k2,k=2,6,2.0,60,0,60,0,31.026725600101052,0.9761904761904762
penguins,333,7,pure_k2_T100,pure_k2,k=2,6,2.0,100,0,100,0,51.711209333501756,0.9761904761904762
penguins,333,7,pure_k2_T200,pure_k2,k=2,6,2.0,200,0,200,0,103.42241866700351,0.9761904761904762
penguins,333,7,mix_2_95_3_05_T20,mix_2_95_3_05,k=2.05 (95/5: 2/3),7,2.05,20,0,19,1,103.0816341683641,0.9761904761904762
penguins,333,7,mix_2_95_3_05_T40,mix_2_95_3_05,k=2.05 (95/5: 2/3),7,2.05,40,0,38,2,206.1632683367282,0.9761904761904762
penguins,333,7,mix_2_95_3_05_T60,mix_2_95_3_05,k=2.05 (95/5: 2/3),7,2.05,60,0,57,3,309.2449025050923,0.9761904761904762
penguins,333,7,mix_2_95_3_05_T100,mix_2_95_3_05,k=2.05 (95/5: 2/3),7,2.05,100,0,95,5,515.4081708418205,0.9761904761904762
penguins,333,7,mix_2_95_3_05_T200,mix_2_95_3_05,k=2.05 (95/5: 2/3),7,2.05,200,0,190,10,1030.816341683641,0.9761904761904762
penguins,333,7,pure_k3_T20,pure_k3,k=3,8,3.0,20,0,0,20,1865.1300878999755,0.9761904761904762
penguins,333,7,pure_k3_T40,pure_k3,k=3,8,3.0,40,0,0,40,3730.260175799951,0.9761904761904762
penguins,333,7,pure_k3_T60,pure_k3,k=3,8,3.0,60,0,0,60,5595.390263699926,0.9761904761904762
penguins,333,7,pure_k3_T100,pure_k3,k=3,8,3.0,100,0,0,100,9325.650439499877,0.9761904761904762
penguins,333,7,pure_k3_T200,pure_k3,k=3,8,3.0,200,0,0,200,18651.300878999755,0.9761904761904762
led7,3200,7,pure_k1_T20,pure_k1,k=1,0,1.0,20,20,0,0,0.11055421247147024,0.7075
led7,3200,7,pure_k1_T40,pure_k1,k=1,0,1.0,40,40,0,0,0.22110842494294047,0.7075
led7,3200,7,pure_k1_T60,pure_k1,k=1,0,1.0,60,60,0,0,0.3316626374144107,0.70625
led7,3200,7,pure_k1_T100,pure_k1,k=1,0,1.0,100,100,0,0,0.5527710623573512,0.6975
led7,3200,7,pure_k1_T200,pure_k1,k=1,0,1.0,200,200,0,0,1.1055421247147024,0.705
led7,3200,7,mix_1_95_2_05_T20,mix_1_95_2_05,k=1.05 (95/5: 1/2),1,1.05,20,19,1,0,0.12188601039350032,0.7
led7,3200,7,mix_1_95_2_05_T40,mix_1_95_2_05,k=1.05 (95/5: 1/2),1,1.05,40,38,2,0,0.24377202078700064,0.69875
led7,3200,7,mix_1_95_2_05_T60,mix_1_95_2_05,k=1.05 (95/5: 1/2),1,1.05,60,57,3,0,0.365658031180501,0.70375
led7,3200,7,mix_1_95_2_05_T100,mix_1_95_2_05,k=1.05 (95/5: 1/2),1,1.05,100,95,5,0,0.6094300519675017,0.6975
led7,3200,7,mix_1_95_2_05_T200,mix_1_95_2_05,k=1.05 (95/5: 1/2),1,1.05,200,190,10,0,1.2188601039350033,0.705
led7,3200,7,mix_1_90_2_10_T20,mix_1_90_2_10,k=1.10 (90/10: 1/2),2,1.1,20,18,2,0,0.13321780831553043,0.6975
led7,3200,7,mix_1_90_2_10_T40,mix_1_90_2_10,k=1.10 (90/10: 1/2),2,1.1,40,36,4,0,0.26643561663106086,0.69625
led7,3200,7,mix_1_90_2_10_T60,mix_1_90_2_10,k=1.10 (90/10: 1/2),2,1.1,60,54,6,0,0.3996534249465913,0.69875
led7,3200,7,mix_1_90_2_10_T100,mix_1_90_2_10,k=1.10 (90/10: 1/2),2,1.1,100,90,10,0,0.6660890415776521,0.7
led7,3200,7,mix_1_90_2_10_T200,mix_1_90_2_10,k=1.10 (90/10: 1/2),2,1.1,200,180,20,0,1.3321780831553043,0.705
led7,3200,7,mix_1_95_3_05_T20,mix_1_95_3_05,k=1.10 (95/5: 1/3),3,1.1,20,19,0,1,0.15419563351664692,0.705
led7,3200,7,mix_1_95_3_05_T40,mix_1_95_3_05,k=1.10 (95/5: 1/3),3,1.1,40,38,0,2,0.30839126703329384,0.70625
led7,3200,7,mix_1_95_3_05_T60,mix_1_95_3_05,k=1.10 (95/5: 1/3),3,1.1,60,57,0,3,0.4625869005499408,0.71
led7,3200,7,mix_1_95_3_05_T100,mix_1_95_3_05,k=1.10 (95/5: 1/3),3,1.1,100,95,0,5,0.7709781675832346,0.70375
led7,3200,7,mix_1_95_3_05_T200,mix_1_95_3_05,k=1.10 (95/5: 1/3),3,1.1,200,190,0,10,1.5419563351664691,0.705
led7,3200,7,mix_1_75_2_25_T20,mix_1_75_2_25,k=1.25 (75/25: 1/2),4,1.25,20,15,5,0,0.1672132020816207,0.6925
led7,3200,7,mix_1_75_2_25_T40,mix_1_75_2_25,k=1.25 (75/25: 1/2),4,1.25,40,30,10,0,0.3344264041632414,0.70125
led7,3200,7,mix_1_75_2_25_T60,mix_1_75_2_25,k=1.25 (75/25: 1/2),4,1.25,60,45,15,0,0.501639606244862,0.7
led7,3200,7,mix_1_75_2_25_T100,mix_1_75_2_25,k=1.25 (75/25: 1/2),4,1.25,100,75,25,0,0.8360660104081035,0.69875
led7,3200,7,mix_1_75_2_25_T200,mix_1_75_2_25,k=1.25 (75/25: 1/2),4,1.25,200,150,50,0,1.672132020816207,0.69875
led7,3200,7,mix_1_50_2_50_T20,mix_1_50_2_50,k=1.50 (50/50: 1/2),5,1.5,20,10,10,0,0.22387219169177114,0.70125
led7,3200,7,mix_1_50_2_50_T40,mix_1_50_2_50,k=1.50 (50/50: 1/2),5,1.5,40,20,20,0,0.4477443833835423,0.7
led7,3200,7,mix_1_50_2_50_T60,mix_1_50_2_50,k=1.50 (50/50: 1/2),5,1.5,60,30,30,0,0.6716165750753135,0.70375
led7,3200,7,mix_1_50_2_50_T100,mix_1_50_2_50,k=1.50 (50/50: 1/2),5,1.5,100,50,50,0,1.1193609584588557,0.7
led7,3200,7,mix_1_50_2_50_T200,mix_1_50_2_50,k=1.50 (50/50: 1/2),5,1.5,200,100,100,0,2.2387219169177115,0.7025
led7,3200,7,pure_k2_T20,pure_k2,k=2,6,2.0,20,0,20,0,0.33719017091207204,0.70375
led7,3200,7,pure_k2_T40,pure_k2,k=2,6,2.0,40,0,40,0,0.6743803418241441,0.685
led7,3200,7,pure_k2_T60,pure_k2,k=2,6,2.0,60,0,60,0,1.0115705127362162,0.68875
led7,3200,7,pure_k2_T100,pure_k2,k=2,6,2.0,100,0,100,0,1.6859508545603603,0.69125
led7,3200,7,pure_k2_T200,pure_k2,k=2,6,2.0,200,0,200,0,3.3719017091207206,0.68625
led7,3200,7,mix_2_95_3_05_T20,mix_2_95_3_05,k=2.05 (95/5: 2/3),7,2.05,20,0,19,1,0.36949979403521865,0.69
led7,3200,7,mix_2_95_3_05_T40,mix_2_95_3_05,k=2.05 (95/5: 2/3),7,2.05,40,0,38,2,0.7389995880704373,0.68625
led7,3200,7,mix_2_95_3_05_T60,mix_2_95_3_05,k=2.05 (95/5: 2/3),7,2.05,60,0,57,3,1.108499382105656,0.685
led7,3200,7,mix_2_95_3_05_T100,mix_2_95_3_05,k=2.05 (95/5: 2/3),7,2.05,100,0,95,5,1.8474989701760933,0.69
led7,3200,7,mix_2_95_3_05_T200,mix_2_95_3_05,k=2.05 (95/5: 2/3),7,2.05,200,0,190,10,3.6949979403521866,0.68625
led7,3200,7,pure_k3_T20,pure_k3,k=3,8,3.0,20,0,0,20,0.983382633375004,0.7125
led7,3200,7,pure_k3_T40,pure_k3,k=3,8,3.0,40,0,0,40,1.966765266750008,0.7075
led7,3200,7,pure_k3_T60,pure_k3,k=3,8,3.0,60,0,0,60,2.9501479001250117,0.7125
led7,3200,7,pure_k3_T100,pure_k3,k=3,8,3.0,100,0,0,100,4.91691316687502,0.7
led7,3200,7,pure_k3_T200,pure_k3,k=3,8,3.0,200,0,0,200,9.83382633375004,0.7
postoperative_patient_data,88,8,pure_k1_T20,pure_k1,k=1,0,1.0,20,20,0,0,0.025289466697722675,0.6818181818181818
postoperative_patient_data,88,8,pure_k1_T40,pure_k1,k=1,0,1.0,40,40,0,0,0.05057893339544535,0.7272727272727273
postoperative_patient_data,88,8,pure_k1_T60,pure_k1,k=1,0,1.0,60,60,0,0,0.07586840009316802,0.7272727272727273
postoperative_patient_data,88,8,pure_k1_T100,pure_k1,k=1,0,1.0,100,100,0,0,0.12644733348861337,0.7272727272727273
postoperative_patient_data,88,8,pure_k1_T200,pure_k1,k=1,0,1.0,200,200,0,0,0.25289466697722673,0.6818181818181818
postoperative_patient_data,88,8,mix_1_95_2_05_T20,mix_1_95_2_05,k=1.05 (95/5: 1/2),1,1.05,20,19,1,0,0.028747287737205626,0.6818181818181818
postoperative_patient_data,88,8,mix_1_95_2_05_T40,mix_1_95_2_05,k=1.05 (95/5: 1/2),1,1.05,40,38,2,0,0.05749457547441125,0.6818181818181818
postoperative_patient_data,88,8,mix_1_95_2_05_T60,mix_1_95_2_05,k=1.05 (95/5: 1/2),1,1.05,60,57,3,0,0.08624186321161686,0.7272727272727273
postoperative_patient_data,88,8,mix_1_95_2_05_T100,mix_1_95_2_05,k=1.05 (95/5: 1/2),1,1.05,100,95,5,0,0.14373643868602812,0.7272727272727273
postoperative_patient_data,88,8,mix_1_95_2_05_T200,mix_1_95_2_05,k=1.05 (95/5: 1/2),1,1.05,200,190,10,0,0.28747287737205623,0.6818181818181818
postoperative_patient_data,88,8,mix_1_90_2_10_T20,mix_1_90_2_10,k=1.10 (90/10: 1/2),2,1.1,20,18,2,0,0.03220510877668857,0.6818181818181818
postoperative_patient_data,88,8,mix_1_90_2_10_T40,mix_1_90_2_10,k=1.10 (90/10: 1/2),2,1.1,40,36,4,0,0.06441021755337714,0.6818181818181818
postoperative_patient_data,88,8,mix_1_90_2_10_T60,mix_1_90_2_10,k=1.10 (90/10: 1/2),2,1.1,60,54,6,0,0.09661532633006573,0.7272727272727273
postoperative_patient_data,88,8,mix_1_90_2_10_T100,mix_1_90_2_10,k=1.10 (90/10: 1/2),2,1.1,100,90,10,0,0.16102554388344287,0.6818181818181818
postoperative_patient_data,88,8,mix_1_90_2_10_T200,mix_1_90_2_10,k=1.10 (90/10: 1/2),2,1.1,200,180,20,0,0.32205108776688574,0.6818181818181818
postoperative_patient_data,88,8,mix_1_95_3_05_T20,mix_1_95_3_05,k=1.10 (95/5: 1/3),3,1.1,20,19,0,1,0.04978701690910384,0.6818181818181818
postoperative_patient_data,88,8,mix_1_95_3_05_T40,mix_1_95_3_05,k=1.10 (95/5: 1/3),3,1.1,40,38,0,2,0.09957403381820767,0.7272727272727273
postoperative_patient_data,88,8,mix_1_95_3_05_T60,mix_1_95_3_05,k=1.10 (95/5: 1/3),3,1.1,60,57,0,3,0.1493610507273115,0.7272727272727273
postoperative_patient_data,88,8,mix_1_95_3_05_T100,mix_1_95_3_05,k=1.10 (95/5: 1/3),3,1.1,100,95,0,5,0.2489350845455192,0.6818181818181818
postoperative_patient_data,88,8,mix_1_95_3_05_T200,mix_1_95_3_05,k=1.10 (95/5: 1/3),3,1.1,200,190,0,10,0.4978701690910384,0.6818181818181818
postoperative_patient_data,88,8,mix_1_75_2_25_T20,mix_1_75_2_25,k=1.25 (75/25: 1/2),4,1.25,20,15,5,0,0.04257857189513743,0.6818181818181818
postoperative_patient_data,88,8,mix_1_75_2_25_T40,mix_1_75_2_25,k=1.25 (75/25: 1/2),4,1.25,40,30,10,0,0.08515714379027486,0.6818181818181818
postoperative_patient_data,88,8,mix_1_75_2_25_T60,mix_1_75_2_25,k=1.25 (75/25: 1/2),4,1.25,60,45,15,0,0.12773571568541228,0.6818181818181818
postoperative_patient_data,88,8,mix_1_75_2_25_T100,mix_1_75_2_25,k=1.25 (75/25: 1/2),4,1.25,100,75,25,0,0.21289285947568715,0.6818181818181818
postoperative_patient_data,88,8,mix_1_75_2_25_T200,mix_1_75_2_25,k=1.25 (75/25: 1/2),4,1.25,200,150,50,0,0.4257857189513743,0.6818181818181818
postoperative_patient_data,88,8,mix_1_50_2_50_T20,mix_1_50_2_50,k=1.50 (50/50: 1/2),5,1.5,20,10,10,0,0.05986767709255218,0.6818181818181818
postoperative_patient_data,88,8,mix_1_50_2_50_T40,mix_1_50_2_50,k=1.50 (50/50: 1/2),5,1.5,40,20,20,0,0.11973535418510436,0.6818181818181818
postoperative_patient_data,88,8,mix_1_50_2_50_T60,mix_1_50_2_50,k=1.50 (50/50: 1/2),5,1.5,60,30,30,0,0.17960303127765656,0.7272727272727273
postoperative_patient_data,88,8,mix_1_50_2_50_T100,mix_1_50_2_50,k=1.50 (50/50: 1/2),5,1.5,100,50,50,0,0.2993383854627609,0.6363636363636364
postoperative_patient_data,88,8,mix_1_50_2_50_T200,mix_1_50_2_50,k=1.50 (50/50: 1/2),5,1.5,200,100,100,0,0.5986767709255219,0.6818181818181818
postoperative_patient_data,88,8,pure_k2_T20,pure_k2,k=2,6,2.0,20,0,20,0,0.0944458874873817,0.6818181818181818
postoperative_patient_data,88,8,pure_k2_T40,pure_k2,k=2,6,2.0,40,0,40,0,0.1888917749747634,0.6818181818181818
postoperative_patient_data,88,8,pure_k2_T60,pure_k2,k=2,6,2.0,60,0,60,0,0.2833376624621451,0.6818181818181818
postoperative_patient_data,88,8,pure_k2_T100,pure_k2,k=2,6,2.0,100,0,100,0,0.4722294374369085,0.7272727272727273
postoperative_patient_data,88,8,pure_k2_T200,pure_k2,k=2,6,2.0,200,0,200,0,0.944458874873817,0.7272727272727273
postoperative_patient_data,88,8,mix_2_95_3_05_T20,mix_2_95_3_05,k=2.05 (95/5: 2/3),7,2.05,20,0,19,1,0.11548561665927992,0.6818181818181818
postoperative_patient_data,88,8,mix_2_95_3_05_T40,mix_2_95_3_05,k=2.05 (95/5: 2/3),7,2.05,40,0,38,2,0.23097123331855984,0.7272727272727273
postoperative_patient_data,88,8,mix_2_95_3_05_T60,mix_2_95_3_05,k=2.05 (95/5: 2/3),7,2.05,60,0,57,3,0.3464568499778397,0.6818181818181818
postoperative_patient_data,88,8,mix_2_95_3_05_T100,mix_2_95_3_05,k=2.05 (95/5: 2/3),7,2.05,100,0,95,5,0.5774280832963996,0.7272727272727273
postoperative_patient_data,88,8,mix_2_95_3_05_T200,mix_2_95_3_05,k=2.05 (95/5: 2/3),7,2.05,200,0,190,10,1.1548561665927992,0.7272727272727273
postoperative_patient_data,88,8,pure_k3_T20,pure_k3,k=3,8,3.0,20,0,0,20,0.515240470925346,0.7272727272727273
postoperative_patient_data,88,8,pure_k3_T40,pure_k3,k=3,8,3.0,40,0,0,40,1.030480941850692,0.7272727272727273
postoperative_patient_data,88,8,pure_k3_T60,pure_k3,k=3,8,3.0,60,0,0,60,1.5457214127760381,0.7272727272727273
postoperative_patient_data,88,8,pure_k3_T100,pure_k3,k=3,8,3.0,100,0,0,100,2.57620235462673,0.7272727272727273
postoperative_patient_data,88,8,pure_k3_T200,pure_k3,k=3,8,3.0,200,0,0,200,5.15240470925346,0.7272727272727273
analcatdata_japansolvent,52,9,pure_k1_T20,pure_k1,k=1,0,1.0,20,20,0,0,0.051428108289837834,0.6923076923076923
analcatdata_japansolvent,52,9,pure_k1_T40,pure_k1,k=1,0,1.0,40,40,0,0,0.10285621657967567,0.6923076923076923
analcatdata_japansolvent,52,9,pure_k1_T60,pure_k1,k=1,0,1.0,60,60,0,0,0.15428432486951352,0.6923076923076923
analcatdata_japansolvent,52,9,pure_k1_T100,pure_k1,k=1,0,1.0,100,100,0,0,0.2571405414491892,0.6923076923076923
analcatdata_japansolvent,52,9,pure_k1_T200,pure_k1,k=1,0,1.0,200,200,0,0,0.5142810828983784,0.6923076923076923
analcatdata_japansolvent,52,9,mix_1_95_2_05_T20,mix_1_95_2_05,k=1.05 (95/5: 1/2),1,1.05,20,19,1,0,0.18792350308503955,0.6923076923076923
analcatdata_japansolvent,52,9,mix_1_95_2_05_T40,mix_1_95_2_05,k=1.05 (95/5: 1/2),1,1.05,40,38,2,0,0.3758470061700791,0.6923076923076923
analcatdata_japansolvent,52,9,mix_1_95_2_05_T60,mix_1_95_2_05,k=1.05 (95/5: 1/2),1,1.05,60,57,3,0,0.5637705092551186,0.6923076923076923
analcatdata_japansolvent,52,9,mix_1_95_2_05_T100,mix_1_95_2_05,k=1.05 (95/5: 1/2),1,1.05,100,95,5,0,0.9396175154251978,0.6923076923076923
analcatdata_japansolvent,52,9,mix_1_95_2_05_T200,mix_1_95_2_05,k=1.05 (95/5: 1/2),1,1.05,200,190,10,0,1.8792350308503956,0.6923076923076923
analcatdata_japansolvent,52,9,mix_1_90_2_10_T20,mix_1_90_2_10,k=1.10 (90/10: 1/2),2,1.1,20,18,2,0,0.32441889788024125,0.6923076923076923
analcatdata_japansolvent,52,9,mix_1_90_2_10_T40,mix_1_90_2_10,k=1.10 (90/10: 1/2),2,1.1,40,36,4,0,0.6488377957604825,0.6923076923076923
analcatdata_japansolvent,52,9,mix_1_90_2_10_T60,mix_1_90_2_10,k=1.10 (90/10: 1/2),2,1.1,60,54,6,0,0.9732566936407238,0.6923076923076923
analcatdata_japansolvent,52,9,mix_1_90_2_10_T100,mix_1_90_2_10,k=1.10 (90/10: 1/2),2,1.1,100,90,10,0,1.6220944894012064,0.6923076923076923
analcatdata_japansolvent,52,9,mix_1_90_2_10_T200,mix_1_90_2_10,k=1.10 (90/10: 1/2),2,1.1,200,180,20,0,3.2441889788024127,0.6923076923076923
analcatdata_japansolvent,52,9,mix_1_95_3_05_T20,mix_1_95_3_05,k=1.10 (95/5: 1/3),3,1.1,20,19,0,1,11.608972479545045,0.6923076923076923
analcatdata_japansolvent,52,9,mix_1_95_3_05_T40,mix_1_95_3_05,k=1.10 (95/5: 1/3),3,1.1,40,38,0,2,23.21794495909009,0.6923076923076923
analcatdata_japansolvent,52,9,mix_1_95_3_05_T60,mix_1_95_3_05,k=1.10 (95/5: 1/3),3,1.1,60,57,0,3,34.826917438635135,0.6923076923076923
analcatdata_japansolvent,52,9,mix_1_95_3_05_T100,mix_1_95_3_05,k=1.10 (95/5: 1/3),3,1.1,100,95,0,5,58.04486239772523,0.6923076923076923
analcatdata_japansolvent,52,9,mix_1_95_3_05_T200,mix_1_95_3_05,k=1.10 (95/5: 1/3),3,1.1,200,190,0,10,116.08972479545046,0.6923076923076923
analcatdata_japansolvent,52,9,mix_1_75_2_25_T20,mix_1_75_2_25,k=1.25 (75/25: 1/2),4,1.25,20,15,5,0,0.7339050822658465,0.7692307692307693
analcatdata_japansolvent,52,9,mix_1_75_2_25_T40,mix_1_75_2_25,k=1.25 (75/25: 1/2),4,1.25,40,30,10,0,1.467810164531693,0.6923076923076923
analcatdata_japansolvent,52,9,mix_1_75_2_25_T60,mix_1_75_2_25,k=1.25 (75/25: 1/2),4,1.25,60,45,15,0,2.2017152467975394,0.6923076923076923
analcatdata_japansolvent,52,9,mix_1_75_2_25_T100,mix_1_75_2_25,k=1.25 (75/25: 1/2),4,1.25,100,75,25,0,3.669525411329232,0.6923076923076923
analcatdata_japansolvent,52,9,mix_1_75_2_25_T200,mix_1_75_2_25,k=1.25 (75/25: 1/2),4,1.25,200,150,50,0,7.339050822658464,0.6923076923076923
analcatdata_japansolvent,52,9,mix_1_50_2_50_T20,mix_1_50_2_50,k=1.50 (50/50: 1/2),5,1.5,20,10,10,0,1.4163820562418552,0.7692307692307693
analcatdata_japansolvent,52,9,mix_1_50_2_50_T40,mix_1_50_2_50,k=1.50 (50/50: 1/2),5,1.5,40,20,20,0,2.8327641124837104,0.6923076923076923
analcatdata_japansolvent,52,9,mix_1_50_2_50_T60,mix_1_50_2_50,k=1.50 (50/50: 1/2),5,1.5,60,30,30,0,4.249146168725565,0.6923076923076923
analcatdata_japansolvent,52,9,mix_1_50_2_50_T100,mix_1_50_2_50,k=1.50 (50/50: 1/2),5,1.5,100,50,50,0,7.081910281209275,0.6923076923076923
analcatdata_japansolvent,52,9,mix_1_50_2_50_T200,mix_1_50_2_50,k=1.50 (50/50: 1/2),5,1.5,200,100,100,0,14.16382056241855,0.6923076923076923
analcatdata_japansolvent,52,9,pure_k2_T20,pure_k2,k=2,6,2.0,20,0,20,0,2.7813360041938724,0.6153846153846154
analcatdata_japansolvent,52,9,pure_k2_T40,pure_k2,k=2,6,2.0,40,0,40,0,5.562672008387745,0.6153846153846154
analcatdata_japansolvent,52,9,pure_k2_T60,pure_k2,k=2,6,2.0,60,0,60,0,8.344008012581616,0.6153846153846154
analcatdata_japansolvent,52,9,pure_k2_T100,pure_k2,k=2,6,2.0,100,0,100,0,13.906680020969361,0.6153846153846154
analcatdata_japansolvent,52,9,pure_k2_T200,pure_k2,k=2,6,2.0,200,0,200,0,27.813360041938722,0.6153846153846154
analcatdata_japansolvent,52,9,mix_2_95_3_05_T20,mix_2_95_3_05,k=2.05 (95/5: 2/3),7,2.05,20,0,19,1,14.202384980653878,0.6153846153846154
analcatdata_japansolvent,52,9,mix_2_95_3_05_T40,mix_2_95_3_05,k=2.05 (95/5: 2/3),7,2.05,40,0,38,2,28.404769961307757,0.6153846153846154
analcatdata_japansolvent,52,9,mix_2_95_3_05_T60,mix_2_95_3_05,k=2.05 (95/5: 2/3),7,2.05,60,0,57,3,42.60715494196163,0.6153846153846154
analcatdata_japansolvent,52,9,mix_2_95_3_05_T100,mix_2_95_3_05,k=2.05 (95/5: 2/3),7,2.05,100,0,95,5,71.01192490326939,0.6153846153846154
analcatdata_japansolvent,52,9,mix_2_95_3_05_T200,mix_2_95_3_05,k=2.05 (95/5: 2/3),7,2.05,200,0,190,10,142.02384980653878,0.6153846153846154
analcatdata_japansolvent,52,9,pure_k3_T20,pure_k3,k=3,8,3.0,20,0,0,20,231.202315533394,0.5384615384615384
analcatdata_japansolvent,52,9,pure_k3_T40,pure_k3,k=3,8,3.0,40,0,0,40,462.404631066788,0.6153846153846154
analcatdata_japansolvent,52,9,pure_k3_T60,pure_k3,k=3,8,3.0,60,0,0,60,693.606946600182,0.6153846153846154
analcatdata_japansolvent,52,9,pure_k3_T100,pure_k3,k=3,8,3.0,100,0,0,100,1156.01157766697,0.6153846153846154
analcatdata_japansolvent,52,9,pure_k3_T200,pure_k3,k=3,8,3.0,200,0,0,200,2312.02315533394,0.6153846153846154
breast_cancer,286,9,pure_k1_T20,pure_k1,k=1,0,1.0,20,20,0,0,0.04737605000846088,0.75
breast_cancer,286,9,pure_k1_T40,pure_k1,k=1,0,1.0,40,40,0,0,0.09475210001692176,0.7361111111111112
breast_cancer,286,9,pure_k1_T60,pure_k1,k=1,0,1.0,60,60,0,0,0.14212815002538265,0.7361111111111112
breast_cancer,286,9,pure_k1_T100,pure_k1,k=1,0,1.0,100,100,0,0,0.2368802500423044,0.7222222222222222
breast_cancer,286,9,pure_k1_T200,pure_k1,k=1,0,1.0,200,200,0,0,0.4737605000846088,0.7222222222222222
breast_cancer,286,9,mix_1_95_2_05_T20,mix_1_95_2_05,k=1.05 (95/5: 1/2),1,1.05,20,19,1,0,0.06900045146234333,0.75
breast_cancer,286,9,mix_1_95_2_05_T40,mix_1_95_2_05,k=1.05 (95/5: 1/2),1,1.05,40,38,2,0,0.13800090292468667,0.75
breast_cancer,286,9,mix_1_95_2_05_T60,mix_1_95_2_05,k=1.05 (95/5: 1/2),1,1.05,60,57,3,0,0.20700135438703,0.7361111111111112
breast_cancer,286,9,mix_1_95_2_05_T100,mix_1_95_2_05,k=1.05 (95/5: 1/2),1,1.05,100,95,5,0,0.3450022573117167,0.7222222222222222
breast_cancer,286,9,mix_1_95_2_05_T200,mix_1_95_2_05,k=1.05 (95/5: 1/2),1,1.05,200,190,10,0,0.6900045146234334,0.7222222222222222
breast_cancer,286,9,mix_1_90_2_10_T20,mix_1_90_2_10,k=1.10 (90/10: 1/2),2,1.1,20,18,2,0,0.0906248529162258,0.7361111111111112
breast_cancer,286,9,mix_1_90_2_10_T40,mix_1_90_2_10,k=1.10 (90/10: 1/2),2,1.1,40,36,4,0,0.1812497058324516,0.7361111111111112
breast_cancer,286,9,mix_1_90_2_10_T60,mix_1_90_2_10,k=1.10 (90/10: 1/2),2,1.1,60,54,6,0,0.2718745587486774,0.7361111111111112
breast_cancer,286,9,mix_1_90_2_10_T100,mix_1_90_2_10,k=1.10 (90/10: 1/2),2,1.1,100,90,10,0,0.453124264581129,0.7222222222222222
breast_cancer,286,9,mix_1_90_2_10_T200,mix_1_90_2_10,k=1.10 (90/10: 1/2),2,1.1,200,180,20,0,0.906248529162258,0.7222222222222222
breast_cancer,286,9,mix_1_95_3_05_T20,mix_1_95_3_05,k=1.10 (95/5: 1/3),3,1.1,20,19,0,1,0.39012227292405444,0.75
breast_cancer,286,9,mix_1_95_3_05_T40,mix_1_95_3_05,k=1.10 (95/5: 1/3),3,1.1,40,38,0,2,0.7802445458481089,0.75
breast_cancer,286,9,mix_1_95_3_05_T60,mix_1_95_3_05,k=1.10 (95/5: 1/3),3,1.1,60,57,0,3,1.1703668187721634,0.7361111111111112
breast_cancer,286,9,mix_1_95_3_05_T100,mix_1_95_3_05,k=1.10 (95/5: 1/3),3,1.1,100,95,0,5,1.950611364620272,0.7222222222222222
breast_cancer,286,9,mix_1_95_3_05_T200,mix_1_95_3_05,k=1.10 (95/5: 1/3),3,1.1,200,190,0,10,3.901222729240544,0.7222222222222222
breast_cancer,286,9,mix_1_75_2_25_T20,mix_1_75_2_25,k=1.25 (75/25: 1/2),4,1.25,20,15,5,0,0.15549805727787316,0.7361111111111112
breast_cancer,286,9,mix_1_75_2_25_T40,mix_1_75_2_25,k=1.25 (75/25: 1/2),4,1.25,40,30,10,0,0.31099611455574633,0.7222222222222222
breast_cancer,286,9,mix_1_75_2_25_T60,mix_1_75_2_25,k=1.25 (75/25: 1/2),4,1.25,60,45,15,0,0.4664941718336195,0.7361111111111112
breast_cancer,286,9,mix_1_75_2_25_T100,mix_1_75_2_25,k=1.25 (75/25: 1/2),4,1.25,100,75,25,0,0.7774902863893658,0.7361111111111112
breast_cancer,286,9,mix_1_75_2_25_T200,mix_1_75_2_25,k=1.25 (75/25: 1/2),4,1.25,200,150,50,0,1.5549805727787316,0.7222222222222222
breast_cancer,286,9,mix_1_50_2_50_T20,mix_1_50_2_50,k=1.50 (50/50: 1/2),5,1.5,20,10,10,0,0.2636200645472854,0.7222222222222222
breast_cancer,286,9,mix_1_50_2_50_T40,mix_1_50_2_50,k=1.50 (50/50: 1/2),5,1.5,40,20,20,0,0.5272401290945709,0.75
breast_cancer,286,9,mix_1_50_2_50_T60,mix_1_50_2_50,k=1.50 (50/50: 1/2),5,1.5,60,30,30,0,0.7908601936418563,0.75
breast_cancer,286,9,mix_1_50_2_50_T100,mix_1_50_2_50,k=1.50 (50/50: 1/2),5,1.5,100,50,50,0,1.3181003227364272,0.75
breast_cancer,286,9,mix_1_50_2_50_T200,mix_1_50_2_50,k=1.50 (50/50: 1/2),5,1.5,200,100,100,0,2.6362006454728544,0.7222222222222222
breast_cancer,286,9,pure_k2_T20,pure_k2,k=2,6,2.0,20,0,20,0,0.47986407908611,0.7083333333333334
breast_cancer,286,9,pure_k2_T40,pure_k2,k=2,6,2.0,40,0,40,0,0.95972815817222,0.75
breast_cancer,286,9,pure_k2_T60,pure_k2,k=2,6,2.0,60,0,60,0,1.43959223725833,0.75
breast_cancer,286,9,pure_k2_T100,pure_k2,k=2,6,2.0,100,0,100,0,2.39932039543055,0.75
breast_cancer,286,9,pure_k2_T200,pure_k2,k=2,6,2.0,200,0,200,0,4.7986407908611,0.7361111111111112
breast_cancer,286,9,mix_2_95_3_05_T20,mix_2_95_3_05,k=2.05 (95/5: 2/3),7,2.05,20,0,19,1,0.800985900547821,0.7361111111111112
breast_cancer,286,9,mix_2_95_3_05_T40,mix_2_95_3_05,k=2.05 (95/5: 2/3),7,2.05,40,0,38,2,1.601971801095642,0.75
breast_cancer,286,9,mix_2_95_3_05_T60,mix_2_95_3_05,k=2.05 (95/5: 2/3),7,2.05,60,0,57,3,2.402957701643463,0.75
breast_cancer,286,9,mix_2_95_3_05_T100,mix_2_95_3_05,k=2.05 (95/5: 2/3),7,2.05,100,0,95,5,4.004929502739106,0.7361111111111112
breast_cancer,286,9,mix_2_95_3_05_T200,mix_2_95_3_05,k=2.05 (95/5: 2/3),7,2.05,200,0,190,10,8.009859005478212,0.7222222222222222
breast_cancer,286,9,pure_k3_T20,pure_k3,k=3,8,3.0,20,0,0,20,6.902300508320332,0.7222222222222222
breast_cancer,286,9,pure_k3_T40,pure_k3,k=3,8,3.0,40,0,0,40,13.804601016640664,0.7361111111111112
breast_cancer,286,9,pure_k3_T60,pure_k3,k=3,8,3.0,60,0,0,60,20.706901524960994,0.7361111111111112
breast_cancer,286,9,pure_k3_T100,pure_k3,k=3,8,3.0,100,0,0,100,34.51150254160166,0.7222222222222222
breast_cancer,286,9,pure_k3_T200,pure_k3,k=3,8,3.0,200,0,0,200,69.02300508320332,0.7361111111111112
threeOf9,512,9,pure_k1_T20,pure_k1,k=1,0,1.0,20,20,0,0,0.05405602091923356,0.9765625
threeOf9,512,9,pure_k1_T40,pure_k1,k=1,0,1.0,40,40,0,0,0.10811204183846712,0.9765625
threeOf9,512,9,pure_k1_T60,pure_k1,k=1,0,1.0,60,60,0,0,0.16216806275770068,1.0
threeOf9,512,9,pure_k1_T100,pure_k1,k=1,0,1.0,100,100,0,0,0.2702801045961678,1.0
threeOf9,512,9,pure_k1_T200,pure_k1,k=1,0,1.0,200,200,0,0,0.5405602091923356,0.9921875
threeOf9,512,9,mix_1_95_2_05_T20,mix_1_95_2_05,k=1.05 (95/5: 1/2),1,1.05,20,19,1,0,0.05953503174707293,0.9765625
threeOf9,512,9,mix_1_95_2_05_T40,mix_1_95_2_05,k=1.05 (95/5: 1/2),1,1.05,40,38,2,0,0.11907006349414587,0.9765625
threeOf9,512,9,mix_1_95_2_05_T60,mix_1_95_2_05,k=1.05 (95/5: 1/2),1,1.05,60,57,3,0,0.17860509524121881,0.984375
threeOf9,512,9,mix_1_95_2_05_T100,mix_1_95_2_05,k=1.05 (95/5: 1/2),1,1.05,100,95,5,0,0.29767515873536465,1.0
threeOf9,512,9,mix_1_95_2_05_T200,mix_1_95_2_05,k=1.05 (95/5: 1/2),1,1.05,200,190,10,0,0.5953503174707293,0.9921875
threeOf9,512,9,mix_1_90_2_10_T20,mix_1_90_2_10,k=1.10 (90/10: 1/2),2,1.1,20,18,2,0,0.0650140425749123,0.953125
threeOf9,512,9,mix_1_90_2_10_T40,mix_1_90_2_10,k=1.10 (90/10: 1/2),2,1.1,40,36,4,0,0.1300280851498246,0.9921875
threeOf9,512,9,mix_1_90_2_10_T60,mix_1_90_2_10,k=1.10 (90/10: 1/2),2,1.1,60,54,6,0,0.19504212772473692,0.984375
threeOf9,512,9,mix_1_90_2_10_T100,mix_1_90_2_10,k=1.10 (90/10: 1/2),2,1.1,100,90,10,0,0.32507021287456156,0.9921875
threeOf9,512,9,mix_1_90_2_10_T200,mix_1_90_2_10,k=1.10 (90/10: 1/2),2,1.1,200,180,20,0,0.6501404257491231,1.0
threeOf9,512,9,mix_1_95_3_05_T20,mix_1_95_3_05,k=1.10 (95/5: 1/3),3,1.1,20,19,0,1,0.08483409424778074,0.96875
threeOf9,512,9,mix_1_95_3_05_T40,mix_1_95_3_05,k=1.10 (95/5: 1/3),3,1.1,40,38,0,2,0.16966818849556148,0.984375
threeOf9,512,9,mix_1_95_3_05_T60,mix_1_95_3_05,k=1.10 (95/5: 1/3),3,1.1,60,57,0,3,0.25450228274334225,1.0
threeOf9,512,9,mix_1_95_3_05_T100,mix_1_95_3_05,k=1.10 (95/5: 1/3),3,1.1,100,95,0,5,0.4241704712389037,1.0
threeOf9,512,9,mix_1_95_3_05_T200,mix_1_95_3_05,k=1.10 (95/5: 1/3),3,1.1,200,190,0,10,0.8483409424778074,0.9921875
threeOf9,512,9,mix_1_75_2_25_T20,mix_1_75_2_25,k=1.25 (75/25: 1/2),4,1.25,20,15,5,0,0.08145107505843044,0.96875
threeOf9,512,9,mix_1_75_2_25_T40,mix_1_75_2_25,k=1.25 (75/25: 1/2),4,1.25,40,30,10,0,0.16290215011686088,0.984375
threeOf9,512,9,mix_1_75_2_25_T60,mix_1_75_2_25,k=1.25 (75/25: 1/2),4,1.25,60,45,15,0,0.2443532251752913,1.0
threeOf9,512,9,mix_1_75_2_25_T100,mix_1_75_2_25,k=1.25 (75/25: 1/2),4,1.25,100,75,25,0,0.40725537529215217,1.0
threeOf9,512,9,mix_1_75_2_25_T200,mix_1_75_2_25,k=1.25 (75/25: 1/2),4,1.25,200,150,50,0,0.8145107505843043,1.0
threeOf9,512,9,mix_1_50_2_50_T20,mix_1_50_2_50,k=1.50 (50/50: 1/2),5,1.5,20,10,10,0,0.1088461291976273,0.9453125
threeOf9,512,9,mix_1_50_2_50_T40,mix_1_50_2_50,k=1.50 (50/50: 1/2),5,1.5,40,20,20,0,0.2176922583952546,0.9765625
threeOf9,512,9,mix_1_50_2_50_T60,mix_1_50_2_50,k=1.50 (50/50: 1/2),5,1.5,60,30,30,0,0.3265383875928819,0.984375
threeOf9,512,9,mix_1_50_2_50_T100,mix_1_50_2_50,k=1.50 (50/50: 1/2),5,1.5,100,50,50,0,0.5442306459881365,0.9765625
threeOf9,512,9,mix_1_50_2_50_T200,mix_1_50_2_50,k=1.50 (50/50: 1/2),5,1.5,200,100,100,0,1.088461291976273,0.9765625
threeOf9,512,9,pure_k2_T20,pure_k2,k=2,6,2.0,20,0,20,0,0.16363623747602105,0.953125
threeOf9,512,9,pure_k2_T40,pure_k2,k=2,6,2.0,40,0,40,0,0.3272724749520421,0.9609375
threeOf9,512,9,pure_k2_T60,pure_k2,k=2,6,2.0,60,0,60,0,0.49090871242806317,0.953125
threeOf9,512,9,pure_k2_T100,pure_k2,k=2,6,2.0,100,0,100,0,0.8181811873801053,0.9609375
threeOf9,512,9,pure_k2_T200,pure_k2,k=2,6,2.0,200,0,200,0,1.6363623747602105,0.9609375
threeOf9,512,9,mix_2_95_3_05_T20,mix_2_95_3_05,k=2.05 (95/5: 2/3),7,2.05,20,0,19,1,0.18893529997672887,0.953125
threeOf9,512,9,mix_2_95_3_05_T40,mix_2_95_3_05,k=2.05 (95/5: 2/3),7,2.05,40,0,38,2,0.37787059995345773,0.953125
threeOf9,512,9,mix_2_95_3_05_T60,mix_2_95_3_05,k=2.05 (95/5: 2/3),7,2.05,60,0,57,3,0.5668058999301866,0.953125
threeOf9,512,9,mix_2_95_3_05_T100,mix_2_95_3_05,k=2.05 (95/5: 2/3),7,2.05,100,0,95,5,0.9446764998836443,0.953125
threeOf9,512,9,mix_2_95_3_05_T200,mix_2_95_3_05,k=2.05 (95/5: 2/3),7,2.05,200,0,190,10,1.8893529997672887,0.96875
threeOf9,512,9,pure_k3_T20,pure_k3,k=3,8,3.0,20,0,0,20,0.6696174874901771,0.890625
threeOf9,512,9,pure_k3_T40,pure_k3,k=3,8,3.0,40,0,0,40,1.3392349749803543,0.953125
threeOf9,512,9,pure_k3_T60,pure_k3,k=3,8,3.0,60,0,0,60,2.0088524624705313,0.953125
threeOf9,512,9,pure_k3_T100,pure_k3,k=3,8,3.0,100,0,0,100,3.3480874374508858,0.9375
threeOf9,512,9,pure_k3_T200,pure_k3,k=3,8,3.0,200,0,0,200,6.6961748749017715,0.953125
tic_tac_toe,958,9,pure_k1_T20,pure_k1,k=1,0,1.0,20,20,0,0,0.07542638750746847,0.7
tic_tac_toe,958,9,pure_k1_T40,pure_k1,k=1,0,1.0,40,40,0,0,0.15085277501493694,0.6875
tic_tac_toe,958,9,pure_k1_T60,pure_k1,k=1,0,1.0,60,60,0,0,0.22627916252240537,0.7041666666666667
tic_tac_toe,958,9,pure_k1_T100,pure_k1,k=1,0,1.0,100,100,0,0,0.3771319375373423,0.7125
tic_tac_toe,958,9,pure_k1_T200,pure_k1,k=1,0,1.0,200,200,0,0,0.7542638750746846,0.6875
tic_tac_toe,958,9,mix_1_95_2_05_T20,mix_1_95_2_05,k=1.05 (95/5: 1/2),1,1.05,20,19,1,0,0.09899813563097269,0.7083333333333334
tic_tac_toe,958,9,mix_1_95_2_05_T40,mix_1_95_2_05,k=1.05 (95/5: 1/2),1,1.05,40,38,2,0,0.19799627126194538,0.7041666666666667
tic_tac_toe,958,9,mix_1_95_2_05_T60,mix_1_95_2_05,k=1.05 (95/5: 1/2),1,1.05,60,57,3,0,0.29699440689291806,0.7041666666666667
tic_tac_toe,958,9,mix_1_95_2_05_T100,mix_1_95_2_05,k=1.05 (95/5: 1/2),1,1.05,100,95,5,0,0.4949906781548634,0.7041666666666667
tic_tac_toe,958,9,mix_1_95_2_05_T200,mix_1_95_2_05,k=1.05 (95/5: 1/2),1,1.05,200,190,10,0,0.9899813563097268,0.6916666666666667
tic_tac_toe,958,9,mix_1_90_2_10_T20,mix_1_90_2_10,k=1.10 (90/10: 1/2),2,1.1,20,18,2,0,0.1225698837544769,0.7041666666666667
tic_tac_toe,958,9,mix_1_90_2_10_T40,mix_1_90_2_10,k=1.10 (90/10: 1/2),2,1.1,40,36,4,0,0.2451397675089538,0.7
tic_tac_toe,958,9,mix_1_90_2_10_T60,mix_1_90_2_10,k=1.10 (90/10: 1/2),2,1.1,60,54,6,0,0.3677096512634307,0.7041666666666667
tic_tac_toe,958,9,mix_1_90_2_10_T100,mix_1_90_2_10,k=1.10 (90/10: 1/2),2,1.1,100,90,10,0,0.6128494187723845,0.7125
tic_tac_toe,958,9,mix_1_90_2_10_T200,mix_1_90_2_10,k=1.10 (90/10: 1/2),2,1.1,200,180,20,0,1.225698837544769,0.7
tic_tac_toe,958,9,mix_1_95_3_05_T20,mix_1_95_3_05,k=1.10 (95/5: 1/3),3,1.1,20,19,0,1,0.32753826229600236,0.725
tic_tac_toe,958,9,mix_1_95_3_05_T40,mix_1_95_3_05,k=1.10 (95/5: 1/3),3,1.1,40,38,0,2,0.6550765245920047,0.7
tic_tac_toe,958,9,mix_1_95_3_05_T60,mix_1_95_3_05,k=1.10 (95/5: 1/3),3,1.1,60,57,0,3,0.9826147868880071,0.7083333333333334
tic_tac_toe,958,9,mix_1_95_3_05_T100,mix_1_95_3_05,k=1.10 (95/5: 1/3),3,1.1,100,95,0,5,1.6376913114800118,0.7041666666666667
tic_tac_toe,958,9,mix_1_95_3_05_T200,mix_1_95_3_05,k=1.10 (95/5: 1/3),3,1.1,200,190,0,10,3.2753826229600236,0.7125
tic_tac_toe,958,9,mix_1_75_2_25_T20,mix_1_75_2_25,k=1.25 (75/25: 1/2),4,1.25,20,15,5,0,0.19328512812498955,0.7416666666666667
tic_tac_toe,958,9,mix_1_75_2_25_T40,mix_1_75_2_25,k=1.25 (75/25: 1/2),4,1.25,40,30,10,0,0.3865702562499791,0.7125
tic_tac_toe,958,9,mix_1_75_2_25_T60,mix_1_75_2_25,k=1.25 (75/25: 1/2),4,1.25,60,45,15,0,0.5798553843749688,0.7125
tic_tac_toe,958,9,mix_1_75_2_25_T100,mix_1_75_2_25,k=1.25 (75/25: 1/2),4,1.25,100,75,25,0,0.9664256406249478,0.7208333333333333
tic_tac_toe,958,9,mix_1_75_2_25_T200,mix_1_75_2_25,k=1.25 (75/25: 1/2),4,1.25,200,150,50,0,1.9328512812498957,0.7083333333333334
tic_tac_toe,958,9,mix_1_50_2_50_T20,mix_1_50_2_50,k=1.50 (50/50: 1/2),5,1.5,20,10,10,0,0.31114386874251065,0.7666666666666667
tic_tac_toe,958,9,mix_1_50_2_50_T40,mix_1_50_2_50,k=1.50 (50/50: 1/2),5,1.5,40,20,20,0,0.6222877374850213,0.7333333333333333
tic_tac_toe,958,9,mix_1_50_2_50_T60,mix_1_50_2_50,k=1.50 (50/50: 1/2),5,1.5,60,30,30,0,0.9334316062275321,0.7333333333333333
tic_tac_toe,958,9,mix_1_50_2_50_T100,mix_1_50_2_50,k=1.50 (50/50: 1/2),5,1.5,100,50,50,0,1.5557193437125534,0.7291666666666666
tic_tac_toe,958,9,mix_1_50_2_50_T200,mix_1_50_2_50,k=1.50 (50/50: 1/2),5,1.5,200,100,100,0,3.1114386874251068,0.7375
tic_tac_toe,958,9,pure_k2_T20,pure_k2,k=2,6,2.0,20,0,20,0,0.5468613499775529,0.775
tic_tac_toe,958,9,pure_k2_T40,pure_k2,k=2,6,2.0,40,0,40,0,1.0937226999551057,0.7666666666666667
tic_tac_toe,958,9,pure_k2_T60,pure_k2,k=2,6,2.0,60,0,60,0,1.6405840499326587,0.7583333333333333
tic_tac_toe,958,9,pure_k2_T100,pure_k2,k=2,6,2.0,100,0,100,0,2.7343067498877645,0.7666666666666667
tic_tac_toe,958,9,pure_k2_T200,pure_k2,k=2,6,2.0,200,0,200,0,5.468613499775529,0.7708333333333334
tic_tac_toe,958,9,mix_2_95_3_05_T20,mix_2_95_3_05,k=2.05 (95/5: 2/3),7,2.05,20,0,19,1,0.7754014766425825,0.7666666666666667
tic_tac_toe,958,9,mix_2_95_3_05_T40,mix_2_95_3_05,k=2.05 (95/5: 2/3),7,2.05,40,0,38,2,1.550802953285165,0.775
tic_tac_toe,958,9,mix_2_95_3_05_T60,mix_2_95_3_05,k=2.05 (95/5: 2/3),7,2.05,60,0,57,3,2.326204429927748,0.7666666666666667
tic_tac_toe,958,9,mix_2_95_3_05_T100,mix_2_95_3_05,k=2.05 (95/5: 2/3),7,2.05,100,0,95,5,3.877007383212913,0.7833333333333333
tic_tac_toe,958,9,mix_2_95_3_05_T200,mix_2_95_3_05,k=2.05 (95/5: 2/3),7,2.05,200,0,190,10,7.754014766425826,0.7833333333333333
tic_tac_toe,958,9,pure_k3_T20,pure_k3,k=3,8,3.0,20,0,0,20,5.117663883278146,0.825
tic_tac_toe,958,9,pure_k3_T40,pure_k3,k=3,8,3.0,40,0,0,40,10.235327766556292,0.825
tic_tac_toe,958,9,pure_k3_T60,pure_k3,k=3,8,3.0,60,0,0,60,15.35299164983444,0.8333333333333334
tic_tac_toe,958,9,pure_k3_T100,pure_k3,k=3,8,3.0,100,0,0,100,25.588319416390732,0.8333333333333334
tic_tac_toe,958,9,pure_k3_T200,pure_k3,k=3,8,3.0,200,0,0,200,51.176638832781464,0.8291666666666667
xd6,973,9,pure_k1_T20,pure_k1,k=1,0,1.0,20,20,0,0,0.06636020001024008,0.8770491803278688
xd6,973,9,pure_k1_T40,pure_k1,k=1,0,1.0,40,40,0,0,0.13272040002048016,0.8934426229508197
xd6,973,9,pure_k1_T60,pure_k1,k=1,0,1.0,60,60,0,0,0.19908060003072023,0.8934426229508197
xd6,973,9,pure_k1_T100,pure_k1,k=1,0,1.0,100,100,0,0,0.3318010000512004,0.8770491803278688
xd6,973,9,pure_k1_T200,pure_k1,k=1,0,1.0,200,200,0,0,0.6636020001024008,0.8688524590163934
xd6,973,9,mix_1_95_2_05_T20,mix_1_95_2_05,k=1.05 (95/5: 1/2),1,1.05,20,19,1,0,0.07432656647171826,0.8770491803278688
xd6,973,9,mix_1_95_2_05_T40,mix_1_95_2_05,k=1.05 (95/5: 1/2),1,1.05,40,38,2,0,0.14865313294343652,0.8934426229508197
xd6,973,9,mix_1_95_2_05_T60,mix_1_95_2_05,k=1.05 (95/5: 1/2),1,1.05,60,57,3,0,0.22297969941515478,0.8770491803278688
xd6,973,9,mix_1_95_2_05_T100,mix_1_95_2_05,k=1.05 (95/5: 1/2),1,1.05,100,95,5,0,0.37163283235859124,0.8770491803278688
xd6,973,9,mix_1_95_2_05_T200,mix_1_95_2_05,k=1.05 (95/5: 1/2),1,1.05,200,190,10,0,0.7432656647171825,0.8729508196721312
xd6,973,9,mix_1_90_2_10_T20,mix_1_90_2_10,k=1.10 (90/10: 1/2),2,1.1,20,18,2,0,0.08229293293319642,0.8770491803278688
xd6,973,9,mix_1_90_2_10_T40,mix_1_90_2_10,k=1.10 (90/10: 1/2),2,1.1,40,36,4,0,0.16458586586639284,0.889344262295082
xd6,973,9,mix_1_90_2_10_T60,mix_1_90_2_10,k=1.10 (90/10: 1/2),2,1.1,60,54,6,0,0.2468787987995893,0.889344262295082
xd6,973,9,mix_1_90_2_10_T100,mix_1_90_2_10,k=1.10 (90/10: 1/2),2,1.1,100,90,10,0,0.4114646646659821,0.8565573770491803
xd6,973,9,mix_1_90_2_10_T200,mix_1_90_2_10,k=1.10 (90/10: 1/2),2,1.1,200,180,20,0,0.8229293293319642,0.8565573770491803
xd6,973,9,mix_1_95_3_05_T20,mix_1_95_3_05,k=1.10 (95/5: 1/3),3,1.1,20,19,0,1,0.10770337563473731,0.8934426229508197
xd6,973,9,mix_1_95_3_05_T40,mix_1_95_3_05,k=1.10 (95/5: 1/3),3,1.1,40,38,0,2,0.21540675126947462,0.8934426229508197
xd6,973,9,mix_1_95_3_05_T60,mix_1_95_3_05,k=1.10 (95/5: 1/3),3,1.1,60,57,0,3,0.3231101269042119,0.8934426229508197
xd6,973,9,mix_1_95_3_05_T100,mix_1_95_3_05,k=1.10 (95/5: 1/3),3,1.1,100,95,0,5,0.5385168781736865,0.8770491803278688
xd6,973,9,mix_1_95_3_05_T200,mix_1_95_3_05,k=1.10 (95/5: 1/3),3,1.1,200,190,0,10,1.077033756347373,0.8770491803278688
xd6,973,9,mix_1_75_2_25_T20,mix_1_75_2_25,k=1.25 (75/25: 1/2),4,1.25,20,15,5,0,0.10619203231763094,0.8729508196721312
xd6,973,9,mix_1_75_2_25_T40,mix_1_75_2_25,k=1.25 (75/25: 1/2),4,1.25,40,30,10,0,0.21238406463526188,0.8729508196721312
xd6,973,9,mix_1_75_2_25_T60,mix_1_75_2_25,k=1.25 (75/25: 1/2),4,1.25,60,45,15,0,0.3185760969528928,0.8401639344262295
xd6,973,9,mix_1_75_2_25_T100,mix_1_75_2_25,k=1.25 (75/25: 1/2),4,1.25,100,75,25,0,0.5309601615881547,0.8524590163934426
xd6,973,9,mix_1_75_2_25_T200,mix_1_75_2_25,k=1.25 (75/25: 1/2),4,1.25,200,150,50,0,1.0619203231763095,0.8565573770491803
xd6,973,9,mix_1_50_2_50_T20,mix_1_50_2_50,k=1.50 (50/50: 1/2),5,1.5,20,10,10,0,0.14602386462502182,0.8483606557377049
xd6,973,9,mix_1_50_2_50_T40,mix_1_50_2_50,k=1.50 (50/50: 1/2),5,1.5,40,20,20,0,0.29204772925004363,0.8401639344262295
xd6,973,9,mix_1_50_2_50_T60,mix_1_50_2_50,k=1.50 (50/50: 1/2),5,1.5,60,30,30,0,0.43807159387506545,0.8483606557377049
xd6,973,9,mix_1_50_2_50_T100,mix_1_50_2_50,k=1.50 (50/50: 1/2),5,1.5,100,50,50,0,0.7301193231251091,0.8688524590163934
xd6,973,9,mix_1_50_2_50_T200,mix_1_50_2_50,k=1.50 (50/50: 1/2),5,1.5,200,100,100,0,1.4602386462502182,0.8442622950819673
xd6,973,9,pure_k2_T20,pure_k2,k=2,6,2.0,20,0,20,0,0.22568752923980356,0.8401639344262295
xd6,973,9,pure_k2_T40,pure_k2,k=2,6,2.0,40,0,40,0,0.4513750584796071,0.8401639344262295
xd6,973,9,pure_k2_T60,pure_k2,k=2,6,2.0,60,0,60,0,0.6770625877194106,0.8442622950819673
xd6,973,9,pure_k2_T100,pure_k2,k=2,6,2.0,100,0,100,0,1.1284376461990178,0.8442622950819673
xd6,973,9,pure_k2_T200,pure_k2,k=2,6,2.0,200,0,200,0,2.2568752923980355,0.8442622950819673
xd6,973,9,mix_2_95_3_05_T20,mix_2_95_3_05,k=2.05 (95/5: 2/3),7,2.05,20,0,19,1,0.2590643384028226,0.8401639344262295
xd6,973,9,mix_2_95_3_05_T40,mix_2_95_3_05,k=2.05 (95/5: 2/3),7,2.05,40,0,38,2,0.5181286768056452,0.8401639344262295
xd6,973,9,mix_2_95_3_05_T60,mix_2_95_3_05,k=2.05 (95/5: 2/3),7,2.05,60,0,57,3,0.7771930152084678,0.8442622950819673
xd6,973,9,mix_2_95_3_05_T100,mix_2_95_3_05,k=2.05 (95/5: 2/3),7,2.05,100,0,95,5,1.295321692014113,0.8442622950819673
xd6,973,9,mix_2_95_3_05_T200,mix_2_95_3_05,k=2.05 (95/5: 2/3),7,2.05,200,0,190,10,2.590643384028226,0.8442622950819673
xd6,973,9,pure_k3_T20,pure_k3,k=3,8,3.0,20,0,0,20,0.8932237125001847,0.8483606557377049
xd6,973,9,pure_k3_T40,pure_k3,k=3,8,3.0,40,0,0,40,1.7864474250003695,0.8647540983606558
xd6,973,9,pure_k3_T60,pure_k3,k=3,8,3.0,60,0,0,60,2.6796711375005544,0.8688524590163934
xd6,973,9,pure_k3_T100,pure_k3,k=3,8,3.0,100,0,0,100,4.466118562500924,0.8688524590163934
xd6,973,9,pure_k3_T200,pure_k3,k=3,8,3.0,200,0,0,200,8.932237125001848,0.8688524590163934
analcatdata_cyyoung9302,92,10,pure_k1_T20,pure_k1,k=1,0,1.0,20,20,0,0,0.06198292076587677,0.8695652173913043
analcatdata_cyyoung9302,92,10,pure_k1_T40,pure_k1,k=1,0,1.0,40,40,0,0,0.12396584153175354,0.8695652173913043
analcatdata_cyyoung9302,92,10,pure_k1_T60,pure_k1,k=1,0,1.0,60,60,0,0,0.1859487622976303,0.8695652173913043
analcatdata_cyyoung9302,92,10,pure_k1_T100,pure_k1,k=1,0,1.0,100,100,0,0,0.30991460382938385,0.8695652173913043
analcatdata_cyyoung9302,92,10,pure_k1_T200,pure_k1,k=1,0,1.0,200,200,0,0,0.6198292076587677,0.8695652173913043
analcatdata_cyyoung9302,92,10,mix_1_95_2_05_T20,mix_1_95_2_05,k=1.05 (95/5: 1/2),1,1.05,20,19,1,0,0.2643047649390064,0.8260869565217391
analcatdata_cyyoung9302,92,10,mix_1_95_2_05_T40,mix_1_95_2_05,k=1.05 (95/5: 1/2),1,1.05,40,38,2,0,0.5286095298780128,0.8695652173913043
analcatdata_cyyoung9302,92,10,mix_1_95_2_05_T60,mix_1_95_2_05,k=1.05 (95/5: 1/2),1,1.05,60,57,3,0,0.7929142948170192,0.8695652173913043
analcatdata_cyyoung9302,92,10,mix_1_95_2_05_T100,mix_1_95_2_05,k=1.05 (95/5: 1/2),1,1.05,100,95,5,0,1.3215238246950323,0.8695652173913043
analcatdata_cyyoung9302,92,10,mix_1_95_2_05_T200,mix_1_95_2_05,k=1.05 (95/5: 1/2),1,1.05,200,190,10,0,2.6430476493900645,0.8695652173913043
analcatdata_cyyoung9302,92,10,mix_1_90_2_10_T20,mix_1_90_2_10,k=1.10 (90/10: 1/2),2,1.1,20,18,2,0,0.46662660911213605,0.8695652173913043
analcatdata_cyyoung9302,92,10,mix_1_90_2_10_T40,mix_1_90_2_10,k=1.10 (90/10: 1/2),2,1.1,40,36,4,0,0.9332532182242721,0.8695652173913043
analcatdata_cyyoung9302,92,10,mix_1_90_2_10_T60,mix_1_90_2_10,k=1.10 (90/10: 1/2),2,1.1,60,54,6,0,1.3998798273364081,0.8695652173913043
analcatdata_cyyoung9302,92,10,mix_1_90_2_10_T100,mix_1_90_2_10,k=1.10 (90/10: 1/2),2,1.1,100,90,10,0,2.3331330455606807,0.8695652173913043
analcatdata_cyyoung9302,92,10,mix_1_90_2_10_T200,mix_1_90_2_10,k=1.10 (90/10: 1/2),2,1.1,200,180,20,0,4.666266091121361,0.8695652173913043
analcatdata_cyyoung9302,92,10,mix_1_95_3_05_T20,mix_1_95_3_05,k=1.10 (95/5: 1/3),3,1.1,20,19,0,1,20.590782609102316,0.8260869565217391
analcatdata_cyyoung9302,92,10,mix_1_95_3_05_T40,mix_1_95_3_05,k=1.10 (95/5: 1/3),3,1.1,40,38,0,2,41.18156521820463,0.8695652173913043
analcatdata_cyyoung9302,92,10,mix_1_95_3_05_T60,mix_1_95_3_05,k=1.10 (95/5: 1/3),3,1.1,60,57,0,3,61.77234782730695,0.8695652173913043
analcatdata_cyyoung9302,92,10,mix_1_95_3_05_T100,mix_1_95_3_05,k=1.10 (95/5: 1/3),3,1.1,100,95,0,5,102.95391304551157,0.8695652173913043
analcatdata_cyyoung9302,92,10,mix_1_95_3_05_T200,mix_1_95_3_05,k=1.10 (95/5: 1/3),3,1.1,200,190,0,10,205.90782609102314,0.8695652173913043
analcatdata_cyyoung9302,92,10,mix_1_75_2_25_T20,mix_1_75_2_25,k=1.25 (75/25: 1/2),4,1.25,20,15,5,0,1.073592141631525,0.8260869565217391
analcatdata_cyyoung9302,92,10,mix_1_75_2_25_T40,mix_1_75_2_25,k=1.25 (75/25: 1/2),4,1.25,40,30,10,0,2.14718428326305,0.8695652173913043
analcatdata_cyyoung9302,92,10,mix_1_75_2_25_T60,mix_1_75_2_25,k=1.25 (75/25: 1/2),4,1.25,60,45,15,0,3.220776424894575,0.8695652173913043
analcatdata_cyyoung9302,92,10,mix_1_75_2_25_T100,mix_1_75_2_25,k=1.25 (75/25: 1/2),4,1.25,100,75,25,0,5.367960708157625,0.8695652173913043
analcatdata_cyyoung9302,92,10,mix_1_75_2_25_T200,mix_1_75_2_25,k=1.25 (75/25: 1/2),4,1.25,200,150,50,0,10.73592141631525,0.8260869565217391
analcatdata_cyyoung9302,92,10,mix_1_50_2_50_T20,mix_1_50_2_50,k=1.50 (50/50: 1/2),5,1.5,20,10,10,0,2.0852013624971732,0.8260869565217391
analcatdata_cyyoung9302,92,10,mix_1_50_2_50_T40,mix_1_50_2_50,k=1.50 (50/50: 1/2),5,1.5,40,20,20,0,4.1704027249943465,0.8260869565217391
analcatdata_cyyoung9302,92,10,mix_1_50_2_50_T60,mix_1_50_2_50,k=1.50 (50/50: 1/2),5,1.5,60,30,30,0,6.25560408749152,0.8260869565217391
analcatdata_cyyoung9302,92,10,mix_1_50_2_50_T100,mix_1_50_2_50,k=1.50 (50/50: 1/2),5,1.5,100,50,50,0,10.426006812485866,0.8260869565217391
analcatdata_cyyoung9302,92,10,mix_1_50_2_50_T200,mix_1_50_2_50,k=1.50 (50/50: 1/2),5,1.5,200,100,100,0,20.852013624971732,0.8260869565217391
analcatdata_cyyoung9302,92,10,pure_k2_T20,pure_k2,k=2,6,2.0,20,0,20,0,4.10841980422847,0.7391304347826086
analcatdata_cyyoung9302,92,10,pure_k2_T40,pure_k2,k=2,6,2.0,40,0,40,0,8.21683960845694,0.8260869565217391
analcatdata_cyyoung9302,92,10,pure_k2_T60,pure_k2,k=2,6,2.0,60,0,60,0,12.325259412685408,0.8260869565217391
analcatdata_cyyoung9302,92,10,pure_k2_T100,pure_k2,k=2,6,2.0,100,0,100,0,20.54209902114235,0.8260869565217391
analcatdata_cyyoung9302,92,10,pure_k2_T200,pure_k2,k=2,6,2.0,200,0,200,0,41.0841980422847,0.8260869565217391
analcatdata_cyyoung9302,92,10,mix_2_95_3_05_T20,mix_2_95_3_05,k=2.05 (95/5: 2/3),7,2.05,20,0,19,1,24.43489764839178,0.7391304347826086
analcatdata_cyyoung9302,92,10,mix_2_95_3_05_T40,mix_2_95_3_05,k=2.05 (95/5: 2/3),7,2.05,40,0,38,2,48.86979529678356,0.8260869565217391
analcatdata_cyyoung9302,92,10,mix_2_95_3_05_T60,mix_2_95_3_05,k=2.05 (95/5: 2/3),7,2.05,60,0,57,3,73.30469294517533,0.8260869565217391
analcatdata_cyyoung9302,92,10,mix_2_95_3_05_T100,mix_2_95_3_05,k=2.05 (95/5: 2/3),7,2.05,100,0,95,5,122.1744882419589,0.8260869565217391
analcatdata_cyyoung9302,92,10,mix_2_95_3_05_T200,mix_2_95_3_05,k=2.05 (95/5: 2/3),7,2.05,200,0,190,10,244.3489764839178,0.8260869565217391
analcatdata_cyyoung9302,92,10,pure_k3_T20,pure_k3,k=3,8,3.0,20,0,0,20,410.63797668749464,0.8260869565217391
analcatdata_cyyoung9302,92,10,pure_k3_T40,pure_k3,k=3,8,3.0,40,0,0,40,821.2759533749893,0.8260869565217391
analcatdata_cyyoung9302,92,10,pure_k3_T60,pure_k3,k=3,8,3.0,60,0,0,60,1231.913930062484,0.8260869565217391
analcatdata_cyyoung9302,92,10,pure_k3_T100,pure_k3,k=3,8,3.0,100,0,0,100,2053.1898834374733,0.8260869565217391
analcatdata_cyyoung9302,92,10,pure_k3_T200,pure_k3,k=3,8,3.0,200,0,0,200,4106.379766874947,0.8260869565217391
analcatdata_cyyoung8092,97,10,pure_k1_T20,pure_k1,k=1,0,1.0,20,20,0,0,0.06313397502526641,0.84
analcatdata_cyyoung8092,97,10,pure_k1_T40,pure_k1,k=1,0,1.0,40,40,0,0,0.12626795005053282,0.84
analcatdata_cyyoung8092,97,10,pure_k1_T60,pure_k1,k=1,0,1.0,60,60,0,0,0.18940192507579923,0.88
analcatdata_cyyoung8092,97,10,pure_k1_T100,pure_k1,k=1,0,1.0,100,100,0,0,0.31566987512633204,0.88
analcatdata_cyyoung8092,97,10,pure_k1_T200,pure_k1,k=1,0,1.0,200,200,0,0,0.6313397502526641,0.88
analcatdata_cyyoung8092,97,10,mix_1_95_2_05_T20,mix_1_95_2_05,k=1.05 (95/5: 1/2),1,1.05,20,19,1,0,0.29486419502412897,0.84
analcatdata_cyyoung8092,97,10,mix_1_95_2_05_T40,mix_1_95_2_05,k=1.05 (95/5: 1/2),1,1.05,40,38,2,0,0.5897283900482579,0.88
analcatdata_cyyoung8092,97,10,mix_1_95_2_05_T60,mix_1_95_2_05,k=1.05 (95/5: 1/2),1,1.05,60,57,3,0,0.884592585072387,0.84
analcatdata_cyyoung8092,97,10,mix_1_95_2_05_T100,mix_1_95_2_05,k=1.05 (95/5: 1/2),1,1.05,100,95,5,0,1.474320975120645,0.88
analcatdata_cyyoung8092,97,10,mix_1_95_2_05_T200,mix_1_95_2_05,k=1.05 (95/5: 1/2),1,1.05,200,190,10,0,2.94864195024129,0.88
analcatdata_cyyoung8092,97,10,mix_1_90_2_10_T20,mix_1_90_2_10,k=1.10 (90/10: 1/2),2,1.1,20,18,2,0,0.5265944150229915,0.84
analcatdata_cyyoung8092,97,10,mix_1_90_2_10_T40,mix_1_90_2_10,k=1.10 (90/10: 1/2),2,1.1,40,36,4,0,1.053188830045983,0.84
analcatdata_cyyoung8092,97,10,mix_1_90_2_10_T60,mix_1_90_2_10,k=1.10 (90/10: 1/2),2,1.1,60,54,6,0,1.5797832450689748,0.84
analcatdata_cyyoung8092,97,10,mix_1_90_2_10_T100,mix_1_90_2_10,k=1.10 (90/10: 1/2),2,1.1,100,90,10,0,2.632972075114958,0.88
analcatdata_cyyoung8092,97,10,mix_1_90_2_10_T200,mix_1_90_2_10,k=1.10 (90/10: 1/2),2,1.1,200,180,20,0,5.265944150229916,0.88
analcatdata_cyyoung8092,97,10,mix_1_95_3_05_T20,mix_1_95_3_05,k=1.10 (95/5: 1/3),3,1.1,20,19,0,1,21.170626150649042,0.84
analcatdata_cyyoung8092,97,10,mix_1_95_3_05_T40,mix_1_95_3_05,k=1.10 (95/5: 1/3),3,1.1,40,38,0,2,42.341252301298084,0.88
analcatdata_cyyoung8092,97,10,mix_1_95_3_05_T60,mix_1_95_3_05,k=1.10 (95/5: 1/3),3,1.1,60,57,0,3,63.51187845194712,0.88
analcatdata_cyyoung8092,97,10,mix_1_95_3_05_T100,mix_1_95_3_05,k=1.10 (95/5: 1/3),3,1.1,100,95,0,5,105.85313075324521,0.88
analcatdata_cyyoung8092,97,10,mix_1_95_3_05_T200,mix_1_95_3_05,k=1.10 (95/5: 1/3),3,1.1,200,190,0,10,211.70626150649042,0.88
analcatdata_cyyoung8092,97,10,mix_1_75_2_25_T20,mix_1_75_2_25,k=1.25 (75/25: 1/2),4,1.25,20,15,5,0,1.2217850750195793,0.8
analcatdata_cyyoung8092,97,10,mix_1_75_2_25_T40,mix_1_75_2_25,k=1.25 (75/25: 1/2),4,1.25,40,30,10,0,2.4435701500391587,0.84
analcatdata_cyyoung8092,97,10,mix_1_75_2_25_T60,mix_1_75_2_25,k=1.25 (75/25: 1/2),4,1.25,60,45,15,0,3.6653552250587382,0.84
analcatdata_cyyoung8092,97,10,mix_1_75_2_25_T100,mix_1_75_2_25,k=1.25 (75/25: 1/2),4,1.25,100,75,25,0,6.108925375097897,0.88
analcatdata_cyyoung8092,97,10,mix_1_75_2_25_T200,mix_1_75_2_25,k=1.25 (75/25: 1/2),4,1.25,200,150,50,0,12.217850750195794,0.88
analcatdata_cyyoung8092,97,10,mix_1_50_2_50_T20,mix_1_50_2_50,k=1.50 (50/50: 1/2),5,1.5,20,10,10,0,2.3804361750138923,0.8
analcatdata_cyyoung8092,97,10,mix_1_50_2_50_T40,mix_1_50_2_50,k=1.50 (50/50: 1/2),5,1.5,40,20,20,0,4.7608723500277845,0.88
analcatdata_cyyoung8092,97,10,mix_1_50_2_50_T60,mix_1_50_2_50,k=1.50 (50/50: 1/2),5,1.5,60,30,30,0,7.141308525041677,0.84
analcatdata_cyyoung8092,97,10,mix_1_50_2_50_T100,mix_1_50_2_50,k=1.50 (50/50: 1/2),5,1.5,100,50,50,0,11.902180875069462,0.88
analcatdata_cyyoung8092,97,10,mix_1_50_2_50_T200,mix_1_50_2_50,k=1.50 (50/50: 1/2),5,1.5,200,100,100,0,23.804361750138924,0.88
analcatdata_cyyoung8092,97,10,pure_k2_T20,pure_k2,k=2,6,2.0,20,0,20,0,4.697738375002518,0.88
analcatdata_cyyoung8092,97,10,pure_k2_T40,pure_k2,k=2,6,2.0,40,0,40,0,9.395476750005036,0.88
analcatdata_cyyoung8092,97,10,pure_k2_T60,pure_k2,k=2,6,2.0,60,0,60,0,14.093215125007555,0.88
analcatdata_cyyoung8092,97,10,pure_k2_T100,pure_k2,k=2,6,2.0,100,0,100,0,23.48869187501259,0.88
analcatdata_cyyoung8092,97,10,pure_k2_T200,pure_k2,k=2,6,2.0,200,0,200,0,46.97738375002518,0.88
analcatdata_cyyoung8092,97,10,mix_2_95_3_05_T20,mix_2_95_3_05,k=2.05 (95/5: 2/3),7,2.05,20,0,19,1,25.57350033062743,0.84
analcatdata_cyyoung8092,97,10,mix_2_95_3_05_T40,mix_2_95_3_05,k=2.05 (95/5: 2/3),7,2.05,40,0,38,2,51.14700066125486,0.84
analcatdata_cyyoung8092,97,10,mix_2_95_3_05_T60,mix_2_95_3_05,k=2.05 (95/5: 2/3),7,2.05,60,0,57,3,76.72050099188229,0.88
analcatdata_cyyoung8092,97,10,mix_2_95_3_05_T100,mix_2_95_3_05,k=2.05 (95/5: 2/3),7,2.05,100,0,95,5,127.86750165313715,0.88
analcatdata_cyyoung8092,97,10,mix_2_95_3_05_T200,mix_2_95_3_05,k=2.05 (95/5: 2/3),7,2.05,200,0,190,10,255.7350033062743,0.88
analcatdata_cyyoung8092,97,10,pure_k3_T20,pure_k3,k=3,8,3.0,20,0,0,20,422.2129774875008,0.88
analcatdata_cyyoung8092,97,10,pure_k3_T40,pure_k3,k=3,8,3.0,40,0,0,40,844.4259549750016,0.88
analcatdata_cyyoung8092,97,10,pure_k3_T60,pure_k3,k=3,8,3.0,60,0,0,60,1266.6389324625022,0.88
analcatdata_cyyoung8092,97,10,pure_k3_T100,pure_k3,k=3,8,3.0,100,0,0,100,2111.064887437504,0.88
analcatdata_cyyoung8092,97,10,pure_k3_T200,pure_k3,k=3,8,3.0,200,0,0,200,4222.129774875008,0.88
parity5+5,1124,10,pure_k1_T20,pure_k1,k=1,0,1.0,20,20,0,0,0.07972125830128789,0.40213523131672596
parity5+5,1124,10,pure_k1_T40,pure_k1,k=1,0,1.0,40,40,0,0,0.15944251660257577,0.38434163701067614
parity5+5,1124,10,pure_k1_T60,pure_k1,k=1,0,1.0,60,60,0,0,0.23916377490386367,0.40213523131672596
parity5+5,1124,10,pure_k1_T100,pure_k1,k=1,0,1.0,100,100,0,0,0.39860629150643945,0.37722419928825623
parity5+5,1124,10,pure_k1_T200,pure_k1,k=1,0,1.0,200,200,0,0,0.7972125830128789,0.39501779359430605
parity5+5,1124,10,mix_1_95_2_05_T20,mix_1_95_2_05,k=1.05 (95/5: 1/2),1,1.05,20,19,1,0,0.08941725080134347,0.40569395017793597
parity5+5,1124,10,mix_1_95_2_05_T40,mix_1_95_2_05,k=1.05 (95/5: 1/2),1,1.05,40,38,2,0,0.17883450160268693,0.37722419928825623
parity5+5,1124,10,mix_1_95_2_05_T60,mix_1_95_2_05,k=1.05 (95/5: 1/2),1,1.05,60,57,3,0,0.26825175240403043,0.38434163701067614
parity5+5,1124,10,mix_1_95_2_05_T100,mix_1_95_2_05,k=1.05 (95/5: 1/2),1,1.05,100,95,5,0,0.44708625400671737,0.3701067615658363
parity5+5,1124,10,mix_1_95_2_05_T200,mix_1_95_2_05,k=1.05 (95/5: 1/2),1,1.05,200,190,10,0,0.8941725080134347,0.3914590747330961
parity5+5,1124,10,mix_1_90_2_10_T20,mix_1_90_2_10,k=1.10 (90/10: 1/2),2,1.1,20,18,2,0,0.09911324330139906,0.40213523131672596
parity5+5,1124,10,mix_1_90_2_10_T40,mix_1_90_2_10,k=1.10 (90/10: 1/2),2,1.1,40,36,4,0,0.19822648660279812,0.3736654804270463
parity5+5,1124,10,mix_1_90_2_10_T60,mix_1_90_2_10,k=1.10 (90/10: 1/2),2,1.1,60,54,6,0,0.29733972990419716,0.3665480427046263
parity5+5,1124,10,mix_1_90_2_10_T100,mix_1_90_2_10,k=1.10 (90/10: 1/2),2,1.1,100,90,10,0,0.4955662165069953,0.3665480427046263
parity5+5,1124,10,mix_1_90_2_10_T200,mix_1_90_2_10,k=1.10 (90/10: 1/2),2,1.1,200,180,20,0,0.9911324330139906,0.3879003558718861
parity5+5,1124,10,mix_1_95_3_05_T20,mix_1_95_3_05,k=1.10 (95/5: 1/3),3,1.1,20,19,0,1,0.13856349642621352,0.4234875444839858
parity5+5,1124,10,mix_1_95_3_05_T40,mix_1_95_3_05,k=1.10 (95/5: 1/3),3,1.1,40,38,0,2,0.27712699285242703,0.3914590747330961
parity5+5,1124,10,mix_1_95_3_05_T60,mix_1_95_3_05,k=1.10 (95/5: 1/3),3,1.1,60,57,0,3,0.4156904892786406,0.3807829181494662
parity5+5,1124,10,mix_1_95_3_05_T100,mix_1_95_3_05,k=1.10 (95/5: 1/3),3,1.1,100,95,0,5,0.6928174821310678,0.3736654804270463
parity5+5,1124,10,mix_1_95_3_05_T200,mix_1_95_3_05,k=1.10 (95/5: 1/3),3,1.1,200,190,0,10,1.3856349642621355,0.3879003558718861
parity5+5,1124,10,mix_1_75_2_25_T20,mix_1_75_2_25,k=1.25 (75/25: 1/2),4,1.25,20,15,5,0,0.1282012208015658,0.4092526690391459
parity5+5,1124,10,mix_1_75_2_25_T40,mix_1_75_2_25,k=1.25 (75/25: 1/2),4,1.25,40,30,10,0,0.2564024416031316,0.37722419928825623
parity5+5,1124,10,mix_1_75_2_25_T60,mix_1_75_2_25,k=1.25 (75/25: 1/2),4,1.25,60,45,15,0,0.3846036624046974,0.38434163701067614
parity5+5,1124,10,mix_1_75_2_25_T100,mix_1_75_2_25,k=1.25 (75/25: 1/2),4,1.25,100,75,25,0,0.641006104007829,0.35587188612099646
parity5+5,1124,10,mix_1_75_2_25_T200,mix_1_75_2_25,k=1.25 (75/25: 1/2),4,1.25,200,150,50,0,1.282012208015658,0.3701067615658363
parity5+5,1124,10,mix_1_50_2_50_T20,mix_1_50_2_50,k=1.50 (50/50: 1/2),5,1.5,20,10,10,0,0.1766811833018437,0.398576512455516
parity5+5,1124,10,mix_1_50_2_50_T40,mix_1_50_2_50,k=1.50 (50/50: 1/2),5,1.5,40,20,20,0,0.3533623666036874,0.37722419928825623
parity5+5,1124,10,mix_1_50_2_50_T60,mix_1_50_2_50,k=1.50 (50/50: 1/2),5,1.5,60,30,30,0,0.5300435499055312,0.36298932384341637
parity5+5,1124,10,mix_1_50_2_50_T100,mix_1_50_2_50,k=1.50 (50/50: 1/2),5,1.5,100,50,50,0,0.8834059165092185,0.3879003558718861
parity5+5,1124,10,mix_1_50_2_50_T200,mix_1_50_2_50,k=1.50 (50/50: 1/2),5,1.5,200,100,100,0,1.766811833018437,0.3665480427046263
parity5+5,1124,10,pure_k2_T20,pure_k2,k=2,6,2.0,20,0,20,0,0.2736411083023995,0.3879003558718861
parity5+5,1124,10,pure_k2_T40,pure_k2,k=2,6,2.0,40,0,40,0,0.547282216604799,0.3879003558718861
parity5+5,1124,10,pure_k2_T60,pure_k2,k=2,6,2.0,60,0,60,0,0.8209233249071985,0.36298932384341637
parity5+5,1124,10,pure_k2_T100,pure_k2,k=2,6,2.0,100,0,100,0,1.3682055415119976,0.3594306049822064
parity5+5,1124,10,pure_k2_T200,pure_k2,k=2,6,2.0,200,0,200,0,2.736411083023995,0.34519572953736655
parity5+5,1124,10,mix_2_95_3_05_T20,mix_2_95_3_05,k=2.05 (95/5: 2/3),7,2.05,20,0,19,1,0.3227873539272696,0.38434163701067614
parity5+5,1124,10,mix_2_95_3_05_T40,mix_2_95_3_05,k=2.05 (95/5: 2/3),7,2.05,40,0,38,2,0.6455747078545392,0.38434163701067614
parity5+5,1124,10,mix_2_95_3_05_T60,mix_2_95_3_05,k=2.05 (95/5: 2/3),7,2.05,60,0,57,3,0.9683620617818087,0.3701067615658363
parity5+5,1124,10,mix_2_95_3_05_T100,mix_2_95_3_05,k=2.05 (95/5: 2/3),7,2.05,100,0,95,5,1.6139367696363478,0.3665480427046263
parity5+5,1124,10,mix_2_95_3_05_T200,mix_2_95_3_05,k=2.05 (95/5: 2/3),7,2.05,200,0,190,10,3.2278735392726956,0.35231316725978645
parity5+5,1124,10,pure_k3_T20,pure_k3,k=3,8,3.0,20,0,0,20,1.2565660207998008,0.3701067615658363
parity5+5,1124,10,pure_k3_T40,pure_k3,k=3,8,3.0,40,0,0,40,2.5131320415996017,0.3807829181494662
parity5+5,1124,10,pure_k3_T60,pure_k3,k=3,8,3.0,60,0,0,60,3.769698062399402,0.3701067615658363
parity5+5,1124,10,pure_k3_T100,pure_k3,k=3,8,3.0,100,0,0,100,6.282830103999004,0.3701067615658363
parity5+5,1124,10,pure_k3_T200,pure_k3,k=3,8,3.0,200,0,0,200,12.565660207998008,0.3274021352313167
mofn_3_7_10,1324,10,pure_k1_T20,pure_k1,k=1,0,1.0,20,20,0,0,0.07900845832191408,0.8277945619335347
mofn_3_7_10,1324,10,pure_k1_T40,pure_k1,k=1,0,1.0,40,40,0,0,0.15801691664382816,0.8338368580060423
mofn_3_7_10,1324,10,pure_k1_T60,pure_k1,k=1,0,1.0,60,60,0,0,0.23702537496574222,0.8338368580060423
mofn_3_7_10,1324,10,pure_k1_T100,pure_k1,k=1,0,1.0,100,100,0,0,0.3950422916095704,0.8277945619335347
mofn_3_7_10,1324,10,pure_k1_T200,pure_k1,k=1,0,1.0,200,200,0,0,0.7900845832191408,0.8217522658610272
mofn_3_7_10,1324,10,mix_1_95_2_05_T20,mix_1_95_2_05,k=1.05 (95/5: 1/2),1,1.05,20,19,1,0,0.09242840770166368,0.8338368580060423
mofn_3_7_10,1324,10,mix_1_95_2_05_T40,mix_1_95_2_05,k=1.05 (95/5: 1/2),1,1.05,40,38,2,0,0.18485681540332735,0.8398791540785498
mofn_3_7_10,1324,10,mix_1_95_2_05_T60,mix_1_95_2_05,k=1.05 (95/5: 1/2),1,1.05,60,57,3,0,0.27728522310499104,0.8338368580060423
mofn_3_7_10,1324,10,mix_1_95_2_05_T100,mix_1_95_2_05,k=1.05 (95/5: 1/2),1,1.05,100,95,5,0,0.46214203850831836,0.8277945619335347
mofn_3_7_10,1324,10,mix_1_95_2_05_T200,mix_1_95_2_05,k=1.05 (95/5: 1/2),1,1.05,200,190,10,0,0.9242840770166367,0.8217522658610272
mofn_3_7_10,1324,10,mix_1_90_2_10_T20,mix_1_90_2_10,k=1.10 (90/10: 1/2),2,1.1,20,18,2,0,0.10584835708141327,0.8338368580060423
mofn_3_7_10,1324,10,mix_1_90_2_10_T40,mix_1_90_2_10,k=1.10 (90/10: 1/2),2,1.1,40,36,4,0,0.21169671416282654,0.8398791540785498
mofn_3_7_10,1324,10,mix_1_90_2_10_T60,mix_1_90_2_10,k=1.10 (90/10: 1/2),2,1.1,60,54,6,0,0.3175450712442398,0.8338368580060423
mofn_3_7_10,1324,10,mix_1_90_2_10_T100,mix_1_90_2_10,k=1.10 (90/10: 1/2),2,1.1,100,90,10,0,0.5292417854070663,0.8398791540785498
mofn_3_7_10,1324,10,mix_1_90_2_10_T200,mix_1_90_2_10,k=1.10 (90/10: 1/2),2,1.1,200,180,20,0,1.0584835708141327,0.8217522658610272
mofn_3_7_10,1324,10,mix_1_95_3_05_T20,mix_1_95_3_05,k=1.10 (95/5: 1/3),3,1.1,20,19,0,1,0.1516103247809224,0.8338368580060423
mofn_3_7_10,1324,10,mix_1_95_3_05_T40,mix_1_95_3_05,k=1.10 (95/5: 1/3),3,1.1,40,38,0,2,0.3032206495618448,0.8398791540785498
mofn_3_7_10,1324,10,mix_1_95_3_05_T60,mix_1_95_3_05,k=1.10 (95/5: 1/3),3,1.1,60,57,0,3,0.45483097434276715,0.8338368580060423
mofn_3_7_10,1324,10,mix_1_95_3_05_T100,mix_1_95_3_05,k=1.10 (95/5: 1/3),3,1.1,100,95,0,5,0.7580516239046119,0.8277945619335347
mofn_3_7_10,1324,10,mix_1_95_3_05_T200,mix_1_95_3_05,k=1.10 (95/5: 1/3),3,1.1,200,190,0,10,1.5161032478092238,0.8217522658610272
mofn_3_7_10,1324,10,mix_1_75_2_25_T20,mix_1_75_2_25,k=1.25 (75/25: 1/2),4,1.25,20,15,5,0,0.14610820522066204,0.8398791540785498
mofn_3_7_10,1324,10,mix_1_75_2_25_T40,mix_1_75_2_25,k=1.25 (75/25: 1/2),4,1.25,40,30,10,0,0.29221641044132407,0.8338368580060423
mofn_3_7_10,1324,10,mix_1_75_2_25_T60,mix_1_75_2_25,k=1.25 (75/25: 1/2),4,1.25,60,45,15,0,0.4383246156619862,0.8338368580060423
mofn_3_7_10,1324,10,mix_1_75_2_25_T100,mix_1_75_2_25,k=1.25 (75/25: 1/2),4,1.25,100,75,25,0,0.7305410261033103,0.8338368580060423
mofn_3_7_10,1324,10,mix_1_75_2_25_T200,mix_1_75_2_25,k=1.25 (75/25: 1/2),4,1.25,200,150,50,0,1.4610820522066206,0.8217522658610272
mofn_3_7_10,1324,10,mix_1_50_2_50_T20,mix_1_50_2_50,k=1.50 (50/50: 1/2),5,1.5,20,10,10,0,0.21320795211941002,0.8308157099697885
mofn_3_7_10,1324,10,mix_1_50_2_50_T40,mix_1_50_2_50,k=1.50 (50/50: 1/2),5,1.5,40,20,20,0,0.42641590423882003,0.8398791540785498
mofn_3_7_10,1324,10,mix_1_50_2_50_T60,mix_1_50_2_50,k=1.50 (50/50: 1/2),5,1.5,60,30,30,0,0.6396238563582302,0.8338368580060423
mofn_3_7_10,1324,10,mix_1_50_2_50_T100,mix_1_50_2_50,k=1.50 (50/50: 1/2),5,1.5,100,50,50,0,1.0660397605970502,0.8398791540785498
mofn_3_7_10,1324,10,mix_1_50_2_50_T200,mix_1_50_2_50,k=1.50 (50/50: 1/2),5,1.5,200,100,100,0,2.1320795211941004,0.8277945619335347
mofn_3_7_10,1324,10,pure_k2_T20,pure_k2,k=2,6,2.0,20,0,20,0,0.347407445916906,0.8459214501510574
mofn_3_7_10,1324,10,pure_k2_T40,pure_k2,k=2,6,2.0,40,0,40,0,0.694814891833812,0.8398791540785498
mofn_3_7_10,1324,10,pure_k2_T60,pure_k2,k=2,6,2.0,60,0,60,0,1.042222337750718,0.8277945619335347
mofn_3_7_10,1324,10,pure_k2_T100,pure_k2,k=2,6,2.0,100,0,100,0,1.73703722958453,0.8277945619335347
mofn_3_7_10,1324,10,pure_k2_T200,pure_k2,k=2,6,2.0,200,0,200,0,3.47407445916906,0.8277945619335347
mofn_3_7_10,1324,10,mix_2_95_3_05_T20,mix_2_95_3_05,k=2.05 (95/5: 2/3),7,2.05,20,0,19,1,0.4065893629961647,0.8398791540785498
mofn_3_7_10,1324,10,mix_2_95_3_05_T40,mix_2_95_3_05,k=2.05 (95/5: 2/3),7,2.05,40,0,38,2,0.8131787259923294,0.8338368580060423
mofn_3_7_10,1324,10,mix_2_95_3_05_T60,mix_2_95_3_05,k=2.05 (95/5: 2/3),7,2.05,60,0,57,3,1.219768088988494,0.8338368580060423
mofn_3_7_10,1324,10,mix_2_95_3_05_T100,mix_2_95_3_05,k=2.05 (95/5: 2/3),7,2.05,100,0,95,5,2.0329468149808236,0.8277945619335347
mofn_3_7_10,1324,10,mix_2_95_3_05_T200,mix_2_95_3_05,k=2.05 (95/5: 2/3),7,2.05,200,0,190,10,4.065893629961647,0.8277945619335347
mofn_3_7_10,1324,10,pure_k3_T20,pure_k3,k=3,8,3.0,20,0,0,20,1.5310457875020802,0.8338368580060423
mofn_3_7_10,1324,10,pure_k3_T40,pure_k3,k=3,8,3.0,40,0,0,40,3.0620915750041604,0.8338368580060423
mofn_3_7_10,1324,10,pure_k3_T60,pure_k3,k=3,8,3.0,60,0,0,60,4.593137362506241,0.8398791540785498
mofn_3_7_10,1324,10,pure_k3_T100,pure_k3,k=3,8,3.0,100,0,0,100,7.655228937510401,0.8368580060422961
mofn_3_7_10,1324,10,pure_k3_T200,pure_k3,k=3,8,3.0,200,0,0,200,15.310457875020802,0.8429003021148036
analcatdata_fraud,42,11,pure_k1_T20,pure_k1,k=1,0,1.0,20,20,0,0,0.023808358376845716,0.6363636363636364
analcatdata_fraud,42,11,pure_k1_T40,pure_k1,k=1,0,1.0,40,40,0,0,0.04761671675369143,0.6363636363636364
analcatdata_fraud,42,11,pure_k1_T60,pure_k1,k=1,0,1.0,60,60,0,0,0.07142507513053716,0.6363636363636364
analcatdata_fraud,42,11,pure_k1_T100,pure_k1,k=1,0,1.0,100,100,0,0,0.11904179188422859,0.6363636363636364
analcatdata_fraud,42,11,pure_k1_T200,pure_k1,k=1,0,1.0,200,200,0,0,0.23808358376845717,0.6363636363636364
analcatdata_fraud,42,11,mix_1_95_2_05_T20,mix_1_95_2_05,k=1.05 (95/5: 1/2),1,1.05,20,19,1,0,0.02752663753926754,0.6363636363636364
analcatdata_fraud,42,11,mix_1_95_2_05_T40,mix_1_95_2_05,k=1.05 (95/5: 1/2),1,1.05,40,38,2,0,0.05505327507853508,0.6363636363636364
analcatdata_fraud,42,11,mix_1_95_2_05_T60,mix_1_95_2_05,k=1.05 (95/5: 1/2),1,1.05,60,57,3,0,0.08257991261780262,0.6363636363636364
analcatdata_fraud,42,11,mix_1_95_2_05_T100,mix_1_95_2_05,k=1.05 (95/5: 1/2),1,1.05,100,95,5,0,0.1376331876963377,0.6363636363636364
analcatdata_fraud,42,11,mix_1_95_2_05_T200,mix_1_95_2_05,k=1.05 (95/5: 1/2),1,1.05,200,190,10,0,0.2752663753926754,0.6363636363636364
analcatdata_fraud,42,11,mix_1_90_2_10_T20,mix_1_90_2_10,k=1.10 (90/10: 1/2),2,1.1,20,18,2,0,0.031244916701689364,0.6363636363636364
analcatdata_fraud,42,11,mix_1_90_2_10_T40,mix_1_90_2_10,k=1.10 (90/10: 1/2),2,1.1,40,36,4,0,0.06248983340337873,0.6363636363636364
analcatdata_fraud,42,11,mix_1_90_2_10_T60,mix_1_90_2_10,k=1.10 (90/10: 1/2),2,1.1,60,54,6,0,0.09373475010506808,0.6363636363636364
analcatdata_fraud,42,11,mix_1_90_2_10_T100,mix_1_90_2_10,k=1.10 (90/10: 1/2),2,1.1,100,90,10,0,0.1562245835084468,0.6363636363636364
analcatdata_fraud,42,11,mix_1_90_2_10_T200,mix_1_90_2_10,k=1.10 (90/10: 1/2),2,1.1,200,180,20,0,0.3124491670168936,0.6363636363636364
analcatdata_fraud,42,11,mix_1_95_3_05_T20,mix_1_95_3_05,k=1.10 (95/5: 1/3),3,1.1,20,19,0,1,0.04765899691730738,0.6363636363636364
analcatdata_fraud,42,11,mix_1_95_3_05_T40,mix_1_95_3_05,k=1.10 (95/5: 1/3),3,1.1,40,38,0,2,0.09531799383461476,0.6363636363636364
analcatdata_fraud,42,11,mix_1_95_3_05_T60,mix_1_95_3_05,k=1.10 (95/5: 1/3),3,1.1,60,57,0,3,0.1429769907519221,0.6363636363636364
analcatdata_fraud,42,11,mix_1_95_3_05_T100,mix_1_95_3_05,k=1.10 (95/5: 1/3),3,1.1,100,95,0,5,0.2382949845865369,0.6363636363636364
analcatdata_fraud,42,11,mix_1_95_3_05_T200,mix_1_95_3_05,k=1.10 (95/5: 1/3),3,1.1,200,190,0,10,0.4765899691730738,0.6363636363636364
analcatdata_fraud,42,11,mix_1_75_2_25_T20,mix_1_75_2_25,k=1.25 (75/25: 1/2),4,1.25,20,15,5,0,0.042399754188954836,0.6363636363636364
analcatdata_fraud,42,11,mix_1_75_2_25_T40,mix_1_75_2_25,k=1.25 (75/25: 1/2),4,1.25,40,30,10,0,0.08479950837790967,0.6363636363636364
analcatdata_fraud,42,11,mix_1_75_2_25_T60,mix_1_75_2_25,k=1.25 (75/25: 1/2),4,1.25,60,45,15,0,0.12719926256686448,0.6363636363636364
analcatdata_fraud,42,11,mix_1_75_2_25_T100,mix_1_75_2_25,k=1.25 (75/25: 1/2),4,1.25,100,75,25,0,0.21199877094477415,0.6363636363636364
analcatdata_fraud,42,11,mix_1_75_2_25_T200,mix_1_75_2_25,k=1.25 (75/25: 1/2),4,1.25,200,150,50,0,0.4239975418895483,0.6363636363636364
analcatdata_fraud,42,11,mix_1_50_2_50_T20,mix_1_50_2_50,k=1.50 (50/50: 1/2),5,1.5,20,10,10,0,0.06099115000106395,0.6363636363636364
analcatdata_fraud,42,11,mix_1_50_2_50_T40,mix_1_50_2_50,k=1.50 (50/50: 1/2),5,1.5,40,20,20,0,0.1219823000021279,0.6363636363636364
analcatdata_fraud,42,11,mix_1_50_2_50_T60,mix_1_50_2_50,k=1.50 (50/50: 1/2),5,1.5,60,30,30,0,0.18297345000319182,0.6363636363636364
analcatdata_fraud,42,11,mix_1_50_2_50_T100,mix_1_50_2_50,k=1.50 (50/50: 1/2),5,1.5,100,50,50,0,0.3049557500053197,0.6363636363636364
analcatdata_fraud,42,11,mix_1_50_2_50_T200,mix_1_50_2_50,k=1.50 (50/50: 1/2),5,1.5,200,100,100,0,0.6099115000106394,0.6363636363636364
analcatdata_fraud,42,11,pure_k2_T20,pure_k2,k=2,6,2.0,20,0,20,0,0.09817394162528217,0.7272727272727273
analcatdata_fraud,42,11,pure_k2_T40,pure_k2,k=2,6,2.0,40,0,40,0,0.19634788325056435,0.6363636363636364
analcatdata_fraud,42,11,pure_k2_T60,pure_k2,k=2,6,2.0,60,0,60,0,0.2945218248758465,0.7272727272727273
analcatdata_fraud,42,11,pure_k2_T100,pure_k2,k=2,6,2.0,100,0,100,0,0.49086970812641084,0.6363636363636364
analcatdata_fraud,42,11,pure_k2_T200,pure_k2,k=2,6,2.0,200,0,200,0,0.9817394162528217,0.7272727272727273
analcatdata_fraud,42,11,mix_2_95_3_05_T20,mix_2_95_3_05,k=2.05 (95/5: 2/3),7,2.05,20,0,19,1,0.11830630100332201,0.7272727272727273
analcatdata_fraud,42,11,mix_2_95_3_05_T40,mix_2_95_3_05,k=2.05 (95/5: 2/3),7,2.05,40,0,38,2,0.23661260200664402,0.7272727272727273
analcatdata_fraud,42,11,mix_2_95_3_05_T60,mix_2_95_3_05,k=2.05 (95/5: 2/3),7,2.05,60,0,57,3,0.354918903009966,0.7272727272727273
analcatdata_fraud,42,11,mix_2_95_3_05_T100,mix_2_95_3_05,k=2.05 (95/5: 2/3),7,2.05,100,0,95,5,0.59153150501661,0.6363636363636364
analcatdata_fraud,42,11,mix_2_95_3_05_T200,mix_2_95_3_05,k=2.05 (95/5: 2/3),7,2.05,200,0,190,10,1.18306301003322,0.7272727272727273
analcatdata_fraud,42,11,pure_k3_T20,pure_k3,k=3,8,3.0,20,0,0,20,0.5008211291860789,0.7272727272727273
analcatdata_fraud,42,11,pure_k3_T40,pure_k3,k=3,8,3.0,40,0,0,40,1.0016422583721578,0.7272727272727273
analcatdata_fraud,42,11,pure_k3_T60,pure_k3,k=3,8,3.0,60,0,0,60,1.5024633875582367,0.7272727272727273
analcatdata_fraud,42,11,pure_k3_T100,pure_k3,k=3,8,3.0,100,0,0,100,2.5041056459303945,0.6363636363636364
analcatdata_fraud,42,11,pure_k3_T200,pure_k3,k=3,8,3.0,200,0,0,200,5.008211291860789,0.7272727272727273
labor,57,16,pure_k1_T20,pure_k1,k=1,0,1.0,20,20,0,0,0.02717737080529332,0.7333333333333333
labor,57,16,pure_k1_T40,pure_k1,k=1,0,1.0,40,40,0,0,0.05435474161058664,0.7333333333333333
labor,57,16,pure_k1_T60,pure_k1,k=1,0,1.0,60,60,0,0,0.08153211241587996,0.8
labor,57,16,pure_k1_T100,pure_k1,k=1,0,1.0,100,100,0,0,0.1358868540264666,0.7333333333333333
labor,57,16,pure_k1_T200,pure_k1,k=1,0,1.0,200,200,0,0,0.2717737080529332,0.7333333333333333
labor,57,16,mix_1_95_2_05_T20,mix_1_95_2_05,k=1.05 (95/5: 1/2),1,1.05,20,19,1,0,0.06272845830535516,0.7333333333333333
labor,57,16,mix_1_95_2_05_T40,mix_1_95_2_05,k=1.05 (95/5: 1/2),1,1.05,40,38,2,0,0.12545691661071032,0.7333333333333333
labor,57,16,mix_1_95_2_05_T60,mix_1_95_2_05,k=1.05 (95/5: 1/2),1,1.05,60,57,3,0,0.18818537491606546,0.8
labor,57,16,mix_1_95_2_05_T100,mix_1_95_2_05,k=1.05 (95/5: 1/2),1,1.05,100,95,5,0,0.3136422915267758,0.7333333333333333
labor,57,16,mix_1_95_2_05_T200,mix_1_95_2_05,k=1.05 (95/5: 1/2),1,1.05,200,190,10,0,0.6272845830535516,0.8
labor,57,16,mix_1_90_2_10_T20,mix_1_90_2_10,k=1.10 (90/10: 1/2),2,1.1,20,18,2,0,0.098279545805417,0.7333333333333333
labor,57,16,mix_1_90_2_10_T40,mix_1_90_2_10,k=1.10 (90/10: 1/2),2,1.1,40,36,4,0,0.196559091610834,0.8
labor,57,16,mix_1_90_2_10_T60,mix_1_90_2_10,k=1.10 (90/10: 1/2),2,1.1,60,54,6,0,0.294838637416251,0.8
labor,57,16,mix_1_90_2_10_T100,mix_1_90_2_10,k=1.10 (90/10: 1/2),2,1.1,100,90,10,0,0.491397729027085,0.8
labor,57,16,mix_1_90_2_10_T200,mix_1_90_2_10,k=1.10 (90/10: 1/2),2,1.1,200,180,20,0,0.98279545805417,0.8
labor,57,16,mix_1_95_3_05_T20,mix_1_95_3_05,k=1.10 (95/5: 1/3),3,1.1,20,19,0,1,1.372933758725412,0.7333333333333333
labor,57,16,mix_1_95_3_05_T40,mix_1_95_3_05,k=1.10 (95/5: 1/3),3,1.1,40,38,0,2,2.745867517450824,0.7333333333333333
labor,57,16,mix_1_95_3_05_T60,mix_1_95_3_05,k=1.10 (95/5: 1/3),3,1.1,60,57,0,3,4.118801276176237,0.8
labor,57,16,mix_1_95_3_05_T100,mix_1_95_3_05,k=1.10 (95/5: 1/3),3,1.1,100,95,0,5,6.864668793627061,0.7333333333333333
labor,57,16,mix_1_95_3_05_T200,mix_1_95_3_05,k=1.10 (95/5: 1/3),3,1.1,200,190,0,10,13.729337587254122,0.8
labor,57,16,mix_1_75_2_25_T20,mix_1_75_2_25,k=1.25 (75/25: 1/2),4,1.25,20,15,5,0,0.20493280830560254,0.8
labor,57,16,mix_1_75_2_25_T40,mix_1_75_2_25,k=1.25 (75/25: 1/2),4,1.25,40,30,10,0,0.4098656166112051,0.7333333333333333
labor,57,16,mix_1_75_2_25_T60,mix_1_75_2_25,k=1.25 (75/25: 1/2),4,1.25,60,45,15,0,0.6147984249168076,0.7333333333333333
labor,57,16,mix_1_75_2_25_T100,mix_1_75_2_25,k=1.25 (75/25: 1/2),4,1.25,100,75,25,0,1.0246640415280126,0.7333333333333333
labor,57,16,mix_1_75_2_25_T200,mix_1_75_2_25,k=1.25 (75/25: 1/2),4,1.25,200,150,50,0,2.049328083056025,0.8
labor,57,16,mix_1_50_2_50_T20,mix_1_50_2_50,k=1.50 (50/50: 1/2),5,1.5,20,10,10,0,0.38268824580591176,0.8
labor,57,16,mix_1_50_2_50_T40,mix_1_50_2_50,k=1.50 (50/50: 1/2),5,1.5,40,20,20,0,0.7653764916118235,0.7333333333333333
labor,57,16,mix_1_50_2_50_T60,mix_1_50_2_50,k=1.50 (50/50: 1/2),5,1.5,60,30,30,0,1.148064737417735,0.8
labor,57,16,mix_1_50_2_50_T100,mix_1_50_2_50,k=1.50 (50/50: 1/2),5,1.5,100,50,50,0,1.9134412290295586,0.8
labor,57,16,mix_1_50_2_50_T200,mix_1_50_2_50,k=1.50 (50/50: 1/2),5,1.5,200,100,100,0,3.826882458059117,0.7333333333333333
labor,57,16,pure_k2_T20,pure_k2,k=2,6,2.0,20,0,20,0,0.7381991208065302,0.8
labor,57,16,pure_k2_T40,pure_k2,k=2,6,2.0,40,0,40,0,1.4763982416130603,0.8
labor,57,16,pure_k2_T60,pure_k2,k=2,6,2.0,60,0,60,0,2.2145973624195903,0.8
labor,57,16,pure_k2_T100,pure_k2,k=2,6,2.0,100,0,100,0,3.6909956040326506,0.8666666666666667
labor,57,16,pure_k2_T200,pure_k2,k=2,6,2.0,200,0,200,0,7.381991208065301,0.8666666666666667
labor,57,16,mix_2_95_3_05_T20,mix_2_95_3_05,k=2.05 (95/5: 2/3),7,2.05,20,0,19,1,2.048404421226587,0.8
labor,57,16,mix_2_95_3_05_T40,mix_2_95_3_05,k=2.05 (95/5: 2/3),7,2.05,40,0,38,2,4.096808842453174,0.8
labor,57,16,mix_2_95_3_05_T60,mix_2_95_3_05,k=2.05 (95/5: 2/3),7,2.05,60,0,57,3,6.145213263679761,0.8
labor,57,16,mix_2_95_3_05_T100,mix_2_95_3_05,k=2.05 (95/5: 2/3),7,2.05,100,0,95,5,10.242022106132936,0.8666666666666667
labor,57,16,mix_2_95_3_05_T200,mix_2_95_3_05,k=2.05 (95/5: 2/3),7,2.05,200,0,190,10,20.48404421226587,0.8666666666666667
labor,57,16,pure_k3_T20,pure_k3,k=3,8,3.0,20,0,0,20,26.94230512920767,0.8
labor,57,16,pure_k3_T40,pure_k3,k=3,8,3.0,40,0,0,40,53.88461025841534,0.7333333333333333
labor,57,16,pure_k3_T60,pure_k3,k=3,8,3.0,60,0,0,60,80.82691538762302,0.7333333333333333
labor,57,16,pure_k3_T100,pure_k3,k=3,8,3.0,100,0,0,100,134.71152564603835,0.8
labor,57,16,pure_k3_T200,pure_k3,k=3,8,3.0,200,0,0,200,269.4230512920767,0.8
lymphography,148,18,pure_k1_T20,pure_k1,k=1,0,1.0,20,20,0,0,0.041906758397817614,0.7837837837837838
lymphography,148,18,pure_k1_T40,pure_k1,k=1,0,1.0,40,40,0,0,0.08381351679563523,0.8108108108108109
lymphography,148,18,pure_k1_T60,pure_k1,k=1,0,1.0,60,60,0,0,0.12572027519345283,0.7837837837837838
lymphography,148,18,pure_k1_T100,pure_k1,k=1,0,1.0,100,100,0,0,0.20953379198908806,0.7837837837837838
lymphography,148,18,pure_k1_T200,pure_k1,k=1,0,1.0,200,200,0,0,0.4190675839781761,0.7837837837837838
lymphography,148,18,mix_1_95_2_05_T20,mix_1_95_2_05,k=1.05 (95/5: 1/2),1,1.05,20,19,1,0,0.06784191610291601,0.7837837837837838
lymphography,148,18,mix_1_95_2_05_T40,mix_1_95_2_05,k=1.05 (95/5: 1/2),1,1.05,40,38,2,0,0.13568383220583202,0.8108108108108109
lymphography,148,18,mix_1_95_2_05_T60,mix_1_95_2_05,k=1.05 (95/5: 1/2),1,1.05,60,57,3,0,0.203525748308748,0.7837837837837838
lymphography,148,18,mix_1_95_2_05_T100,mix_1_95_2_05,k=1.05 (95/5: 1/2),1,1.05,100,95,5,0,0.33920958051458,0.7837837837837838
lymphography,148,18,mix_1_95_2_05_T200,mix_1_95_2_05,k=1.05 (95/5: 1/2),1,1.05,200,190,10,0,0.67841916102916,0.7837837837837838
lymphography,148,18,mix_1_90_2_10_T20,mix_1_90_2_10,k=1.10 (90/10: 1/2),2,1.1,20,18,2,0,0.0937770738080144,0.7837837837837838
lymphography,148,18,mix_1_90_2_10_T40,mix_1_90_2_10,k=1.10 (90/10: 1/2),2,1.1,40,36,4,0,0.1875541476160288,0.8108108108108109
lymphography,148,18,mix_1_90_2_10_T60,mix_1_90_2_10,k=1.10 (90/10: 1/2),2,1.1,60,54,6,0,0.2813312214240432,0.7837837837837838
lymphography,148,18,mix_1_90_2_10_T100,mix_1_90_2_10,k=1.10 (90/10: 1/2),2,1.1,100,90,10,0,0.46888536904007194,0.7837837837837838
lymphography,148,18,mix_1_90_2_10_T200,mix_1_90_2_10,k=1.10 (90/10: 1/2),2,1.1,200,180,20,0,0.9377707380801439,0.7837837837837838
lymphography,148,18,mix_1_95_3_05_T20,mix_1_95_3_05,k=1.10 (95/5: 1/3),3,1.1,20,19,0,1,0.5689493156876415,0.7837837837837838
lymphography,148,18,mix_1_95_3_05_T40,mix_1_95_3_05,k=1.10 (95/5: 1/3),3,1.1,40,38,0,2,1.137898631375283,0.8108108108108109
lymphography,148,18,mix_1_95_3_05_T60,mix_1_95_3_05,k=1.10 (95/5: 1/3),3,1.1,60,57,0,3,1.7068479470629245,0.7837837837837838
lymphography,148,18,mix_1_95_3_05_T100,mix_1_95_3_05,k=1.10 (95/5: 1/3),3,1.1,100,95,0,5,2.8447465784382073,0.7837837837837838
lymphography,148,18,mix_1_95_3_05_T200,mix_1_95_3_05,k=1.10 (95/5: 1/3),3,1.1,200,190,0,10,5.689493156876415,0.7837837837837838
lymphography,148,18,mix_1_75_2_25_T20,mix_1_75_2_25,k=1.25 (75/25: 1/2),4,1.25,20,15,5,0,0.17158254692330957,0.8108108108108109
lymphography,148,18,mix_1_75_2_25_T40,mix_1_75_2_25,k=1.25 (75/25: 1/2),4,1.25,40,30,10,0,0.34316509384661914,0.7837837837837838
lymphography,148,18,mix_1_75_2_25_T60,mix_1_75_2_25,k=1.25 (75/25: 1/2),4,1.25,60,45,15,0,0.5147476407699287,0.8108108108108109
lymphography,148,18,mix_1_75_2_25_T100,mix_1_75_2_25,k=1.25 (75/25: 1/2),4,1.25,100,75,25,0,0.8579127346165478,0.7837837837837838
lymphography,148,18,mix_1_75_2_25_T200,mix_1_75_2_25,k=1.25 (75/25: 1/2),4,1.25,200,150,50,0,1.7158254692330956,0.7837837837837838
lymphography,148,18,mix_1_50_2_50_T20,mix_1_50_2_50,k=1.50 (50/50: 1/2),5,1.5,20,10,10,0,0.30125833544880154,0.7837837837837838
lymphography,148,18,mix_1_50_2_50_T40,mix_1_50_2_50,k=1.50 (50/50: 1/2),5,1.5,40,20,20,0,0.6025166708976031,0.7837837837837838
lymphography,148,18,mix_1_50_2_50_T60,mix_1_50_2_50,k=1.50 (50/50: 1/2),5,1.5,60,30,30,0,0.9037750063464045,0.7837837837837838
lymphography,148,18,mix_1_50_2_50_T100,mix_1_50_2_50,k=1.50 (50/50: 1/2),5,1.5,100,50,50,0,1.5062916772440076,0.7837837837837838
lymphography,148,18,mix_1_50_2_50_T200,mix_1_50_2_50,k=1.50 (50/50: 1/2),5,1.5,200,100,100,0,3.012583354488015,0.7837837837837838
lymphography,148,18,pure_k2_T20,pure_k2,k=2,6,2.0,20,0,20,0,0.5606099124997854,0.8108108108108109
lymphography,148,18,pure_k2_T40,pure_k2,k=2,6,2.0,40,0,40,0,1.1212198249995708,0.7567567567567568
lymphography,148,18,pure_k2_T60,pure_k2,k=2,6,2.0,60,0,60,0,1.6818297374993563,0.7837837837837838
lymphography,148,18,pure_k2_T100,pure_k2,k=2,6,2.0,100,0,100,0,2.803049562498927,0.7837837837837838
lymphography,148,18,pure_k2_T200,pure_k2,k=2,6,2.0,200,0,200,0,5.606099124997854,0.7837837837837838
lymphography,148,18,mix_2_95_3_05_T20,mix_2_95_3_05,k=2.05 (95/5: 2/3),7,2.05,20,0,19,1,1.061717312084511,0.7837837837837838
lymphography,148,18,mix_2_95_3_05_T40,mix_2_95_3_05,k=2.05 (95/5: 2/3),7,2.05,40,0,38,2,2.123434624169022,0.7567567567567568
lymphography,148,18,mix_2_95_3_05_T60,mix_2_95_3_05,k=2.05 (95/5: 2/3),7,2.05,60,0,57,3,3.1851519362535328,0.7567567567567568
lymphography,148,18,mix_2_95_3_05_T100,mix_2_95_3_05,k=2.05 (95/5: 2/3),7,2.05,100,0,95,5,5.308586560422555,0.7837837837837838
lymphography,148,18,mix_2_95_3_05_T200,mix_2_95_3_05,k=2.05 (95/5: 2/3),7,2.05,200,0,190,10,10.61717312084511,0.7837837837837838
lymphography,148,18,pure_k3_T20,pure_k3,k=3,8,3.0,20,0,0,20,10.582757904194295,0.8378378378378378
lymphography,148,18,pure_k3_T40,pure_k3,k=3,8,3.0,40,0,0,40,21.16551580838859,0.8108108108108109
lymphography,148,18,pure_k3_T60,pure_k3,k=3,8,3.0,60,0,0,60,31.748273712582886,0.7837837837837838
lymphography,148,18,pure_k3_T100,pure_k3,k=3,8,3.0,100,0,0,100,52.91378952097148,0.7837837837837838
lymphography,148,18,pure_k3_T200,pure_k3,k=3,8,3.0,200,0,0,200,105.82757904194295,0.8108108108108109
spect,267,22,pure_k1_T20,pure_k1,k=1,0,1.0,20,20,0,0,0.04719244590960443,0.8656716417910447
spect,267,22,pure_k1_T40,pure_k1,k=1,0,1.0,40,40,0,0,0.09438489181920887,0.8805970149253731
spect,267,22,pure_k1_T60,pure_k1,k=1,0,1.0,60,60,0,0,0.14157733772881329,0.8656716417910447
spect,267,22,pure_k1_T100,pure_k1,k=1,0,1.0,100,100,0,0,0.23596222954802215,0.8805970149253731
spect,267,22,pure_k1_T200,pure_k1,k=1,0,1.0,200,200,0,0,0.4719244590960443,0.8656716417910447
spect,267,22,mix_1_95_2_05_T20,mix_1_95_2_05,k=1.05 (95/5: 1/2),1,1.05,20,19,1,0,0.06510262340540067,0.8507462686567164
spect,267,22,mix_1_95_2_05_T40,mix_1_95_2_05,k=1.05 (95/5: 1/2),1,1.05,40,38,2,0,0.13020524681080134,0.8656716417910447
spect,267,22,mix_1_95_2_05_T60,mix_1_95_2_05,k=1.05 (95/5: 1/2),1,1.05,60,57,3,0,0.195307870216202,0.8656716417910447
spect,267,22,mix_1_95_2_05_T100,mix_1_95_2_05,k=1.05 (95/5: 1/2),1,1.05,100,95,5,0,0.3255131170270033,0.8805970149253731
spect,267,22,mix_1_95_2_05_T200,mix_1_95_2_05,k=1.05 (95/5: 1/2),1,1.05,200,190,10,0,0.6510262340540066,0.8656716417910447
spect,267,22,mix_1_90_2_10_T20,mix_1_90_2_10,k=1.10 (90/10: 1/2),2,1.1,20,18,2,0,0.08301280090119689,0.8656716417910447
spect,267,22,mix_1_90_2_10_T40,mix_1_90_2_10,k=1.10 (90/10: 1/2),2,1.1,40,36,4,0,0.16602560180239379,0.8656716417910447
spect,267,22,mix_1_90_2_10_T60,mix_1_90_2_10,k=1.10 (90/10: 1/2),2,1.1,60,54,6,0,0.24903840270359068,0.8656716417910447
spect,267,22,mix_1_90_2_10_T100,mix_1_90_2_10,k=1.10 (90/10: 1/2),2,1.1,100,90,10,0,0.41506400450598446,0.8656716417910447
spect,267,22,mix_1_90_2_10_T200,mix_1_90_2_10,k=1.10 (90/10: 1/2),2,1.1,200,180,20,0,0.8301280090119689,0.8507462686567164
spect,267,22,mix_1_95_3_05_T20,mix_1_95_3_05,k=1.10 (95/5: 1/3),3,1.1,20,19,0,1,0.2629916344443336,0.8507462686567164
spect,267,22,mix_1_95_3_05_T40,mix_1_95_3_05,k=1.10 (95/5: 1/3),3,1.1,40,38,0,2,0.5259832688886672,0.8656716417910447
spect,267,22,mix_1_95_3_05_T60,mix_1_95_3_05,k=1.10 (95/5: 1/3),3,1.1,60,57,0,3,0.7889749033330009,0.8656716417910447
spect,267,22,mix_1_95_3_05_T100,mix_1_95_3_05,k=1.10 (95/5: 1/3),3,1.1,100,95,0,5,1.314958172221668,0.8805970149253731
spect,267,22,mix_1_95_3_05_T200,mix_1_95_3_05,k=1.10 (95/5: 1/3),3,1.1,200,190,0,10,2.629916344443336,0.8507462686567164
spect,267,22,mix_1_75_2_25_T20,mix_1_75_2_25,k=1.25 (75/25: 1/2),4,1.25,20,15,5,0,0.1367433333885856,0.8656716417910447
spect,267,22,mix_1_75_2_25_T40,mix_1_75_2_25,k=1.25 (75/25: 1/2),4,1.25,40,30,10,0,0.2734866667771712,0.8656716417910447
spect,267,22,mix_1_75_2_25_T60,mix_1_75_2_25,k=1.25 (75/25: 1/2),4,1.25,60,45,15,0,0.4102300001657568,0.8656716417910447
spect,267,22,mix_1_75_2_25_T100,mix_1_75_2_25,k=1.25 (75/25: 1/2),4,1.25,100,75,25,0,0.683716666942928,0.8656716417910447
spect,267,22,mix_1_75_2_25_T200,mix_1_75_2_25,k=1.25 (75/25: 1/2),4,1.25,200,150,50,0,1.367433333885856,0.8656716417910447
spect,267,22,mix_1_50_2_50_T20,mix_1_50_2_50,k=1.50 (50/50: 1/2),5,1.5,20,10,10,0,0.22629422086756676,0.8805970149253731
spect,267,22,mix_1_50_2_50_T40,mix_1_50_2_50,k=1.50 (50/50: 1/2),5,1.5,40,20,20,0,0.4525884417351335,0.8507462686567164
spect,267,22,mix_1_50_2_50_T60,mix_1_50_2_50,k=1.50 (50/50: 1/2),5,1.5,60,30,30,0,0.6788826626027002,0.8656716417910447
spect,267,22,mix_1_50_2_50_T100,mix_1_50_2_50,k=1.50 (50/50: 1/2),5,1.5,100,50,50,0,1.1314711043378338,0.8656716417910447
spect,267,22,mix_1_50_2_50_T200,mix_1_50_2_50,k=1.50 (50/50: 1/2),5,1.5,200,100,100,0,2.2629422086756676,0.8656716417910447
spect,267,22,pure_k2_T20,pure_k2,k=2,6,2.0,20,0,20,0,0.4053959958255291,0.8656716417910447
spect,267,22,pure_k2_T40,pure_k2,k=2,6,2.0,40,0,40,0,0.8107919916510582,0.8656716417910447
spect,267,22,pure_k2_T60,pure_k2,k=2,6,2.0,60,0,60,0,1.2161879874765873,0.8656716417910447
spect,267,22,pure_k2_T100,pure_k2,k=2,6,2.0,100,0,100,0,2.0269799791276455,0.8656716417910447
spect,267,22,pure_k2_T200,pure_k2,k=2,6,2.0,200,0,200,0,4.053959958255291,0.8507462686567164
spect,267,22,mix_2_95_3_05_T20,mix_2_95_3_05,k=2.05 (95/5: 2/3),7,2.05,20,0,19,1,0.6032850068644621,0.8656716417910447
spect,267,22,mix_2_95_3_05_T40,mix_2_95_3_05,k=2.05 (95/5: 2/3),7,2.05,40,0,38,2,1.2065700137289241,0.8656716417910447
spect,267,22,mix_2_95_3_05_T60,mix_2_95_3_05,k=2.05 (95/5: 2/3),7,2.05,60,0,57,3,1.809855020593386,0.8656716417910447
spect,267,22,mix_2_95_3_05_T100,mix_2_95_3_05,k=2.05 (95/5: 2/3),7,2.05,100,0,95,5,3.0164250343223102,0.8656716417910447
spect,267,22,mix_2_95_3_05_T200,mix_2_95_3_05,k=2.05 (95/5: 2/3),7,2.05,200,0,190,10,6.0328500686446205,0.8507462686567164
spect,267,22,pure_k3_T20,pure_k3,k=3,8,3.0,20,0,0,20,4.363176216604188,0.8656716417910447
spect,267,22,pure_k3_T40,pure_k3,k=3,8,3.0,40,0,0,40,8.726352433208376,0.8656716417910447
spect,267,22,pure_k3_T60,pure_k3,k=3,8,3.0,60,0,0,60,13.089528649812564,0.8656716417910447
spect,267,22,pure_k3_T100,pure_k3,k=3,8,3.0,100,0,0,100,21.81588108302094,0.8656716417910447
spect,267,22,pure_k3_T200,pure_k3,k=3,8,3.0,200,0,0,200,43.63176216604188,0.8656716417910447
dermatology,366,34,pure_k1_T20,pure_k1,k=1,0,1.0,20,20,0,0,0.10253215418197215,0.8043478260869565
dermatology,366,34,pure_k1_T40,pure_k1,k=1,0,1.0,40,40,0,0,0.2050643083639443,0.8043478260869565
dermatology,366,34,pure_k1_T60,pure_k1,k=1,0,1.0,60,60,0,0,0.30759646254591644,0.8043478260869565
dermatology,366,34,pure_k1_T100,pure_k1,k=1,0,1.0,100,100,0,0,0.5126607709098607,0.8043478260869565
dermatology,366,34,pure_k1_T200,pure_k1,k=1,0,1.0,200,200,0,0,1.0253215418197215,0.8043478260869565
dermatology,366,34,mix_1_95_2_05_T20,mix_1_95_2_05,k=1.05 (95/5: 1/2),1,1.05,20,19,1,0,0.5181540331360884,0.8043478260869565
dermatology,366,34,mix_1_95_2_05_T40,mix_1_95_2_05,k=1.05 (95/5: 1/2),1,1.05,40,38,2,0,1.0363080662721769,0.8043478260869565
dermatology,366,34,mix_1_95_2_05_T60,mix_1_95_2_05,k=1.05 (95/5: 1/2),1,1.05,60,57,3,0,1.5544620994082652,0.8043478260869565
dermatology,366,34,mix_1_95_2_05_T100,mix_1_95_2_05,k=1.05 (95/5: 1/2),1,1.05,100,95,5,0,2.590770165680442,0.8043478260869565
dermatology,366,34,mix_1_95_2_05_T200,mix_1_95_2_05,k=1.05 (95/5: 1/2),1,1.05,200,190,10,0,5.181540331360884,0.8043478260869565
dermatology,366,34,mix_1_90_2_10_T20,mix_1_90_2_10,k=1.10 (90/10: 1/2),2,1.1,20,18,2,0,0.9337759120902046,0.9021739130434783
dermatology,366,34,mix_1_90_2_10_T40,mix_1_90_2_10,k=1.10 (90/10: 1/2),2,1.1,40,36,4,0,1.8675518241804092,0.8695652173913043
dermatology,366,34,mix_1_90_2_10_T60,mix_1_90_2_10,k=1.10 (90/10: 1/2),2,1.1,60,54,6,0,2.801327736270614,0.8695652173913043
dermatology,366,34,mix_1_90_2_10_T100,mix_1_90_2_10,k=1.10 (90/10: 1/2),2,1.1,100,90,10,0,4.668879560451023,0.9021739130434783
dermatology,366,34,mix_1_90_2_10_T200,mix_1_90_2_10,k=1.10 (90/10: 1/2),2,1.1,200,180,20,0,9.337759120902046,0.8804347826086957
dermatology,366,34,mix_1_95_3_05_T20,mix_1_95_3_05,k=1.10 (95/5: 1/3),3,1.1,20,19,0,1,27.944399318136277,0.8043478260869565
dermatology,366,34,mix_1_95_3_05_T40,mix_1_95_3_05,k=1.10 (95/5: 1/3),3,1.1,40,38,0,2,55.888798636272554,0.8043478260869565
dermatology,366,34,mix_1_95_3_05_T60,mix_1_95_3_05,k=1.10 (95/5: 1/3),3,1.1,60,57,0,3,83.83319795440883,0.8043478260869565
dermatology,366,34,mix_1_95_3_05_T100,mix_1_95_3_05,k=1.10 (95/5: 1/3),3,1.1,100,95,0,5,139.72199659068139,0.8043478260869565
dermatology,366,34,mix_1_95_3_05_T200,mix_1_95_3_05,k=1.10 (95/5: 1/3),3,1.1,200,190,0,10,279.44399318136277,0.8043478260869565
dermatology,366,34,mix_1_75_2_25_T20,mix_1_75_2_25,k=1.25 (75/25: 1/2),4,1.25,20,15,5,0,2.1806415489525532,0.9130434782608695
dermatology,366,34,mix_1_75_2_25_T40,mix_1_75_2_25,k=1.25 (75/25: 1/2),4,1.25,40,30,10,0,4.3612830979051065,0.9130434782608695
dermatology,366,34,mix_1_75_2_25_T60,mix_1_75_2_25,k=1.25 (75/25: 1/2),4,1.25,60,45,15,0,6.541924646857661,0.9130434782608695
dermatology,366,34,mix_1_75_2_25_T100,mix_1_75_2_25,k=1.25 (75/25: 1/2),4,1.25,100,75,25,0,10.903207744762767,0.9130434782608695
dermatology,366,34,mix_1_75_2_25_T200,mix_1_75_2_25,k=1.25 (75/25: 1/2),4,1.25,200,150,50,0,21.806415489525534,0.9130434782608695
dermatology,366,34,mix_1_50_2_50_T20,mix_1_50_2_50,k=1.50 (50/50: 1/2),5,1.5,20,10,10,0,4.258750943723134,0.9130434782608695
dermatology,366,34,mix_1_50_2_50_T40,mix_1_50_2_50,k=1.50 (50/50: 1/2),5,1.5,40,20,20,0,8.517501887446269,0.9347826086956522
dermatology,366,34,mix_1_50_2_50_T60,mix_1_50_2_50,k=1.50 (50/50: 1/2),5,1.5,60,30,30,0,12.776252831169405,0.9456521739130435
dermatology,366,34,mix_1_50_2_50_T100,mix_1_50_2_50,k=1.50 (50/50: 1/2),5,1.5,100,50,50,0,21.293754718615673,0.9456521739130435
dermatology,366,34,mix_1_50_2_50_T200,mix_1_50_2_50,k=1.50 (50/50: 1/2),5,1.5,200,100,100,0,42.58750943723135,0.9456521739130435
dermatology,366,34,pure_k2_T20,pure_k2,k=2,6,2.0,20,0,20,0,8.414969733264297,0.9347826086956522
dermatology,366,34,pure_k2_T40,pure_k2,k=2,6,2.0,40,0,40,0,16.829939466528593,0.9347826086956522
dermatology,366,34,pure_k2_T60,pure_k2,k=2,6,2.0,60,0,60,0,25.244909199792893,0.9347826086956522
dermatology,366,34,pure_k2_T100,pure_k2,k=2,6,2.0,100,0,100,0,42.074848666321486,0.9347826086956522
dermatology,366,34,pure_k2_T200,pure_k2,k=2,6,2.0,200,0,200,0,84.14969733264297,0.9347826086956522
dermatology,366,34,mix_2_95_3_05_T20,mix_2_95_3_05,k=2.05 (95/5: 2/3),7,2.05,20,0,19,1,35.841215018264485,0.9347826086956522
dermatology,366,34,mix_2_95_3_05_T40,mix_2_95_3_05,k=2.05 (95/5: 2/3),7,2.05,40,0,38,2,71.68243003652897,0.9347826086956522
dermatology,366,34,mix_2_95_3_05_T60,mix_2_95_3_05,k=2.05 (95/5: 2/3),7,2.05,60,0,57,3,107.52364505479345,0.9347826086956522
dermatology,366,34,mix_2_95_3_05_T100,mix_2_95_3_05,k=2.05 (95/5: 2/3),7,2.05,100,0,95,5,179.20607509132242,0.9347826086956522
dermatology,366,34,mix_2_95_3_05_T200,mix_2_95_3_05,k=2.05 (95/5: 2/3),7,2.05,200,0,190,10,358.41215018264484,0.9347826086956522
dermatology,366,34,pure_k3_T20,pure_k3,k=3,8,3.0,20,0,0,20,556.9398754332681,0.9347826086956522
dermatology,366,34,pure_k3_T40,pure_k3,k=3,8,3.0,40,0,0,40,1113.8797508665361,0.9347826086956522
dermatology,366,34,pure_k3_T60,pure_k3,k=3,8,3.0,60,0,0,60,1670.819626299804,0.9347826086956522
dermatology,366,34,pure_k3_T100,pure_k3,k=3,8,3.0,100,0,0,100,2784.69937716634,0.9347826086956522
dermatology,366,34,pure_k3_T200,pure_k3,k=3,8,3.0,200,0,0,200,5569.39875433268,0.9347826086956522
soybean,675,35,pure_k1_T20,pure_k1,k=1,0,1.0,20,20,0,0,0.15407990841194988,0.6272189349112426
soybean,675,35,pure_k1_T40,pure_k1,k=1,0,1.0,40,40,0,0,0.30815981682389976,0.6686390532544378
soybean,675,35,pure_k1_T60,pure_k1,k=1,0,1.0,60,60,0,0,0.4622397252358496,0.6923076923076923
soybean,675,35,pure_k1_T100,pure_k1,k=1,0,1.0,100,100,0,0,0.7703995420597494,0.6627218934911243
soybean,675,35,pure_k1_T200,pure_k1,k=1,0,1.0,200,200,0,0,1.5407990841194987,0.6923076923076923
soybean,675,35,mix_1_95_2_05_T20,mix_1_95_2_05,k=1.05 (95/5: 1/2),1,1.05,20,19,1,0,0.4934177034115419,0.6272189349112426
soybean,675,35,mix_1_95_2_05_T40,mix_1_95_2_05,k=1.05 (95/5: 1/2),1,1.05,40,38,2,0,0.9868354068230838,0.650887573964497
soybean,675,35,mix_1_95_2_05_T60,mix_1_95_2_05,k=1.05 (95/5: 1/2),1,1.05,60,57,3,0,1.4802531102346257,0.6923076923076923
soybean,675,35,mix_1_95_2_05_T100,mix_1_95_2_05,k=1.05 (95/5: 1/2),1,1.05,100,95,5,0,2.4670885170577095,0.6627218934911243
soybean,675,35,mix_1_95_2_05_T200,mix_1_95_2_05,k=1.05 (95/5: 1/2),1,1.05,200,190,10,0,4.934177034115419,0.6923076923076923
soybean,675,35,mix_1_90_2_10_T20,mix_1_90_2_10,k=1.10 (90/10: 1/2),2,1.1,20,18,2,0,0.8327554984111339,0.6272189349112426
soybean,675,35,mix_1_90_2_10_T40,mix_1_90_2_10,k=1.10 (90/10: 1/2),2,1.1,40,36,4,0,1.6655109968222679,0.650887573964497
soybean,675,35,mix_1_90_2_10_T60,mix_1_90_2_10,k=1.10 (90/10: 1/2),2,1.1,60,54,6,0,2.498266495233402,0.6923076923076923
soybean,675,35,mix_1_90_2_10_T100,mix_1_90_2_10,k=1.10 (90/10: 1/2),2,1.1,100,90,10,0,4.16377749205567,0.6923076923076923
soybean,675,35,mix_1_90_2_10_T200,mix_1_90_2_10,k=1.10 (90/10: 1/2),2,1.1,200,180,20,0,8.32755498411134,0.6923076923076923
soybean,675,35,mix_1_95_3_05_T20,mix_1_95_3_05,k=1.10 (95/5: 1/3),3,1.1,20,19,0,1,16.006120710701214,0.6272189349112426
soybean,675,35,mix_1_95_3_05_T40,mix_1_95_3_05,k=1.10 (95/5: 1/3),3,1.1,40,38,0,2,32.01224142140243,0.650887573964497
soybean,675,35,mix_1_95_3_05_T60,mix_1_95_3_05,k=1.10 (95/5: 1/3),3,1.1,60,57,0,3,48.01836213210365,0.6923076923076923
soybean,675,35,mix_1_95_3_05_T100,mix_1_95_3_05,k=1.10 (95/5: 1/3),3,1.1,100,95,0,5,80.03060355350607,0.6627218934911243
soybean,675,35,mix_1_95_3_05_T200,mix_1_95_3_05,k=1.10 (95/5: 1/3),3,1.1,200,190,0,10,160.06120710701214,0.6923076923076923
soybean,675,35,mix_1_75_2_25_T20,mix_1_75_2_25,k=1.25 (75/25: 1/2),4,1.25,20,15,5,0,1.8507688834099099,0.6272189349112426
soybean,675,35,mix_1_75_2_25_T40,mix_1_75_2_25,k=1.25 (75/25: 1/2),4,1.25,40,30,10,0,3.7015377668198197,0.6804733727810651
soybean,675,35,mix_1_75_2_25_T60,mix_1_75_2_25,k=1.25 (75/25: 1/2),4,1.25,60,45,15,0,5.552306650229729,0.7100591715976331
soybean,675,35,mix_1_75_2_25_T100,mix_1_75_2_25,k=1.25 (75/25: 1/2),4,1.25,100,75,25,0,9.25384441704955,0.7218934911242604
soybean,675,35,mix_1_75_2_25_T200,mix_1_75_2_25,k=1.25 (75/25: 1/2),4,1.25,200,150,50,0,18.5076888340991,0.7218934911242604
soybean,675,35,mix_1_50_2_50_T20,mix_1_50_2_50,k=1.50 (50/50: 1/2),5,1.5,20,10,10,0,3.5474578584078698,0.7218934911242604
soybean,675,35,mix_1_50_2_50_T40,mix_1_50_2_50,k=1.50 (50/50: 1/2),5,1.5,40,20,20,0,7.0949157168157395,0.6804733727810651
soybean,675,35,mix_1_50_2_50_T60,mix_1_50_2_50,k=1.50 (50/50: 1/2),5,1.5,60,30,30,0,10.64237357522361,0.7041420118343196
soybean,675,35,mix_1_50_2_50_T100,mix_1_50_2_50,k=1.50 (50/50: 1/2),5,1.5,100,50,50,0,17.73728929203935,0.7337278106508875
soybean,675,35,mix_1_50_2_50_T200,mix_1_50_2_50,k=1.50 (50/50: 1/2),5,1.5,200,100,100,0,35.4745785840787,0.7218934911242604
soybean,675,35,pure_k2_T20,pure_k2,k=2,6,2.0,20,0,20,0,6.94083580840379,0.727810650887574
soybean,675,35,pure_k2_T40,pure_k2,k=2,6,2.0,40,0,40,0,13.88167161680758,0.7100591715976331
soybean,675,35,pure_k2_T60,pure_k2,k=2,6,2.0,60,0,60,0,20.82250742521137,0.727810650887574
soybean,675,35,pure_k2_T100,pure_k2,k=2,6,2.0,100,0,100,0,34.70417904201895,0.7455621301775148
soybean,675,35,pure_k2_T200,pure_k2,k=2,6,2.0,200,0,200,0,69.4083580840379,0.727810650887574
soybean,675,35,mix_2_95_3_05_T20,mix_2_95_3_05,k=2.05 (95/5: 2/3),7,2.05,20,0,19,1,22.453538815693463,0.7455621301775148
soybean,675,35,mix_2_95_3_05_T40,mix_2_95_3_05,k=2.05 (95/5: 2/3),7,2.05,40,0,38,2,44.907077631386926,0.727810650887574
soybean,675,35,mix_2_95_3_05_T60,mix_2_95_3_05,k=2.05 (95/5: 2/3),7,2.05,60,0,57,3,67.36061644708039,0.727810650887574
soybean,675,35,mix_2_95_3_05_T100,mix_2_95_3_05,k=2.05 (95/5: 2/3),7,2.05,100,0,95,5,112.26769407846731,0.7218934911242604
soybean,675,35,mix_2_95_3_05_T200,mix_2_95_3_05,k=2.05 (95/5: 2/3),7,2.05,200,0,190,10,224.53538815693463,0.7159763313609467
soybean,675,35,pure_k3_T20,pure_k3,k=3,8,3.0,20,0,0,20,317.19489595419725,0.7041420118343196
soybean,675,35,pure_k3_T40,pure_k3,k=3,8,3.0,40,0,0,40,634.3897919083945,0.6863905325443787
soybean,675,35,pure_k3_T60,pure_k3,k=3,8,3.0,60,0,0,60,951.5846878625919,0.6863905325443787
soybean,675,35,pure_k3_T100,pure_k3,k=3,8,3.0,100,0,0,100,1585.9744797709864,0.7041420118343196
soybean,675,35,pure_k3_T200,pure_k3,k=3,8,3.0,200,0,0,200,3171.9489595419727,0.7041420118343196
flags,178,43,pure_k1_T20,pure_k1,k=1,0,1.0,20,20,0,0,0.07224485422484576,0.4444444444444444
flags,178,43,pure_k1_T40,pure_k1,k=1,0,1.0,40,40,0,0,0.14448970844969153,0.4
flags,178,43,pure_k1_T60,pure_k1,k=1,0,1.0,60,60,0,0,0.2167345626745373,0.35555555555555557
flags,178,43,pure_k1_T100,pure_k1,k=1,0,1.0,100,100,0,0,0.36122427112422884,0.4
flags,178,43,pure_k1_T200,pure_k1,k=1,0,1.0,200,200,0,0,0.7224485422484577,0.37777777777777777
flags,178,43,mix_1_95_2_05_T20,mix_1_95_2_05,k=1.05 (95/5: 1/2),1,1.05,20,19,1,0,0.16112917151302097,0.4444444444444444
flags,178,43,mix_1_95_2_05_T40,mix_1_95_2_05,k=1.05 (95/5: 1/2),1,1.05,40,38,2,0,0.32225834302604195,0.4222222222222222
flags,178,43,mix_1_95_2_05_T60,mix_1_95_2_05,k=1.05 (95/5: 1/2),1,1.05,60,57,3,0,0.4833875145390629,0.4
flags,178,43,mix_1_95_2_05_T100,mix_1_95_2_05,k=1.05 (95/5: 1/2),1,1.05,100,95,5,0,0.805645857565105,0.4444444444444444
flags,178,43,mix_1_95_2_05_T200,mix_1_95_2_05,k=1.05 (95/5: 1/2),1,1.05,200,190,10,0,1.61129171513021,0.37777777777777777
flags,178,43,mix_1_90_2_10_T20,mix_1_90_2_10,k=1.10 (90/10: 1/2),2,1.1,20,18,2,0,0.2500134888011962,0.4444444444444444
flags,178,43,mix_1_90_2_10_T40,mix_1_90_2_10,k=1.10 (90/10: 1/2),2,1.1,40,36,4,0,0.5000269776023925,0.4222222222222222
flags,178,43,mix_1_90_2_10_T60,mix_1_90_2_10,k=1.10 (90/10: 1/2),2,1.1,60,54,6,0,0.7500404664035887,0.4444444444444444
flags,178,43,mix_1_90_2_10_T100,mix_1_90_2_10,k=1.10 (90/10: 1/2),2,1.1,100,90,10,0,1.2500674440059811,0.4222222222222222
flags,178,43,mix_1_90_2_10_T200,mix_1_90_2_10,k=1.10 (90/10: 1/2),2,1.1,200,180,20,0,2.5001348880119623,0.4444444444444444
flags,178,43,mix_1_95_3_05_T20,mix_1_95_3_05,k=1.10 (95/5: 1/3),3,1.1,20,19,0,1,3.075932755889371,0.4444444444444444
flags,178,43,mix_1_95_3_05_T40,mix_1_95_3_05,k=1.10 (95/5: 1/3),3,1.1,40,38,0,2,6.151865511778742,0.4222222222222222
flags,178,43,mix_1_95_3_05_T60,mix_1_95_3_05,k=1.10 (95/5: 1/3),3,1.1,60,57,0,3,9.227798267668113,0.37777777777777777
flags,178,43,mix_1_95_3_05_T100,mix_1_95_3_05,k=1.10 (95/5: 1/3),3,1.1,100,95,0,5,15.379663779446854,0.4
flags,178,43,mix_1_95_3_05_T200,mix_1_95_3_05,k=1.10 (95/5: 1/3),3,1.1,200,190,0,10,30.75932755889371,0.37777777777777777
flags,178,43,mix_1_75_2_25_T20,mix_1_75_2_25,k=1.25 (75/25: 1/2),4,1.25,20,15,5,0,0.5166664406657219,0.4222222222222222
flags,178,43,mix_1_75_2_25_T40,mix_1_75_2_25,k=1.25 (75/25: 1/2),4,1.25,40,30,10,0,1.0333328813314437,0.4444444444444444
flags,178,43,mix_1_75_2_25_T60,mix_1_75_2_25,k=1.25 (75/25: 1/2),4,1.25,60,45,15,0,1.5499993219971657,0.4444444444444444
flags,178,43,mix_1_75_2_25_T100,mix_1_75_2_25,k=1.25 (75/25: 1/2),4,1.25,100,75,25,0,2.5833322033286095,0.4444444444444444
flags,178,43,mix_1_75_2_25_T200,mix_1_75_2_25,k=1.25 (75/25: 1/2),4,1.25,200,150,50,0,5.166664406657219,0.4444444444444444
flags,178,43,mix_1_50_2_50_T20,mix_1_50_2_50,k=1.50 (50/50: 1/2),5,1.5,20,10,10,0,0.961088027106598,0.4222222222222222
flags,178,43,mix_1_50_2_50_T40,mix_1_50_2_50,k=1.50 (50/50: 1/2),5,1.5,40,20,20,0,1.922176054213196,0.4666666666666667
flags,178,43,mix_1_50_2_50_T60,mix_1_50_2_50,k=1.50 (50/50: 1/2),5,1.5,60,30,30,0,2.883264081319794,0.4444444444444444
flags,178,43,mix_1_50_2_50_T100,mix_1_50_2_50,k=1.50 (50/50: 1/2),5,1.5,100,50,50,0,4.80544013553299,0.4888888888888889
flags,178,43,mix_1_50_2_50_T200,mix_1_50_2_50,k=1.50 (50/50: 1/2),5,1.5,200,100,100,0,9.61088027106598,0.4666666666666667
flags,178,43,pure_k2_T20,pure_k2,k=2,6,2.0,20,0,20,0,1.8499311999883503,0.4444444444444444
flags,178,43,pure_k2_T40,pure_k2,k=2,6,2.0,40,0,40,0,3.6998623999767006,0.4666666666666667
flags,178,43,pure_k2_T60,pure_k2,k=2,6,2.0,60,0,60,0,5.549793599965051,0.4666666666666667
flags,178,43,pure_k2_T100,pure_k2,k=2,6,2.0,100,0,100,0,9.249655999941751,0.4666666666666667
flags,178,43,pure_k2_T200,pure_k2,k=2,6,2.0,200,0,200,0,18.499311999883503,0.4666666666666667
flags,178,43,mix_2_95_3_05_T20,mix_2_95_3_05,k=2.05 (95/5: 2/3),7,2.05,20,0,19,1,4.7647347843647,0.4444444444444444
flags,178,43,mix_2_95_3_05_T40,mix_2_95_3_05,k=2.05 (95/5: 2/3),7,2.05,40,0,38,2,9.5294695687294,0.4444444444444444
flags,178,43,mix_2_95_3_05_T60,mix_2_95_3_05,k=2.05 (95/5: 2/3),7,2.05,60,0,57,3,14.294204353094102,0.4666666666666667
flags,178,43,mix_2_95_3_05_T100,mix_2_95_3_05,k=2.05 (95/5: 2/3),7,2.05,100,0,95,5,23.823673921823502,0.4666666666666667
flags,178,43,mix_2_95_3_05_T200,mix_2_95_3_05,k=2.05 (95/5: 2/3),7,2.05,200,0,190,10,47.647347843647005,0.4666666666666667
flags,178,43,pure_k3_T20,pure_k3,k=3,8,3.0,20,0,0,20,60.14600288751535,0.4444444444444444
flags,178,43,pure_k3_T40,pure_k3,k=3,8,3.0,40,0,0,40,120.2920057750307,0.4666666666666667
flags,178,43,pure_k3_T60,pure_k3,k=3,8,3.0,60,0,0,60,180.43800866254605,0.4666666666666667
flags,178,43,pure_k3_T100,pure_k3,k=3,8,3.0,100,0,0,100,300.73001443757676,0.4666666666666667
flags,178,43,pure_k3_T200,pure_k3,k=3,8,3.0,200,0,0,200,601.4600288751535,0.4666666666666667
GAMETES_Epistasis_2_Way_20atts_0.1H_EDM_1_1,1600,20,pure_k1_T20,pure_k1,k=1,0,1.0,20,20,0,0,0.19227766250260175,0.4975
GAMETES_Epistasis_2_Way_20atts_0.1H_EDM_1_1,1600,20,pure_k1_T40,pure_k1,k=1,0,1.0,40,40,0,0,0.3845553250052035,0.4875
GAMETES_Epistasis_2_Way_20atts_0.1H_EDM_1_1,1600,20,pure_k1_T60,pure_k1,k=1,0,1.0,60,60,0,0,0.5768329875078052,0.5125
GAMETES_Epistasis_2_Way_20atts_0.1H_EDM_1_1,1600,20,pure_k1_T100,pure_k1,k=1,0,1.0,100,100,0,0,0.9613883125130087,0.515
GAMETES_Epistasis_2_Way_20atts_0.1H_EDM_1_1,1600,20,pure_k1_T200,pure_k1,k=1,0,1.0,200,200,0,0,1.9227766250260174,0.4925
GAMETES_Epistasis_2_Way_20atts_0.1H_EDM_1_1,1600,20,mix_1_95_2_05_T20,mix_1_95_2_05,k=1.05 (95/5: 1/2),1,1.05,20,19,1,0,0.37151650916785006,0.545
GAMETES_Epistasis_2_Way_20atts_0.1H_EDM_1_1,1600,20,mix_1_95_2_05_T40,mix_1_95_2_05,k=1.05 (95/5: 1/2),1,1.05,40,38,2,0,0.7430330183357001,0.53
GAMETES_Epistasis_2_Way_20atts_0.1H_EDM_1_1,1600,20,mix_1_95_2_05_T60,mix_1_95_2_05,k=1.05 (95/5: 1/2),1,1.05,60,57,3,0,1.11454952750355,0.55
GAMETES_Epistasis_2_Way_20atts_0.1H_EDM_1_1,1600,20,mix_1_95_2_05_T100,mix_1_95_2_05,k=1.05 (95/5: 1/2),1,1.05,100,95,5,0,1.85758254583925,0.555
GAMETES_Epistasis_2_Way_20atts_0.1H_EDM_1_1,1600,20,mix_1_95_2_05_T200,mix_1_95_2_05,k=1.05 (95/5: 1/2),1,1.05,200,190,10,0,3.7151650916785,0.54
GAMETES_Epistasis_2_Way_20atts_0.1H_EDM_1_1,1600,20,mix_1_90_2_10_T20,mix_1_90_2_10,k=1.10 (90/10: 1/2),2,1.1,20,18,2,0,0.5507553558330983,0.555
GAMETES_Epistasis_2_Way_20atts_0.1H_EDM_1_1,1600,20,mix_1_90_2_10_T40,mix_1_90_2_10,k=1.10 (90/10: 1/2),2,1.1,40,36,4,0,1.1015107116661966,0.5625
GAMETES_Epistasis_2_Way_20atts_0.1H_EDM_1_1,1600,20,mix_1_90_2_10_T60,mix_1_90_2_10,k=1.10 (90/10: 1/2),2,1.1,60,54,6,0,1.652266067499295,0.56
GAMETES_Epistasis_2_Way_20atts_0.1H_EDM_1_1,1600,20,mix_1_90_2_10_T100,mix_1_90_2_10,k=1.10 (90/10: 1/2),2,1.1,100,90,10,0,2.7537767791654915,0.5675
GAMETES_Epistasis_2_Way_20atts_0.1H_EDM_1_1,1600,20,mix_1_90_2_10_T200,mix_1_90_2_10,k=1.10 (90/10: 1/2),2,1.1,200,180,20,0,5.507553558330983,0.5625
GAMETES_Epistasis_2_Way_20atts_0.1H_EDM_1_1,1600,20,mix_1_95_3_05_T20,mix_1_95_3_05,k=1.10 (95/5: 1/3),3,1.1,20,19,0,1,4.070520181041211,0.5325
GAMETES_Epistasis_2_Way_20atts_0.1H_EDM_1_1,1600,20,mix_1_95_3_05_T40,mix_1_95_3_05,k=1.10 (95/5: 1/3),3,1.1,40,38,0,2,8.141040362082421,0.5275
GAMETES_Epistasis_2_Way_20atts_0.1H_EDM_1_1,1600,20,mix_1_95_3_05_T60,mix_1_95_3_05,k=1.10 (95/5: 1/3),3,1.1,60,57,0,3,12.211560543123632,0.5425
GAMETES_Epistasis_2_Way_20atts_0.1H_EDM_1_1,1600,20,mix_1_95_3_05_T100,mix_1_95_3_05,k=1.10 (95/5: 1/3),3,1.1,100,95,0,5,20.352600905206053,0.5575
GAMETES_Epistasis_2_Way_20atts_0.1H_EDM_1_1,1600,20,mix_1_95_3_05_T200,mix_1_95_3_05,k=1.10 (95/5: 1/3),3,1.1,200,190,0,10,40.705201810412106,0.53
GAMETES_Epistasis_2_Way_20atts_0.1H_EDM_1_1,1600,20,mix_1_75_2_25_T20,mix_1_75_2_25,k=1.25 (75/25: 1/2),4,1.25,20,15,5,0,1.088471895828843,0.62
GAMETES_Epistasis_2_Way_20atts_0.1H_EDM_1_1,1600,20,mix_1_75_2_25_T40,mix_1_75_2_25,k=1.25 (75/25: 1/2),4,1.25,40,30,10,0,2.176943791657686,0.625
GAMETES_Epistasis_2_Way_20atts_0.1H_EDM_1_1,1600,20,mix_1_75_2_25_T60,mix_1_75_2_25,k=1.25 (75/25: 1/2),4,1.25,60,45,15,0,3.2654156874865294,0.6275
GAMETES_Epistasis_2_Way_20atts_0.1H_EDM_1_1,1600,20,mix_1_75_2_25_T100,mix_1_75_2_25,k=1.25 (75/25: 1/2),4,1.25,100,75,25,0,5.442359479144216,0.6175
GAMETES_Epistasis_2_Way_20atts_0.1H_EDM_1_1,1600,20,mix_1_75_2_25_T200,mix_1_75_2_25,k=1.25 (75/25: 1/2),4,1.25,200,150,50,0,10.884718958288431,0.6275
GAMETES_Epistasis_2_Way_20atts_0.1H_EDM_1_1,1600,20,mix_1_50_2_50_T20,mix_1_50_2_50,k=1.50 (50/50: 1/2),5,1.5,20,10,10,0,1.9846661291550847,0.6325
GAMETES_Epistasis_2_Way_20atts_0.1H_EDM_1_1,1600,20,mix_1_50_2_50_T40,mix_1_50_2_50,k=1.50 (50/50: 1/2),5,1.5,40,20,20,0,3.9693322583101693,0.64
GAMETES_Epistasis_2_Way_20atts_0.1H_EDM_1_1,1600,20,mix_1_50_2_50_T60,mix_1_50_2_50,k=1.50 (50/50: 1/2),5,1.5,60,30,30,0,5.953998387465253,0.6275
GAMETES_Epistasis_2_Way_20atts_0.1H_EDM_1_1,1600,20,mix_1_50_2_50_T100,mix_1_50_2_50,k=1.50 (50/50: 1/2),5,1.5,100,50,50,0,9.923330645775422,0.635
GAMETES_Epistasis_2_Way_20atts_0.1H_EDM_1_1,1600,20,mix_1_50_2_50_T200,mix_1_50_2_50,k=1.50 (50/50: 1/2),5,1.5,200,100,100,0,19.846661291550845,0.6325
GAMETES_Epistasis_2_Way_20atts_0.1H_EDM_1_1,1600,20,pure_k2_T20,pure_k2,k=2,6,2.0,20,0,20,0,3.7770545958075674,0.635
GAMETES_Epistasis_2_Way_20atts_0.1H_EDM_1_1,1600,20,pure_k2_T40,pure_k2,k=2,6,2.0,40,0,40,0,7.554109191615135,0.6375
GAMETES_Epistasis_2_Way_20atts_0.1H_EDM_1_1,1600,20,pure_k2_T60,pure_k2,k=2,6,2.0,60,0,60,0,11.331163787422701,0.6375
GAMETES_Epistasis_2_Way_20atts_0.1H_EDM_1_1,1600,20,pure_k2_T100,pure_k2,k=2,6,2.0,100,0,100,0,18.885272979037836,0.64
GAMETES_Epistasis_2_Way_20atts_0.1H_EDM_1_1,1600,20,pure_k2_T200,pure_k2,k=2,6,2.0,200,0,200,0,37.77054595807567,0.64
GAMETES_Epistasis_2_Way_20atts_0.1H_EDM_1_1,1600,20,mix_2_95_3_05_T20,mix_2_95_3_05,k=2.05 (95/5: 2/3),7,2.05,20,0,19,1,7.476058267680928,0.6375
GAMETES_Epistasis_2_Way_20atts_0.1H_EDM_1_1,1600,20,mix_2_95_3_05_T40,mix_2_95_3_05,k=2.05 (95/5: 2/3),7,2.05,40,0,38,2,14.952116535361856,0.6375
GAMETES_Epistasis_2_Way_20atts_0.1H_EDM_1_1,1600,20,mix_2_95_3_05_T60,mix_2_95_3_05,k=2.05 (95/5: 2/3),7,2.05,60,0,57,3,22.428174803042786,0.6375
GAMETES_Epistasis_2_Way_20atts_0.1H_EDM_1_1,1600,20,mix_2_95_3_05_T100,mix_2_95_3_05,k=2.05 (95/5: 2/3),7,2.05,100,0,95,5,37.38029133840464,0.64
GAMETES_Epistasis_2_Way_20atts_0.1H_EDM_1_1,1600,20,mix_2_95_3_05_T200,mix_2_95_3_05,k=2.05 (95/5: 2/3),7,2.05,200,0,190,10,74.76058267680928,0.64
GAMETES_Epistasis_2_Way_20atts_0.1H_EDM_1_1,1600,20,pure_k3_T20,pure_k3,k=3,8,3.0,20,0,0,20,77.75712803327478,0.6375
GAMETES_Epistasis_2_Way_20atts_0.1H_EDM_1_1,1600,20,pure_k3_T40,pure_k3,k=3,8,3.0,40,0,0,40,155.51425606654956,0.6375
GAMETES_Epistasis_2_Way_20atts_0.1H_EDM_1_1,1600,20,pure_k3_T60,pure_k3,k=3,8,3.0,60,0,0,60,233.27138409982436,0.64
GAMETES_Epistasis_2_Way_20atts_0.1H_EDM_1_1,1600,20,pure_k3_T100,pure_k3,k=3,8,3.0,100,0,0,100,388.7856401663739,0.6375
GAMETES_Epistasis_2_Way_20atts_0.1H_EDM_1_1,1600,20,pure_k3_T200,pure_k3,k=3,8,3.0,200,0,0,200,777.5712803327478,0.635
GAMETES_Epistasis_2_Way_20atts_0.4H_EDM_1_1,1600,20,pure_k1_T20,pure_k1,k=1,0,1.0,20,20,0,0,0.1666657416149974,0.54
GAMETES_Epistasis_2_Way_20atts_0.4H_EDM_1_1,1600,20,pure_k1_T40,pure_k1,k=1,0,1.0,40,40,0,0,0.3333314832299948,0.5225
GAMETES_Epistasis_2_Way_20atts_0.4H_EDM_1_1,1600,20,pure_k1_T60,pure_k1,k=1,0,1.0,60,60,0,0,0.49999722484499215,0.5625
GAMETES_Epistasis_2_Way_20atts_0.4H_EDM_1_1,1600,20,pure_k1_T100,pure_k1,k=1,0,1.0,100,100,0,0,0.8333287080749869,0.665
GAMETES_Epistasis_2_Way_20atts_0.4H_EDM_1_1,1600,20,pure_k1_T200,pure_k1,k=1,0,1.0,200,200,0,0,1.6666574161499739,0.655
GAMETES_Epistasis_2_Way_20atts_0.4H_EDM_1_1,1600,20,mix_1_95_2_05_T20,mix_1_95_2_05,k=1.05 (95/5: 1/2),1,1.05,20,19,1,0,0.3173233866132796,0.6825
GAMETES_Epistasis_2_Way_20atts_0.4H_EDM_1_1,1600,20,mix_1_95_2_05_T40,mix_1_95_2_05,k=1.05 (95/5: 1/2),1,1.05,40,38,2,0,0.6346467732265592,0.6675
GAMETES_Epistasis_2_Way_20atts_0.4H_EDM_1_1,1600,20,mix_1_95_2_05_T60,mix_1_95_2_05,k=1.05 (95/5: 1/2),1,1.05,60,57,3,0,0.9519701598398387,0.7075
GAMETES_Epistasis_2_Way_20atts_0.4H_EDM_1_1,1600,20,mix_1_95_2_05_T100,mix_1_95_2_05,k=1.05 (95/5: 1/2),1,1.05,100,95,5,0,1.5866169330663977,0.7475
GAMETES_Epistasis_2_Way_20atts_0.4H_EDM_1_1,1600,20,mix_1_95_2_05_T200,mix_1_95_2_05,k=1.05 (95/5: 1/2),1,1.05,200,190,10,0,3.1732338661327955,0.74
GAMETES_Epistasis_2_Way_20atts_0.4H_EDM_1_1,1600,20,mix_1_90_2_10_T20,mix_1_90_2_10,k=1.10 (90/10: 1/2),2,1.1,20,18,2,0,0.4679810316115618,0.745
GAMETES_Epistasis_2_Way_20atts_0.4H_EDM_1_1,1600,20,mix_1_90_2_10_T40,mix_1_90_2_10,k=1.10 (90/10: 1/2),2,1.1,40,36,4,0,0.9359620632231236,0.7725
GAMETES_Epistasis_2_Way_20atts_0.4H_EDM_1_1,1600,20,mix_1_90_2_10_T60,mix_1_90_2_10,k=1.10 (90/10: 1/2),2,1.1,60,54,6,0,1.4039430948346854,0.765
GAMETES_Epistasis_2_Way_20atts_0.4H_EDM_1_1,1600,20,mix_1_90_2_10_T100,mix_1_90_2_10,k=1.10 (90/10: 1/2),2,1.1,100,90,10,0,2.3399051580578085,0.76
GAMETES_Epistasis_2_Way_20atts_0.4H_EDM_1_1,1600,20,mix_1_90_2_10_T200,mix_1_90_2_10,k=1.10 (90/10: 1/2),2,1.1,200,180,20,0,4.679810316115617,0.77
GAMETES_Epistasis_2_Way_20atts_0.4H_EDM_1_1,1600,20,mix_1_95_3_05_T20,mix_1_95_3_05,k=1.10 (95/5: 1/3),3,1.1,20,19,0,1,3.2607021201588213,0.6825
GAMETES_Epistasis_2_Way_20atts_0.4H_EDM_1_1,1600,20,mix_1_95_3_05_T40,mix_1_95_3_05,k=1.10 (95/5: 1/3),3,1.1,40,38,0,2,6.521404240317643,0.6675
GAMETES_Epistasis_2_Way_20atts_0.4H_EDM_1_1,1600,20,mix_1_95_3_05_T60,mix_1_95_3_05,k=1.10 (95/5: 1/3),3,1.1,60,57,0,3,9.782106360476464,0.7075
GAMETES_Epistasis_2_Way_20atts_0.4H_EDM_1_1,1600,20,mix_1_95_3_05_T100,mix_1_95_3_05,k=1.10 (95/5: 1/3),3,1.1,100,95,0,5,16.30351060079411,0.7475
GAMETES_Epistasis_2_Way_20atts_0.4H_EDM_1_1,1600,20,mix_1_95_3_05_T200,mix_1_95_3_05,k=1.10 (95/5: 1/3),3,1.1,200,190,0,10,32.60702120158822,0.74
GAMETES_Epistasis_2_Way_20atts_0.4H_EDM_1_1,1600,20,mix_1_75_2_25_T20,mix_1_75_2_25,k=1.25 (75/25: 1/2),4,1.25,20,15,5,0,0.9199539666064083,0.81
GAMETES_Epistasis_2_Way_20atts_0.4H_EDM_1_1,1600,20,mix_1_75_2_25_T40,mix_1_75_2_25,k=1.25 (75/25: 1/2),4,1.25,40,30,10,0,1.8399079332128165,0.8125
GAMETES_Epistasis_2_Way_20atts_0.4H_EDM_1_1,1600,20,mix_1_75_2_25_T60,mix_1_75_2_25,k=1.25 (75/25: 1/2),4,1.25,60,45,15,0,2.7598618998192253,0.8225
GAMETES_Epistasis_2_Way_20atts_0.4H_EDM_1_1,1600,20,mix_1_75_2_25_T100,mix_1_75_2_25,k=1.25 (75/25: 1/2),4,1.25,100,75,25,0,4.599769833032042,0.81
GAMETES_Epistasis_2_Way_20atts_0.4H_EDM_1_1,1600,20,mix_1_75_2_25_T200,mix_1_75_2_25,k=1.25 (75/25: 1/2),4,1.25,200,150,50,0,9.199539666064084,0.8125
GAMETES_Epistasis_2_Way_20atts_0.4H_EDM_1_1,1600,20,mix_1_50_2_50_T20,mix_1_50_2_50,k=1.50 (50/50: 1/2),5,1.5,20,10,10,0,1.6732421915978193,0.82
GAMETES_Epistasis_2_Way_20atts_0.4H_EDM_1_1,1600,20,mix_1_50_2_50_T40,mix_1_50_2_50,k=1.50 (50/50: 1/2),5,1.5,40,20,20,0,3.3464843831956386,0.8125
GAMETES_Epistasis_2_Way_20atts_0.4H_EDM_1_1,1600,20,mix_1_50_2_50_T60,mix_1_50_2_50,k=1.50 (50/50: 1/2),5,1.5,60,30,30,0,5.0197265747934585,0.8125
GAMETES_Epistasis_2_Way_20atts_0.4H_EDM_1_1,1600,20,mix_1_50_2_50_T100,mix_1_50_2_50,k=1.50 (50/50: 1/2),5,1.5,100,50,50,0,8.366210957989097,0.815
GAMETES_Epistasis_2_Way_20atts_0.4H_EDM_1_1,1600,20,mix_1_50_2_50_T200,mix_1_50_2_50,k=1.50 (50/50: 1/2),5,1.5,200,100,100,0,16.732421915978193,0.815
GAMETES_Epistasis_2_Way_20atts_0.4H_EDM_1_1,1600,20,pure_k2_T20,pure_k2,k=2,6,2.0,20,0,20,0,3.179818641580641,0.815
GAMETES_Epistasis_2_Way_20atts_0.4H_EDM_1_1,1600,20,pure_k2_T40,pure_k2,k=2,6,2.0,40,0,40,0,6.359637283161282,0.8125
GAMETES_Epistasis_2_Way_20atts_0.4H_EDM_1_1,1600,20,pure_k2_T60,pure_k2,k=2,6,2.0,60,0,60,0,9.539455924741924,0.81
GAMETES_Epistasis_2_Way_20atts_0.4H_EDM_1_1,1600,20,pure_k2_T100,pure_k2,k=2,6,2.0,100,0,100,0,15.899093207903206,0.81
GAMETES_Epistasis_2_Way_20atts_0.4H_EDM_1_1,1600,20,pure_k2_T200,pure_k2,k=2,6,2.0,200,0,200,0,31.798186415806413,0.8125
GAMETES_Epistasis_2_Way_20atts_0.4H_EDM_1_1,1600,20,mix_2_95_3_05_T20,mix_2_95_3_05,k=2.05 (95/5: 2/3),7,2.05,20,0,19,1,6.123197375126183,0.8125
GAMETES_Epistasis_2_Way_20atts_0.4H_EDM_1_1,1600,20,mix_2_95_3_05_T40,mix_2_95_3_05,k=2.05 (95/5: 2/3),7,2.05,40,0,38,2,12.246394750252366,0.8125
GAMETES_Epistasis_2_Way_20atts_0.4H_EDM_1_1,1600,20,mix_2_95_3_05_T60,mix_2_95_3_05,k=2.05 (95/5: 2/3),7,2.05,60,0,57,3,18.36959212537855,0.81
GAMETES_Epistasis_2_Way_20atts_0.4H_EDM_1_1,1600,20,mix_2_95_3_05_T100,mix_2_95_3_05,k=2.05 (95/5: 2/3),7,2.05,100,0,95,5,30.615986875630917,0.8075
GAMETES_Epistasis_2_Way_20atts_0.4H_EDM_1_1,1600,20,mix_2_95_3_05_T200,mix_2_95_3_05,k=2.05 (95/5: 2/3),7,2.05,200,0,190,10,61.23197375126183,0.8125
GAMETES_Epistasis_2_Way_20atts_0.4H_EDM_1_1,1600,20,pure_k3_T20,pure_k3,k=3,8,3.0,20,0,0,20,62.04739331249148,0.815
GAMETES_Epistasis_2_Way_20atts_0.4H_EDM_1_1,1600,20,pure_k3_T40,pure_k3,k=3,8,3.0,40,0,0,40,124.09478662498296,0.8125
GAMETES_Epistasis_2_Way_20atts_0.4H_EDM_1_1,1600,20,pure_k3_T60,pure_k3,k=3,8,3.0,60,0,0,60,186.14217993747442,0.8125
GAMETES_Epistasis_2_Way_20atts_0.4H_EDM_1_1,1600,20,pure_k3_T100,pure_k3,k=3,8,3.0,100,0,0,100,310.2369665624574,0.81
GAMETES_Epistasis_2_Way_20atts_0.4H_EDM_1_1,1600,20,pure_k3_T200,pure_k3,k=3,8,3.0,200,0,0,200,620.4739331249148,0.8125
GAMETES_Epistasis_3_Way_20atts_0.2H_EDM_1_1,1600,20,pure_k1_T20,pure_k1,k=1,0,1.0,20,20,0,0,0.19284087079577147,0.5175
GAMETES_Epistasis_3_Way_20atts_0.2H_EDM_1_1,1600,20,pure_k1_T40,pure_k1,k=1,0,1.0,40,40,0,0,0.38568174159154295,0.5425
GAMETES_Epistasis_3_Way_20atts_0.2H_EDM_1_1,1600,20,pure_k1_T60,pure_k1,k=1,0,1.0,60,60,0,0,0.5785226123873144,0.5175
GAMETES_Epistasis_3_Way_20atts_0.2H_EDM_1_1,1600,20,pure_k1_T100,pure_k1,k=1,0,1.0,100,100,0,0,0.9642043539788574,0.525
GAMETES_Epistasis_3_Way_20atts_0.2H_EDM_1_1,1600,20,pure_k1_T200,pure_k1,k=1,0,1.0,200,200,0,0,1.9284087079577148,0.505
GAMETES_Epistasis_3_Way_20atts_0.2H_EDM_1_1,1600,20,mix_1_95_2_05_T20,mix_1_95_2_05,k=1.05 (95/5: 1/2),1,1.05,20,19,1,0,0.3697733191307634,0.5175
GAMETES_Epistasis_3_Way_20atts_0.2H_EDM_1_1,1600,20,mix_1_95_2_05_T40,mix_1_95_2_05,k=1.05 (95/5: 1/2),1,1.05,40,38,2,0,0.7395466382615268,0.5375
GAMETES_Epistasis_3_Way_20atts_0.2H_EDM_1_1,1600,20,mix_1_95_2_05_T60,mix_1_95_2_05,k=1.05 (95/5: 1/2),1,1.05,60,57,3,0,1.1093199573922903,0.5175
GAMETES_Epistasis_3_Way_20atts_0.2H_EDM_1_1,1600,20,mix_1_95_2_05_T100,mix_1_95_2_05,k=1.05 (95/5: 1/2),1,1.05,100,95,5,0,1.848866595653817,0.515
GAMETES_Epistasis_3_Way_20atts_0.2H_EDM_1_1,1600,20,mix_1_95_2_05_T200,mix_1_95_2_05,k=1.05 (95/5: 1/2),1,1.05,200,190,10,0,3.697733191307634,0.505
GAMETES_Epistasis_3_Way_20atts_0.2H_EDM_1_1,1600,20,mix_1_90_2_10_T20,mix_1_90_2_10,k=1.10 (90/10: 1/2),2,1.1,20,18,2,0,0.5467057674657554,0.525
GAMETES_Epistasis_3_Way_20atts_0.2H_EDM_1_1,1600,20,mix_1_90_2_10_T40,mix_1_90_2_10,k=1.10 (90/10: 1/2),2,1.1,40,36,4,0,1.0934115349315108,0.5175
GAMETES_Epistasis_3_Way_20atts_0.2H_EDM_1_1,1600,20,mix_1_90_2_10_T60,mix_1_90_2_10,k=1.10 (90/10: 1/2),2,1.1,60,54,6,0,1.640117302397266,0.5175
GAMETES_Epistasis_3_Way_20atts_0.2H_EDM_1_1,1600,20,mix_1_90_2_10_T100,mix_1_90_2_10,k=1.10 (90/10: 1/2),2,1.1,100,90,10,0,2.7335288373287767,0.5075
GAMETES_Epistasis_3_Way_20atts_0.2H_EDM_1_1,1600,20,mix_1_90_2_10_T200,mix_1_90_2_10,k=1.10 (90/10: 1/2),2,1.1,200,180,20,0,5.467057674657553,0.5075
GAMETES_Epistasis_3_Way_20atts_0.2H_EDM_1_1,1600,20,mix_1_95_3_05_T20,mix_1_95_3_05,k=1.10 (95/5: 1/3),3,1.1,20,19,0,1,3.9153081312123685,0.56
GAMETES_Epistasis_3_Way_20atts_0.2H_EDM_1_1,1600,20,mix_1_95_3_05_T40,mix_1_95_3_05,k=1.10 (95/5: 1/3),3,1.1,40,38,0,2,7.830616262424737,0.5775
GAMETES_Epistasis_3_Way_20atts_0.2H_EDM_1_1,1600,20,mix_1_95_3_05_T60,mix_1_95_3_05,k=1.10 (95/5: 1/3),3,1.1,60,57,0,3,11.745924393637106,0.5825
GAMETES_Epistasis_3_Way_20atts_0.2H_EDM_1_1,1600,20,mix_1_95_3_05_T100,mix_1_95_3_05,k=1.10 (95/5: 1/3),3,1.1,100,95,0,5,19.57654065606184,0.58
GAMETES_Epistasis_3_Way_20atts_0.2H_EDM_1_1,1600,20,mix_1_95_3_05_T200,mix_1_95_3_05,k=1.10 (95/5: 1/3),3,1.1,200,190,0,10,39.15308131212368,0.57
GAMETES_Epistasis_3_Way_20atts_0.2H_EDM_1_1,1600,20,mix_1_75_2_25_T20,mix_1_75_2_25,k=1.25 (75/25: 1/2),4,1.25,20,15,5,0,1.077503112470731,0.5125
GAMETES_Epistasis_3_Way_20atts_0.2H_EDM_1_1,1600,20,mix_1_75_2_25_T40,mix_1_75_2_25,k=1.25 (75/25: 1/2),4,1.25,40,30,10,0,2.155006224941462,0.495
GAMETES_Epistasis_3_Way_20atts_0.2H_EDM_1_1,1600,20,mix_1_75_2_25_T60,mix_1_75_2_25,k=1.25 (75/25: 1/2),4,1.25,60,45,15,0,3.232509337412193,0.5325
GAMETES_Epistasis_3_Way_20atts_0.2H_EDM_1_1,1600,20,mix_1_75_2_25_T100,mix_1_75_2_25,k=1.25 (75/25: 1/2),4,1.25,100,75,25,0,5.387515562353656,0.525
GAMETES_Epistasis_3_Way_20atts_0.2H_EDM_1_1,1600,20,mix_1_75_2_25_T200,mix_1_75_2_25,k=1.25 (75/25: 1/2),4,1.25,200,150,50,0,10.775031124707311,0.51
GAMETES_Epistasis_3_Way_20atts_0.2H_EDM_1_1,1600,20,mix_1_50_2_50_T20,mix_1_50_2_50,k=1.50 (50/50: 1/2),5,1.5,20,10,10,0,1.9621653541456907,0.47
GAMETES_Epistasis_3_Way_20atts_0.2H_EDM_1_1,1600,20,mix_1_50_2_50_T40,mix_1_50_2_50,k=1.50 (50/50: 1/2),5,1.5,40,20,20,0,3.9243307082913814,0.505
GAMETES_Epistasis_3_Way_20atts_0.2H_EDM_1_1,1600,20,mix_1_50_2_50_T60,mix_1_50_2_50,k=1.50 (50/50: 1/2),5,1.5,60,30,30,0,5.886496062437072,0.51
GAMETES_Epistasis_3_Way_20atts_0.2H_EDM_1_1,1600,20,mix_1_50_2_50_T100,mix_1_50_2_50,k=1.50 (50/50: 1/2),5,1.5,100,50,50,0,9.810826770728454,0.51
GAMETES_Epistasis_3_Way_20atts_0.2H_EDM_1_1,1600,20,mix_1_50_2_50_T200,mix_1_50_2_50,k=1.50 (50/50: 1/2),5,1.5,200,100,100,0,19.621653541456908,0.5125
GAMETES_Epistasis_3_Way_20atts_0.2H_EDM_1_1,1600,20,pure_k2_T20,pure_k2,k=2,6,2.0,20,0,20,0,3.73148983749561,0.4975
GAMETES_Epistasis_3_Way_20atts_0.2H_EDM_1_1,1600,20,pure_k2_T40,pure_k2,k=2,6,2.0,40,0,40,0,7.46297967499122,0.495
GAMETES_Epistasis_3_Way_20atts_0.2H_EDM_1_1,1600,20,pure_k2_T60,pure_k2,k=2,6,2.0,60,0,60,0,11.19446951248683,0.4925
GAMETES_Epistasis_3_Way_20atts_0.2H_EDM_1_1,1600,20,pure_k2_T100,pure_k2,k=2,6,2.0,100,0,100,0,18.65744918747805,0.4975
GAMETES_Epistasis_3_Way_20atts_0.2H_EDM_1_1,1600,20,pure_k2_T200,pure_k2,k=2,6,2.0,200,0,200,0,37.3148983749561,0.5325
GAMETES_Epistasis_3_Way_20atts_0.2H_EDM_1_1,1600,20,mix_2_95_3_05_T20,mix_2_95_3_05,k=2.05 (95/5: 2/3),7,2.05,20,0,19,1,7.277024649577216,0.525
GAMETES_Epistasis_3_Way_20atts_0.2H_EDM_1_1,1600,20,mix_2_95_3_05_T40,mix_2_95_3_05,k=2.05 (95/5: 2/3),7,2.05,40,0,38,2,14.554049299154432,0.5325
GAMETES_Epistasis_3_Way_20atts_0.2H_EDM_1_1,1600,20,mix_2_95_3_05_T60,mix_2_95_3_05,k=2.05 (95/5: 2/3),7,2.05,60,0,57,3,21.831073948731643,0.5225
GAMETES_Epistasis_3_Way_20atts_0.2H_EDM_1_1,1600,20,mix_2_95_3_05_T100,mix_2_95_3_05,k=2.05 (95/5: 2/3),7,2.05,100,0,95,5,36.38512324788607,0.525
GAMETES_Epistasis_3_Way_20atts_0.2H_EDM_1_1,1600,20,mix_2_95_3_05_T200,mix_2_95_3_05,k=2.05 (95/5: 2/3),7,2.05,200,0,190,10,72.77024649577214,0.565
GAMETES_Epistasis_3_Way_20atts_0.2H_EDM_1_1,1600,20,pure_k3_T20,pure_k3,k=3,8,3.0,20,0,0,20,74.64218607912771,0.6675
GAMETES_Epistasis_3_Way_20atts_0.2H_EDM_1_1,1600,20,pure_k3_T40,pure_k3,k=3,8,3.0,40,0,0,40,149.28437215825542,0.6675
GAMETES_Epistasis_3_Way_20atts_0.2H_EDM_1_1,1600,20,pure_k3_T60,pure_k3,k=3,8,3.0,60,0,0,60,223.92655823738315,0.6675
GAMETES_Epistasis_3_Way_20atts_0.2H_EDM_1_1,1600,20,pure_k3_T100,pure_k3,k=3,8,3.0,100,0,0,100,373.21093039563857,0.6675
GAMETES_Epistasis_3_Way_20atts_0.2H_EDM_1_1,1600,20,pure_k3_T200,pure_k3,k=3,8,3.0,200,0,0,200,746.4218607912771,0.6675
GAMETES_Heterogeneity_20atts_1600_Het_0.4_0.2_50_EDM_2_001,1600,20,pure_k1_T20,pure_k1,k=1,0,1.0,20,20,0,0,0.1930999250151217,0.5175
GAMETES_Heterogeneity_20atts_1600_Het_0.4_0.2_50_EDM_2_001,1600,20,pure_k1_T40,pure_k1,k=1,0,1.0,40,40,0,0,0.3861998500302434,0.535
GAMETES_Heterogeneity_20atts_1600_Het_0.4_0.2_50_EDM_2_001,1600,20,pure_k1_T60,pure_k1,k=1,0,1.0,60,60,0,0,0.5792997750453651,0.54
GAMETES_Heterogeneity_20atts_1600_Het_0.4_0.2_50_EDM_2_001,1600,20,pure_k1_T100,pure_k1,k=1,0,1.0,100,100,0,0,0.9654996250756085,0.56
GAMETES_Heterogeneity_20atts_1600_Het_0.4_0.2_50_EDM_2_001,1600,20,pure_k1_T200,pure_k1,k=1,0,1.0,200,200,0,0,1.930999250151217,0.61
GAMETES_Heterogeneity_20atts_1600_Het_0.4_0.2_50_EDM_2_001,1600,20,mix_1_95_2_05_T20,mix_1_95_2_05,k=1.05 (95/5: 1/2),1,1.05,20,19,1,0,0.3693736043898389,0.57
GAMETES_Heterogeneity_20atts_1600_Het_0.4_0.2_50_EDM_2_001,1600,20,mix_1_95_2_05_T40,mix_1_95_2_05,k=1.05 (95/5: 1/2),1,1.05,40,38,2,0,0.7387472087796778,0.595
GAMETES_Heterogeneity_20atts_1600_Het_0.4_0.2_50_EDM_2_001,1600,20,mix_1_95_2_05_T60,mix_1_95_2_05,k=1.05 (95/5: 1/2),1,1.05,60,57,3,0,1.1081208131695166,0.605
GAMETES_Heterogeneity_20atts_1600_Het_0.4_0.2_50_EDM_2_001,1600,20,mix_1_95_2_05_T100,mix_1_95_2_05,k=1.05 (95/5: 1/2),1,1.05,100,95,5,0,1.8468680219491944,0.6325
GAMETES_Heterogeneity_20atts_1600_Het_0.4_0.2_50_EDM_2_001,1600,20,mix_1_95_2_05_T200,mix_1_95_2_05,k=1.05 (95/5: 1/2),1,1.05,200,190,10,0,3.693736043898389,0.65
GAMETES_Heterogeneity_20atts_1600_Het_0.4_0.2_50_EDM_2_001,1600,20,mix_1_90_2_10_T20,mix_1_90_2_10,k=1.10 (90/10: 1/2),2,1.1,20,18,2,0,0.5456472837645561,0.605
GAMETES_Heterogeneity_20atts_1600_Het_0.4_0.2_50_EDM_2_001,1600,20,mix_1_90_2_10_T40,mix_1_90_2_10,k=1.10 (90/10: 1/2),2,1.1,40,36,4,0,1.0912945675291121,0.635
GAMETES_Heterogeneity_20atts_1600_Het_0.4_0.2_50_EDM_2_001,1600,20,mix_1_90_2_10_T60,mix_1_90_2_10,k=1.10 (90/10: 1/2),2,1.1,60,54,6,0,1.6369418512936682,0.65
GAMETES_Heterogeneity_20atts_1600_Het_0.4_0.2_50_EDM_2_001,1600,20,mix_1_90_2_10_T100,mix_1_90_2_10,k=1.10 (90/10: 1/2),2,1.1,100,90,10,0,2.7282364188227803,0.665
GAMETES_Heterogeneity_20atts_1600_Het_0.4_0.2_50_EDM_2_001,1600,20,mix_1_90_2_10_T200,mix_1_90_2_10,k=1.10 (90/10: 1/2),2,1.1,200,180,20,0,5.456472837645561,0.6875
GAMETES_Heterogeneity_20atts_1600_Het_0.4_0.2_50_EDM_2_001,1600,20,mix_1_95_3_05_T20,mix_1_95_3_05,k=1.10 (95/5: 1/3),3,1.1,20,19,0,1,3.427105997723993,0.5475
GAMETES_Heterogeneity_20atts_1600_Het_0.4_0.2_50_EDM_2_001,1600,20,mix_1_95_3_05_T40,mix_1_95_3_05,k=1.10 (95/5: 1/3),3,1.1,40,38,0,2,6.854211995447986,0.5975
GAMETES_Heterogeneity_20atts_1600_Het_0.4_0.2_50_EDM_2_001,1600,20,mix_1_95_3_05_T60,mix_1_95_3_05,k=1.10 (95/5: 1/3),3,1.1,60,57,0,3,10.28131799317198,0.595
GAMETES_Heterogeneity_20atts_1600_Het_0.4_0.2_50_EDM_2_001,1600,20,mix_1_95_3_05_T100,mix_1_95_3_05,k=1.10 (95/5: 1/3),3,1.1,100,95,0,5,17.135529988619965,0.63
GAMETES_Heterogeneity_20atts_1600_Het_0.4_0.2_50_EDM_2_001,1600,20,mix_1_95_3_05_T200,mix_1_95_3_05,k=1.10 (95/5: 1/3),3,1.1,200,190,0,10,34.27105997723993,0.65
GAMETES_Heterogeneity_20atts_1600_Het_0.4_0.2_50_EDM_2_001,1600,20,mix_1_75_2_25_T20,mix_1_75_2_25,k=1.25 (75/25: 1/2),4,1.25,20,15,5,0,1.0744683218887077,0.7025
GAMETES_Heterogeneity_20atts_1600_Het_0.4_0.2_50_EDM_2_001,1600,20,mix_1_75_2_25_T40,mix_1_75_2_25,k=1.25 (75/25: 1/2),4,1.25,40,30,10,0,2.1489366437774153,0.695
GAMETES_Heterogeneity_20atts_1600_Het_0.4_0.2_50_EDM_2_001,1600,20,mix_1_75_2_25_T60,mix_1_75_2_25,k=1.25 (75/25: 1/2),4,1.25,60,45,15,0,3.2234049656661226,0.715
GAMETES_Heterogeneity_20atts_1600_Het_0.4_0.2_50_EDM_2_001,1600,20,mix_1_75_2_25_T100,mix_1_75_2_25,k=1.25 (75/25: 1/2),4,1.25,100,75,25,0,5.372341609443538,0.7175
GAMETES_Heterogeneity_20atts_1600_Het_0.4_0.2_50_EDM_2_001,1600,20,mix_1_75_2_25_T200,mix_1_75_2_25,k=1.25 (75/25: 1/2),4,1.25,200,150,50,0,10.744683218887076,0.7175
GAMETES_Heterogeneity_20atts_1600_Het_0.4_0.2_50_EDM_2_001,1600,20,mix_1_50_2_50_T20,mix_1_50_2_50,k=1.50 (50/50: 1/2),5,1.5,20,10,10,0,1.9558367187622934,0.7
GAMETES_Heterogeneity_20atts_1600_Het_0.4_0.2_50_EDM_2_001,1600,20,mix_1_50_2_50_T40,mix_1_50_2_50,k=1.50 (50/50: 1/2),5,1.5,40,20,20,0,3.9116734375245867,0.715
GAMETES_Heterogeneity_20atts_1600_Het_0.4_0.2_50_EDM_2_001,1600,20,mix_1_50_2_50_T60,mix_1_50_2_50,k=1.50 (50/50: 1/2),5,1.5,60,30,30,0,5.8675101562868806,0.725
GAMETES_Heterogeneity_20atts_1600_Het_0.4_0.2_50_EDM_2_001,1600,20,mix_1_50_2_50_T100,mix_1_50_2_50,k=1.50 (50/50: 1/2),5,1.5,100,50,50,0,9.779183593811467,0.725
GAMETES_Heterogeneity_20atts_1600_Het_0.4_0.2_50_EDM_2_001,1600,20,mix_1_50_2_50_T200,mix_1_50_2_50,k=1.50 (50/50: 1/2),5,1.5,200,100,100,0,19.558367187622935,0.7225
GAMETES_Heterogeneity_20atts_1600_Het_0.4_0.2_50_EDM_2_001,1600,20,pure_k2_T20,pure_k2,k=2,6,2.0,20,0,20,0,3.718573512509465,0.7125
GAMETES_Heterogeneity_20atts_1600_Het_0.4_0.2_50_EDM_2_001,1600,20,pure_k2_T40,pure_k2,k=2,6,2.0,40,0,40,0,7.43714702501893,0.73
GAMETES_Heterogeneity_20atts_1600_Het_0.4_0.2_50_EDM_2_001,1600,20,pure_k2_T60,pure_k2,k=2,6,2.0,60,0,60,0,11.155720537528396,0.7275
GAMETES_Heterogeneity_20atts_1600_Het_0.4_0.2_50_EDM_2_001,1600,20,pure_k2_T100,pure_k2,k=2,6,2.0,100,0,100,0,18.592867562547326,0.73
GAMETES_Heterogeneity_20atts_1600_Het_0.4_0.2_50_EDM_2_001,1600,20,pure_k2_T200,pure_k2,k=2,6,2.0,200,0,200,0,37.18573512509465,0.7275
GAMETES_Heterogeneity_20atts_1600_Het_0.4_0.2_50_EDM_2_001,1600,20,mix_2_95_3_05_T20,mix_2_95_3_05,k=2.05 (95/5: 2/3),7,2.05,20,0,19,1,6.7763059058436195,0.7125
GAMETES_Heterogeneity_20atts_1600_Het_0.4_0.2_50_EDM_2_001,1600,20,mix_2_95_3_05_T40,mix_2_95_3_05,k=2.05 (95/5: 2/3),7,2.05,40,0,38,2,13.552611811687239,0.73
GAMETES_Heterogeneity_20atts_1600_Het_0.4_0.2_50_EDM_2_001,1600,20,mix_2_95_3_05_T60,mix_2_95_3_05,k=2.05 (95/5: 2/3),7,2.05,60,0,57,3,20.328917717530857,0.725
GAMETES_Heterogeneity_20atts_1600_Het_0.4_0.2_50_EDM_2_001,1600,20,mix_2_95_3_05_T100,mix_2_95_3_05,k=2.05 (95/5: 2/3),7,2.05,100,0,95,5,33.8815295292181,0.7275
GAMETES_Heterogeneity_20atts_1600_Het_0.4_0.2_50_EDM_2_001,1600,20,mix_2_95_3_05_T200,mix_2_95_3_05,k=2.05 (95/5: 2/3),7,2.05,200,0,190,10,67.7630590584362,0.7275
GAMETES_Heterogeneity_20atts_1600_Het_0.4_0.2_50_EDM_2_001,1600,20,pure_k3_T20,pure_k3,k=3,8,3.0,20,0,0,20,64.87322137919254,0.72
GAMETES_Heterogeneity_20atts_1600_Het_0.4_0.2_50_EDM_2_001,1600,20,pure_k3_T40,pure_k3,k=3,8,3.0,40,0,0,40,129.7464427583851,0.71
GAMETES_Heterogeneity_20atts_1600_Het_0.4_0.2_50_EDM_2_001,1600,20,pure_k3_T60,pure_k3,k=3,8,3.0,60,0,0,60,194.61966413757764,0.71
GAMETES_Heterogeneity_20atts_1600_Het_0.4_0.2_50_EDM_2_001,1600,20,pure_k3_T100,pure_k3,k=3,8,3.0,100,0,0,100,324.36610689596273,0.7125
GAMETES_Heterogeneity_20atts_1600_Het_0.4_0.2_50_EDM_2_001,1600,20,pure_k3_T200,pure_k3,k=3,8,3.0,200,0,0,200,648.7322137919255,0.71
GAMETES_Heterogeneity_20atts_1600_Het_0.4_0.2_75_EDM_2_001,1600,20,pure_k1_T20,pure_k1,k=1,0,1.0,20,20,0,0,0.17235116669908165,0.48
GAMETES_Heterogeneity_20atts_1600_Het_0.4_0.2_75_EDM_2_001,1600,20,pure_k1_T40,pure_k1,k=1,0,1.0,40,40,0,0,0.3447023333981633,0.5175
GAMETES_Heterogeneity_20atts_1600_Het_0.4_0.2_75_EDM_2_001,1600,20,pure_k1_T60,pure_k1,k=1,0,1.0,60,60,0,0,0.5170535000972449,0.5125
GAMETES_Heterogeneity_20atts_1600_Het_0.4_0.2_75_EDM_2_001,1600,20,pure_k1_T100,pure_k1,k=1,0,1.0,100,100,0,0,0.8617558334954083,0.5075
GAMETES_Heterogeneity_20atts_1600_Het_0.4_0.2_75_EDM_2_001,1600,20,pure_k1_T200,pure_k1,k=1,0,1.0,200,200,0,0,1.7235116669908166,0.5225
GAMETES_Heterogeneity_20atts_1600_Het_0.4_0.2_75_EDM_2_001,1600,20,mix_1_95_2_05_T20,mix_1_95_2_05,k=1.05 (95/5: 1/2),1,1.05,20,19,1,0,0.34825357045046984,0.54
GAMETES_Heterogeneity_20atts_1600_Het_0.4_0.2_75_EDM_2_001,1600,20,mix_1_95_2_05_T40,mix_1_95_2_05,k=1.05 (95/5: 1/2),1,1.05,40,38,2,0,0.6965071409009397,0.5675
GAMETES_Heterogeneity_20atts_1600_Het_0.4_0.2_75_EDM_2_001,1600,20,mix_1_95_2_05_T60,mix_1_95_2_05,k=1.05 (95/5: 1/2),1,1.05,60,57,3,0,1.0447607113514095,0.565
GAMETES_Heterogeneity_20atts_1600_Het_0.4_0.2_75_EDM_2_001,1600,20,mix_1_95_2_05_T100,mix_1_95_2_05,k=1.05 (95/5: 1/2),1,1.05,100,95,5,0,1.7412678522523493,0.5675
GAMETES_Heterogeneity_20atts_1600_Het_0.4_0.2_75_EDM_2_001,1600,20,mix_1_95_2_05_T200,mix_1_95_2_05,k=1.05 (95/5: 1/2),1,1.05,200,190,10,0,3.4825357045046985,0.5775
GAMETES_Heterogeneity_20atts_1600_Het_0.4_0.2_75_EDM_2_001,1600,20,mix_1_90_2_10_T20,mix_1_90_2_10,k=1.10 (90/10: 1/2),2,1.1,20,18,2,0,0.524155974201858,0.61
GAMETES_Heterogeneity_20atts_1600_Het_0.4_0.2_75_EDM_2_001,1600,20,mix_1_90_2_10_T40,mix_1_90_2_10,k=1.10 (90/10: 1/2),2,1.1,40,36,4,0,1.048311948403716,0.625
GAMETES_Heterogeneity_20atts_1600_Het_0.4_0.2_75_EDM_2_001,1600,20,mix_1_90_2_10_T60,mix_1_90_2_10,k=1.10 (90/10: 1/2),2,1.1,60,54,6,0,1.5724679226055742,0.6275
GAMETES_Heterogeneity_20atts_1600_Het_0.4_0.2_75_EDM_2_001,1600,20,mix_1_90_2_10_T100,mix_1_90_2_10,k=1.10 (90/10: 1/2),2,1.1,100,90,10,0,2.62077987100929,0.6125
GAMETES_Heterogeneity_20atts_1600_Het_0.4_0.2_75_EDM_2_001,1600,20,mix_1_90_2_10_T200,mix_1_90_2_10,k=1.10 (90/10: 1/2),2,1.1,200,180,20,0,5.24155974201858,0.6325
GAMETES_Heterogeneity_20atts_1600_Het_0.4_0.2_75_EDM_2_001,1600,20,mix_1_95_3_05_T20,mix_1_95_3_05,k=1.10 (95/5: 1/3),3,1.1,20,19,0,1,3.8912654777406717,0.54
GAMETES_Heterogeneity_20atts_1600_Het_0.4_0.2_75_EDM_2_001,1600,20,mix_1_95_3_05_T40,mix_1_95_3_05,k=1.10 (95/5: 1/3),3,1.1,40,38,0,2,7.782530955481343,0.5675
GAMETES_Heterogeneity_20atts_1600_Het_0.4_0.2_75_EDM_2_001,1600,20,mix_1_95_3_05_T60,mix_1_95_3_05,k=1.10 (95/5: 1/3),3,1.1,60,57,0,3,11.673796433222014,0.565
GAMETES_Heterogeneity_20atts_1600_Het_0.4_0.2_75_EDM_2_001,1600,20,mix_1_95_3_05_T100,mix_1_95_3_05,k=1.10 (95/5: 1/3),3,1.1,100,95,0,5,19.456327388703357,0.5675
GAMETES_Heterogeneity_20atts_1600_Het_0.4_0.2_75_EDM_2_001,1600,20,mix_1_95_3_05_T200,mix_1_95_3_05,k=1.10 (95/5: 1/3),3,1.1,200,190,0,10,38.912654777406715,0.5775
GAMETES_Heterogeneity_20atts_1600_Het_0.4_0.2_75_EDM_2_001,1600,20,mix_1_75_2_25_T20,mix_1_75_2_25,k=1.25 (75/25: 1/2),4,1.25,20,15,5,0,1.0518631854560225,0.7075
GAMETES_Heterogeneity_20atts_1600_Het_0.4_0.2_75_EDM_2_001,1600,20,mix_1_75_2_25_T40,mix_1_75_2_25,k=1.25 (75/25: 1/2),4,1.25,40,30,10,0,2.103726370912045,0.74
GAMETES_Heterogeneity_20atts_1600_Het_0.4_0.2_75_EDM_2_001,1600,20,mix_1_75_2_25_T60,mix_1_75_2_25,k=1.25 (75/25: 1/2),4,1.25,60,45,15,0,3.1555895563680676,0.72
GAMETES_Heterogeneity_20atts_1600_Het_0.4_0.2_75_EDM_2_001,1600,20,mix_1_75_2_25_T100,mix_1_75_2_25,k=1.25 (75/25: 1/2),4,1.25,100,75,25,0,5.259315927280113,0.7225
GAMETES_Heterogeneity_20atts_1600_Het_0.4_0.2_75_EDM_2_001,1600,20,mix_1_75_2_25_T200,mix_1_75_2_25,k=1.25 (75/25: 1/2),4,1.25,200,150,50,0,10.518631854560226,0.72
GAMETES_Heterogeneity_20atts_1600_Het_0.4_0.2_75_EDM_2_001,1600,20,mix_1_50_2_50_T20,mix_1_50_2_50,k=1.50 (50/50: 1/2),5,1.5,20,10,10,0,1.9313752042129635,0.75
GAMETES_Heterogeneity_20atts_1600_Het_0.4_0.2_75_EDM_2_001,1600,20,mix_1_50_2_50_T40,mix_1_50_2_50,k=1.50 (50/50: 1/2),5,1.5,40,20,20,0,3.862750408425927,0.7475
GAMETES_Heterogeneity_20atts_1600_Het_0.4_0.2_75_EDM_2_001,1600,20,mix_1_50_2_50_T60,mix_1_50_2_50,k=1.50 (50/50: 1/2),5,1.5,60,30,30,0,5.79412561263889,0.7575
GAMETES_Heterogeneity_20atts_1600_Het_0.4_0.2_75_EDM_2_001,1600,20,mix_1_50_2_50_T100,mix_1_50_2_50,k=1.50 (50/50: 1/2),5,1.5,100,50,50,0,9.656876021064818,0.76
GAMETES_Heterogeneity_20atts_1600_Het_0.4_0.2_75_EDM_2_001,1600,20,mix_1_50_2_50_T200,mix_1_50_2_50,k=1.50 (50/50: 1/2),5,1.5,200,100,100,0,19.313752042129636,0.7575
GAMETES_Heterogeneity_20atts_1600_Het_0.4_0.2_75_EDM_2_001,1600,20,pure_k2_T20,pure_k2,k=2,6,2.0,20,0,20,0,3.6903992417268454,0.755
GAMETES_Heterogeneity_20atts_1600_Het_0.4_0.2_75_EDM_2_001,1600,20,pure_k2_T40,pure_k2,k=2,6,2.0,40,0,40,0,7.380798483453691,0.755
GAMETES_Heterogeneity_20atts_1600_Het_0.4_0.2_75_EDM_2_001,1600,20,pure_k2_T60,pure_k2,k=2,6,2.0,60,0,60,0,11.071197725180536,0.755
GAMETES_Heterogeneity_20atts_1600_Het_0.4_0.2_75_EDM_2_001,1600,20,pure_k2_T100,pure_k2,k=2,6,2.0,100,0,100,0,18.451996208634228,0.755
GAMETES_Heterogeneity_20atts_1600_Het_0.4_0.2_75_EDM_2_001,1600,20,pure_k2_T200,pure_k2,k=2,6,2.0,200,0,200,0,36.903992417268455,0.755
GAMETES_Heterogeneity_20atts_1600_Het_0.4_0.2_75_EDM_2_001,1600,20,mix_2_95_3_05_T20,mix_2_95_3_05,k=2.05 (95/5: 2/3),7,2.05,20,0,19,1,7.233411149017048,0.755
GAMETES_Heterogeneity_20atts_1600_Het_0.4_0.2_75_EDM_2_001,1600,20,mix_2_95_3_05_T40,mix_2_95_3_05,k=2.05 (95/5: 2/3),7,2.05,40,0,38,2,14.466822298034096,0.755
GAMETES_Heterogeneity_20atts_1600_Het_0.4_0.2_75_EDM_2_001,1600,20,mix_2_95_3_05_T60,mix_2_95_3_05,k=2.05 (95/5: 2/3),7,2.05,60,0,57,3,21.70023344705114,0.755
GAMETES_Heterogeneity_20atts_1600_Het_0.4_0.2_75_EDM_2_001,1600,20,mix_2_95_3_05_T100,mix_2_95_3_05,k=2.05 (95/5: 2/3),7,2.05,100,0,95,5,36.167055745085236,0.755
GAMETES_Heterogeneity_20atts_1600_Het_0.4_0.2_75_EDM_2_001,1600,20,mix_2_95_3_05_T200,mix_2_95_3_05,k=2.05 (95/5: 2/3),7,2.05,200,0,190,10,72.33411149017047,0.755
GAMETES_Heterogeneity_20atts_1600_Het_0.4_0.2_75_EDM_2_001,1600,20,pure_k3_T20,pure_k3,k=3,8,3.0,20,0,0,20,74.55063738753088,0.755
GAMETES_Heterogeneity_20atts_1600_Het_0.4_0.2_75_EDM_2_001,1600,20,pure_k3_T40,pure_k3,k=3,8,3.0,40,0,0,40,149.10127477506177,0.76
GAMETES_Heterogeneity_20atts_1600_Het_0.4_0.2_75_EDM_2_001,1600,20,pure_k3_T60,pure_k3,k=3,8,3.0,60,0,0,60,223.65191216259262,0.7575
GAMETES_Heterogeneity_20atts_1600_Het_0.4_0.2_75_EDM_2_001,1600,20,pure_k3_T100,pure_k3,k=3,8,3.0,100,0,0,100,372.7531869376544,0.755
GAMETES_Heterogeneity_20atts_1600_Het_0.4_0.2_75_EDM_2_001,1600,20,pure_k3_T200,pure_k3,k=3,8,3.0,200,0,0,200,745.5063738753088,0.755
car_evaluation,1728,6,pure_k1_T20,pure_k1,k=1,0,1.0,20,20,0,0,0.06264852080494165,0.7754629629629629
car_evaluation,1728,6,pure_k1_T40,pure_k1,k=1,0,1.0,40,40,0,0,0.1252970416098833,0.7754629629629629
car_evaluation,1728,6,pure_k1_T60,pure_k1,k=1,0,1.0,60,60,0,0,0.18794556241482496,0.7754629629629629
car_evaluation,1728,6,pure_k1_T100,pure_k1,k=1,0,1.0,100,100,0,0,0.31324260402470827,0.7754629629629629
car_evaluation,1728,6,pure_k1_T200,pure_k1,k=1,0,1.0,200,200,0,0,0.6264852080494165,0.7754629629629629
car_evaluation,1728,6,mix_1_95_2_05_T20,mix_1_95_2_05,k=1.05 (95/5: 1/2),1,1.05,20,19,1,0,0.08264359996886923,0.7754629629629629
car_evaluation,1728,6,mix_1_95_2_05_T40,mix_1_95_2_05,k=1.05 (95/5: 1/2),1,1.05,40,38,2,0,0.16528719993773847,0.7754629629629629
car_evaluation,1728,6,mix_1_95_2_05_T60,mix_1_95_2_05,k=1.05 (95/5: 1/2),1,1.05,60,57,3,0,0.2479307999066077,0.7754629629629629
car_evaluation,1728,6,mix_1_95_2_05_T100,mix_1_95_2_05,k=1.05 (95/5: 1/2),1,1.05,100,95,5,0,0.4132179998443462,0.7754629629629629
car_evaluation,1728,6,mix_1_95_2_05_T200,mix_1_95_2_05,k=1.05 (95/5: 1/2),1,1.05,200,190,10,0,0.8264359996886924,0.7754629629629629
car_evaluation,1728,6,mix_1_90_2_10_T20,mix_1_90_2_10,k=1.10 (90/10: 1/2),2,1.1,20,18,2,0,0.10263867913279681,0.7754629629629629
car_evaluation,1728,6,mix_1_90_2_10_T40,mix_1_90_2_10,k=1.10 (90/10: 1/2),2,1.1,40,36,4,0,0.20527735826559362,0.7754629629629629
car_evaluation,1728,6,mix_1_90_2_10_T60,mix_1_90_2_10,k=1.10 (90/10: 1/2),2,1.1,60,54,6,0,0.30791603739839046,0.7754629629629629
car_evaluation,1728,6,mix_1_90_2_10_T100,mix_1_90_2_10,k=1.10 (90/10: 1/2),2,1.1,100,90,10,0,0.5131933956639841,0.7754629629629629
car_evaluation,1728,6,mix_1_90_2_10_T200,mix_1_90_2_10,k=1.10 (90/10: 1/2),2,1.1,200,180,20,0,1.0263867913279683,0.7754629629629629
car_evaluation,1728,6,mix_1_95_3_05_T20,mix_1_95_3_05,k=1.10 (95/5: 1/3),3,1.1,20,19,0,1,0.2306428097654134,0.7754629629629629
car_evaluation,1728,6,mix_1_95_3_05_T40,mix_1_95_3_05,k=1.10 (95/5: 1/3),3,1.1,40,38,0,2,0.4612856195308268,0.7754629629629629
car_evaluation,1728,6,mix_1_95_3_05_T60,mix_1_95_3_05,k=1.10 (95/5: 1/3),3,1.1,60,57,0,3,0.6919284292962402,0.7754629629629629
car_evaluation,1728,6,mix_1_95_3_05_T100,mix_1_95_3_05,k=1.10 (95/5: 1/3),3,1.1,100,95,0,5,1.153214048827067,0.7754629629629629
car_evaluation,1728,6,mix_1_95_3_05_T200,mix_1_95_3_05,k=1.10 (95/5: 1/3),3,1.1,200,190,0,10,2.306428097654134,0.7754629629629629
car_evaluation,1728,6,mix_1_75_2_25_T20,mix_1_75_2_25,k=1.25 (75/25: 1/2),4,1.25,20,15,5,0,0.1626239166245796,0.7754629629629629
car_evaluation,1728,6,mix_1_75_2_25_T40,mix_1_75_2_25,k=1.25 (75/25: 1/2),4,1.25,40,30,10,0,0.3252478332491592,0.7754629629629629
car_evaluation,1728,6,mix_1_75_2_25_T60,mix_1_75_2_25,k=1.25 (75/25: 1/2),4,1.25,60,45,15,0,0.4878717498737387,0.7754629629629629
car_evaluation,1728,6,mix_1_75_2_25_T100,mix_1_75_2_25,k=1.25 (75/25: 1/2),4,1.25,100,75,25,0,0.8131195831228979,0.7754629629629629
car_evaluation,1728,6,mix_1_75_2_25_T200,mix_1_75_2_25,k=1.25 (75/25: 1/2),4,1.25,200,150,50,0,1.6262391662457958,0.7986111111111112
car_evaluation,1728,6,mix_1_50_2_50_T20,mix_1_50_2_50,k=1.50 (50/50: 1/2),5,1.5,20,10,10,0,0.2625993124442175,0.8379629629629629
car_evaluation,1728,6,mix_1_50_2_50_T40,mix_1_50_2_50,k=1.50 (50/50: 1/2),5,1.5,40,20,20,0,0.525198624888435,0.8379629629629629
car_evaluation,1728,6,mix_1_50_2_50_T60,mix_1_50_2_50,k=1.50 (50/50: 1/2),5,1.5,60,30,30,0,0.7877979373326525,0.8379629629629629
car_evaluation,1728,6,mix_1_50_2_50_T100,mix_1_50_2_50,k=1.50 (50/50: 1/2),5,1.5,100,50,50,0,1.3129965622210875,0.8379629629629629
car_evaluation,1728,6,mix_1_50_2_50_T200,mix_1_50_2_50,k=1.50 (50/50: 1/2),5,1.5,200,100,100,0,2.625993124442175,0.8379629629629629
car_evaluation,1728,6,pure_k2_T20,pure_k2,k=2,6,2.0,20,0,20,0,0.46255010408349334,0.8379629629629629
car_evaluation,1728,6,pure_k2_T40,pure_k2,k=2,6,2.0,40,0,40,0,0.9251002081669867,0.8518518518518519
car_evaluation,1728,6,pure_k2_T60,pure_k2,k=2,6,2.0,60,0,60,0,1.38765031225048,0.8379629629629629
car_evaluation,1728,6,pure_k2_T100,pure_k2,k=2,6,2.0,100,0,100,0,2.3127505204174668,0.8379629629629629
car_evaluation,1728,6,pure_k2_T200,pure_k2,k=2,6,2.0,200,0,200,0,4.6255010408349335,0.8379629629629629
car_evaluation,1728,6,mix_2_95_3_05_T20,mix_2_95_3_05,k=2.05 (95/5: 2/3),7,2.05,20,0,19,1,0.6105493138800375,0.8379629629629629
car_evaluation,1728,6,mix_2_95_3_05_T40,mix_2_95_3_05,k=2.05 (95/5: 2/3),7,2.05,40,0,38,2,1.221098627760075,0.8518518518518519
car_evaluation,1728,6,mix_2_95_3_05_T60,mix_2_95_3_05,k=2.05 (95/5: 2/3),7,2.05,60,0,57,3,1.8316479416401126,0.8518518518518519
car_evaluation,1728,6,mix_2_95_3_05_T100,mix_2_95_3_05,k=2.05 (95/5: 2/3),7,2.05,100,0,95,5,3.0527465694001874,0.8379629629629629
car_evaluation,1728,6,mix_2_95_3_05_T200,mix_2_95_3_05,k=2.05 (95/5: 2/3),7,2.05,200,0,190,10,6.105493138800375,0.8379629629629629
car_evaluation,1728,6,pure_k3_T20,pure_k3,k=3,8,3.0,20,0,0,20,3.4225343000143766,0.8217592592592593
car_evaluation,1728,6,pure_k3_T40,pure_k3,k=3,8,3.0,40,0,0,40,6.845068600028753,0.8217592592592593
car_evaluation,1728,6,pure_k3_T60,pure_k3,k=3,8,3.0,60,0,0,60,10.26760290004313,0.8217592592592593
car_evaluation,1728,6,pure_k3_T100,pure_k3,k=3,8,3.0,100,0,0,100,17.112671500071883,0.8217592592592593
car_evaluation,1728,6,pure_k3_T200,pure_k3,k=3,8,3.0,200,0,0,200,34.225343000143766,0.8379629629629629
led24,3200,24,pure_k1_T20,pure_k1,k=1,0,1.0,20,20,0,0,0.2555273958016187,0.70125
led24,3200,24,pure_k1_T40,pure_k1,k=1,0,1.0,40,40,0,0,0.5110547916032374,0.7
led24,3200,24,pure_k1_T60,pure_k1,k=1,0,1.0,60,60,0,0,0.7665821874048561,0.7
led24,3200,24,pure_k1_T100,pure_k1,k=1,0,1.0,100,100,0,0,1.2776369790080935,0.70125
led24,3200,24,pure_k1_T200,pure_k1,k=1,0,1.0,200,200,0,0,2.555273958016187,0.7
led24,3200,24,mix_1_95_2_05_T20,mix_1_95_2_05,k=1.05 (95/5: 1/2),1,1.05,20,19,1,0,0.40243747851112854,0.70125
led24,3200,24,mix_1_95_2_05_T40,mix_1_95_2_05,k=1.05 (95/5: 1/2),1,1.05,40,38,2,0,0.8048749570222571,0.7
led24,3200,24,mix_1_95_2_05_T60,mix_1_95_2_05,k=1.05 (95/5: 1/2),1,1.05,60,57,3,0,1.2073124355333857,0.7
led24,3200,24,mix_1_95_2_05_T100,mix_1_95_2_05,k=1.05 (95/5: 1/2),1,1.05,100,95,5,0,2.012187392555643,0.7
led24,3200,24,mix_1_95_2_05_T200,mix_1_95_2_05,k=1.05 (95/5: 1/2),1,1.05,200,190,10,0,4.024374785111286,0.7
led24,3200,24,mix_1_90_2_10_T20,mix_1_90_2_10,k=1.10 (90/10: 1/2),2,1.1,20,18,2,0,0.5493475612206384,0.70125
led24,3200,24,mix_1_90_2_10_T40,mix_1_90_2_10,k=1.10 (90/10: 1/2),2,1.1,40,36,4,0,1.0986951224412769,0.7
led24,3200,24,mix_1_90_2_10_T60,mix_1_90_2_10,k=1.10 (90/10: 1/2),2,1.1,60,54,6,0,1.6480426836619153,0.7
led24,3200,24,mix_1_90_2_10_T100,mix_1_90_2_10,k=1.10 (90/10: 1/2),2,1.1,100,90,10,0,2.746737806103192,0.7
led24,3200,24,mix_1_90_2_10_T200,mix_1_90_2_10,k=1.10 (90/10: 1/2),2,1.1,200,180,20,0,5.493475612206384,0.7
led24,3200,24,mix_1_95_3_05_T20,mix_1_95_3_05,k=1.10 (95/5: 1/3),3,1.1,20,19,0,1,2.1389610539260318,0.70125
led24,3200,24,mix_1_95_3_05_T40,mix_1_95_3_05,k=1.10 (95/5: 1/3),3,1.1,40,38,0,2,4.2779221078520635,0.7
led24,3200,24,mix_1_95_3_05_T60,mix_1_95_3_05,k=1.10 (95/5: 1/3),3,1.1,60,57,0,3,6.416883161778096,0.7
led24,3200,24,mix_1_95_3_05_T100,mix_1_95_3_05,k=1.10 (95/5: 1/3),3,1.1,100,95,0,5,10.694805269630159,0.7
led24,3200,24,mix_1_95_3_05_T200,mix_1_95_3_05,k=1.10 (95/5: 1/3),3,1.1,200,190,0,10,21.389610539260318,0.7
led24,3200,24,mix_1_75_2_25_T20,mix_1_75_2_25,k=1.25 (75/25: 1/2),4,1.25,20,15,5,0,0.9900778093491681,0.70125
led24,3200,24,mix_1_75_2_25_T40,mix_1_75_2_25,k=1.25 (75/25: 1/2),4,1.25,40,30,10,0,1.9801556186983362,0.7
led24,3200,24,mix_1_75_2_25_T60,mix_1_75_2_25,k=1.25 (75/25: 1/2),4,1.25,60,45,15,0,2.9702334280475045,0.7
led24,3200,24,mix_1_75_2_25_T100,mix_1_75_2_25,k=1.25 (75/25: 1/2),4,1.25,100,75,25,0,4.9503890467458405,0.7
led24,3200,24,mix_1_75_2_25_T200,mix_1_75_2_25,k=1.25 (75/25: 1/2),4,1.25,200,150,50,0,9.900778093491681,0.7
led24,3200,24,mix_1_50_2_50_T20,mix_1_50_2_50,k=1.50 (50/50: 1/2),5,1.5,20,10,10,0,1.7246282228967176,0.7025
led24,3200,24,mix_1_50_2_50_T40,mix_1_50_2_50,k=1.50 (50/50: 1/2),5,1.5,40,20,20,0,3.449256445793435,0.7
led24,3200,24,mix_1_50_2_50_T60,mix_1_50_2_50,k=1.50 (50/50: 1/2),5,1.5,60,30,30,0,5.173884668690152,0.7
led24,3200,24,mix_1_50_2_50_T100,mix_1_50_2_50,k=1.50 (50/50: 1/2),5,1.5,100,50,50,0,8.623141114483587,0.7
led24,3200,24,mix_1_50_2_50_T200,mix_1_50_2_50,k=1.50 (50/50: 1/2),5,1.5,200,100,100,0,17.246282228967175,0.7
led24,3200,24,pure_k2_T20,pure_k2,k=2,6,2.0,20,0,20,0,3.1937290499918163,0.70125
led24,3200,24,pure_k2_T40,pure_k2,k=2,6,2.0,40,0,40,0,6.387458099983633,0.70125
led24,3200,24,pure_k2_T60,pure_k2,k=2,6,2.0,60,0,60,0,9.581187149975449,0.70125
led24,3200,24,pure_k2_T100,pure_k2,k=2,6,2.0,100,0,100,0,15.968645249959081,0.70125
led24,3200,24,pure_k2_T200,pure_k2,k=2,6,2.0,200,0,200,0,31.937290499918163,0.70125
led24,3200,24,mix_2_95_3_05_T20,mix_2_95_3_05,k=2.05 (95/5: 2/3),7,2.05,20,0,19,1,4.93025262540672,0.70125
led24,3200,24,mix_2_95_3_05_T40,mix_2_95_3_05,k=2.05 (95/5: 2/3),7,2.05,40,0,38,2,9.86050525081344,0.70125
led24,3200,24,mix_2_95_3_05_T60,mix_2_95_3_05,k=2.05 (95/5: 2/3),7,2.05,60,0,57,3,14.790757876220159,0.70125
led24,3200,24,mix_2_95_3_05_T100,mix_2_95_3_05,k=2.05 (95/5: 2/3),7,2.05,100,0,95,5,24.651263127033598,0.70125
led24,3200,24,mix_2_95_3_05_T200,mix_2_95_3_05,k=2.05 (95/5: 2/3),7,2.05,200,0,190,10,49.302526254067196,0.70125
led24,3200,24,pure_k3_T20,pure_k3,k=3,8,3.0,20,0,0,20,37.92420055828988,0.70125
led24,3200,24,pure_k3_T40,pure_k3,k=3,8,3.0,40,0,0,40,75.84840111657977,0.7
led24,3200,24,pure_k3_T60,pure_k3,k=3,8,3.0,60,0,0,60,113.77260167486966,0.70125
led24,3200,24,pure_k3_T100,pure_k3,k=3,8,3.0,100,0,0,100,189.62100279144943,0.7
led24,3200,24,pure_k3_T200,pure_k3,k=3,8,3.0,200,0,0,200,379.24200558289886,0.7
nursery,12958,8,pure_k1_T20,pure_k1,k=1,0,1.0,20,20,0,0,0.5703313833102583,0.8108024691358025
nursery,12958,8,pure_k1_T40,pure_k1,k=1,0,1.0,40,40,0,0,1.1406627666205167,0.8108024691358025
nursery,12958,8,pure_k1_T60,pure_k1,k=1,0,1.0,60,60,0,0,1.7109941499307753,0.8108024691358025
nursery,12958,8,pure_k1_T100,pure_k1,k=1,0,1.0,100,100,0,0,2.851656916551292,0.8108024691358025
nursery,12958,8,pure_k1_T200,pure_k1,k=1,0,1.0,200,200,0,0,5.703313833102584,0.8108024691358025
nursery,12958,8,mix_1_95_2_05_T20,mix_1_95_2_05,k=1.05 (95/5: 1/2),1,1.05,20,19,1,0,0.8912642806000075,0.8108024691358025
nursery,12958,8,mix_1_95_2_05_T40,mix_1_95_2_05,k=1.05 (95/5: 1/2),1,1.05,40,38,2,0,1.782528561200015,0.8108024691358025
nursery,12958,8,mix_1_95_2_05_T60,mix_1_95_2_05,k=1.05 (95/5: 1/2),1,1.05,60,57,3,0,2.673792841800023,0.8108024691358025
nursery,12958,8,mix_1_95_2_05_T100,mix_1_95_2_05,k=1.05 (95/5: 1/2),1,1.05,100,95,5,0,4.456321403000038,0.8108024691358025
nursery,12958,8,mix_1_95_2_05_T200,mix_1_95_2_05,k=1.05 (95/5: 1/2),1,1.05,200,190,10,0,8.912642806000076,0.8108024691358025
nursery,12958,8,mix_1_90_2_10_T20,mix_1_90_2_10,k=1.10 (90/10: 1/2),2,1.1,20,18,2,0,1.212197177889757,0.8108024691358025
nursery,12958,8,mix_1_90_2_10_T40,mix_1_90_2_10,k=1.10 (90/10: 1/2),2,1.1,40,36,4,0,2.424394355779514,0.8108024691358025
nursery,12958,8,mix_1_90_2_10_T60,mix_1_90_2_10,k=1.10 (90/10: 1/2),2,1.1,60,54,6,0,3.6365915336692707,0.8108024691358025
nursery,12958,8,mix_1_90_2_10_T100,mix_1_90_2_10,k=1.10 (90/10: 1/2),2,1.1,100,90,10,0,6.060985889448784,0.8108024691358025
nursery,12958,8,mix_1_90_2_10_T200,mix_1_90_2_10,k=1.10 (90/10: 1/2),2,1.1,200,180,20,0,12.121971778897567,0.8108024691358025
nursery,12958,8,mix_1_95_3_05_T20,mix_1_95_3_05,k=1.10 (95/5: 1/3),3,1.1,20,19,0,1,3.294699582059402,0.8108024691358025
nursery,12958,8,mix_1_95_3_05_T40,mix_1_95_3_05,k=1.10 (95/5: 1/3),3,1.1,40,38,0,2,6.589399164118804,0.8108024691358025
nursery,12958,8,mix_1_95_3_05_T60,mix_1_95_3_05,k=1.10 (95/5: 1/3),3,1.1,60,57,0,3,9.884098746178207,0.8108024691358025
nursery,12958,8,mix_1_95_3_05_T100,mix_1_95_3_05,k=1.10 (95/5: 1/3),3,1.1,100,95,0,5,16.47349791029701,0.8108024691358025
nursery,12958,8,mix_1_95_3_05_T200,mix_1_95_3_05,k=1.10 (95/5: 1/3),3,1.1,200,190,0,10,32.94699582059402,0.8108024691358025
nursery,12958,8,mix_1_75_2_25_T20,mix_1_75_2_25,k=1.25 (75/25: 1/2),4,1.25,20,15,5,0,2.1749958697590044,0.8108024691358025
nursery,12958,8,mix_1_75_2_25_T40,mix_1_75_2_25,k=1.25 (75/25: 1/2),4,1.25,40,30,10,0,4.349991739518009,0.8108024691358025
nursery,12958,8,mix_1_75_2_25_T60,mix_1_75_2_25,k=1.25 (75/25: 1/2),4,1.25,60,45,15,0,6.524987609277014,0.8108024691358025
nursery,12958,8,mix_1_75_2_25_T100,mix_1_75_2_25,k=1.25 (75/25: 1/2),4,1.25,100,75,25,0,10.874979348795023,0.8108024691358025
nursery,12958,8,mix_1_75_2_25_T200,mix_1_75_2_25,k=1.25 (75/25: 1/2),4,1.25,200,150,50,0,21.749958697590046,0.8108024691358025
nursery,12958,8,mix_1_50_2_50_T20,mix_1_50_2_50,k=1.50 (50/50: 1/2),5,1.5,20,10,10,0,3.7796603562077506,0.8108024691358025
nursery,12958,8,mix_1_50_2_50_T40,mix_1_50_2_50,k=1.50 (50/50: 1/2),5,1.5,40,20,20,0,7.559320712415501,0.8108024691358025
nursery,12958,8,mix_1_50_2_50_T60,mix_1_50_2_50,k=1.50 (50/50: 1/2),5,1.5,60,30,30,0,11.338981068623253,0.8108024691358025
nursery,12958,8,mix_1_50_2_50_T100,mix_1_50_2_50,k=1.50 (50/50: 1/2),5,1.5,100,50,50,0,18.898301781038754,0.8108024691358025
nursery,12958,8,mix_1_50_2_50_T200,mix_1_50_2_50,k=1.50 (50/50: 1/2),5,1.5,200,100,100,0,37.79660356207751,0.8108024691358025
nursery,12958,8,pure_k2_T20,pure_k2,k=2,6,2.0,20,0,20,0,6.988989329105243,0.8108024691358025
nursery,12958,8,pure_k2_T40,pure_k2,k=2,6,2.0,40,0,40,0,13.977978658210485,0.8108024691358025
nursery,12958,8,pure_k2_T60,pure_k2,k=2,6,2.0,60,0,60,0,20.96696798731573,0.8108024691358025
nursery,12958,8,pure_k2_T100,pure_k2,k=2,6,2.0,100,0,100,0,34.944946645526215,0.8108024691358025
nursery,12958,8,pure_k2_T200,pure_k2,k=2,6,2.0,200,0,200,0,69.88989329105243,0.8108024691358025
nursery,12958,8,mix_2_95_3_05_T20,mix_2_95_3_05,k=2.05 (95/5: 2/3),7,2.05,20,0,19,1,9.392424630564637,0.8108024691358025
nursery,12958,8,mix_2_95_3_05_T40,mix_2_95_3_05,k=2.05 (95/5: 2/3),7,2.05,40,0,38,2,18.784849261129274,0.8108024691358025
nursery,12958,8,mix_2_95_3_05_T60,mix_2_95_3_05,k=2.05 (95/5: 2/3),7,2.05,60,0,57,3,28.177273891693915,0.8108024691358025
nursery,12958,8,mix_2_95_3_05_T100,mix_2_95_3_05,k=2.05 (95/5: 2/3),7,2.05,100,0,95,5,46.96212315282319,0.8108024691358025
nursery,12958,8,mix_2_95_3_05_T200,mix_2_95_3_05,k=2.05 (95/5: 2/3),7,2.05,200,0,190,10,93.92424630564638,0.8108024691358025
nursery,12958,8,pure_k3_T20,pure_k3,k=3,8,3.0,20,0,0,20,55.05769535829313,0.8503086419753086
nursery,12958,8,pure_k3_T40,pure_k3,k=3,8,3.0,40,0,0,40,110.11539071658626,0.8503086419753086
nursery,12958,8,pure_k3_T60,pure_k3,k=3,8,3.0,60,0,0,60,165.1730860748794,0.8503086419753086
nursery,12958,8,pure_k3_T100,pure_k3,k=3,8,3.0,100,0,0,100,275.28847679146565,0.8503086419753086
nursery,12958,8,pure_k3_T200,pure_k3,k=3,8,3.0,200,0,0,200,550.5769535829313,0.8503086419753086
