dataset,n_samples,n_features,schedule_id,label,kind,effective_k,depth_1_trees,depth_2_trees,depth_3_trees,n_estimators,fit_time_s,accuracy
prnn_synth,250,2,pure_k1_5,"k=1, T=5",pure_size,1.0,5,0,0,5,0.00938510000705719,0.9047619047619048
prnn_synth,250,2,pure_k1_10,"k=1, T=10",pure_size,1.0,10,0,0,10,0.01877020001411438,0.9206349206349206
prnn_synth,250,2,pure_k1_25,"k=1, T=25",pure_size,1.0,25,0,0,25,0.04692550003528595,0.9206349206349206
prnn_synth,250,2,pure_k1_50,"k=1, T=50",pure_size,1.0,50,0,0,50,0.0938510000705719,0.9047619047619048
prnn_synth,250,2,pure_k1_100,"k=1, T=100",pure_size,1.0,100,0,0,100,0.1877020001411438,0.9047619047619048
prnn_synth,250,2,pure_k2_5,"k=2, T=5",pure_size,2.0,0,5,0,5,0.7324073479045182,0.9047619047619048
prnn_synth,250,2,pure_k2_10,"k=2, T=10",pure_size,2.0,0,10,0,10,1.4648146958090364,0.9206349206349206
prnn_synth,250,2,pure_k2_25,"k=2, T=25",pure_size,2.0,0,25,0,25,3.6620367395225912,0.9206349206349206
prnn_synth,250,2,pure_k2_50,"k=2, T=50",pure_size,2.0,0,50,0,50,7.3240734790451825,0.9365079365079365
prnn_synth,250,2,pure_k2_100,"k=2, T=100",pure_size,2.0,0,100,0,100,14.648146958090365,0.9365079365079365
prnn_synth,250,2,pure_k3_1,"k=3, T=1",pure_size,3.0,0,0,1,1,14.694175833370537,0.9047619047619048
prnn_synth,250,2,pure_k3_3,"k=3, T=3",pure_size,3.0,0,0,3,3,44.08252750011161,0.8253968253968254
prnn_synth,250,2,pure_k3_5,"k=3, T=5",pure_size,3.0,0,0,5,5,73.47087916685268,0.873015873015873
prnn_synth,250,2,mix_1_95_2_05,95% k=1 + 5% k=2,mixture,1.05,95,5,0,100,0.9107242480386049,0.9206349206349206
prnn_synth,250,2,mix_1_90_2_10,90% k=1 + 10% k=2,mixture,1.1,90,10,0,100,1.633746495936066,0.9206349206349206
prnn_synth,250,2,mix_1_75_2_25,75% k=1 + 25% k=2,mixture,1.25,75,25,0,100,3.802813239628449,0.9206349206349206
prnn_synth,250,2,mix_1_50_2_50,50% k=1 + 50% k=2,mixture,1.5,50,50,0,100,7.417924479115754,0.9206349206349206
prnn_synth,250,2,mix_1_95_3_05,95% k=1 + 5% k=3,mixture,1.1,95,0,5,100,73.64919606698678,0.9206349206349206
prnn_synth,250,2,mix_2_95_3_05,95% k=2 + 5% k=3,mixture,2.05,0,95,5,100,87.38661877703854,0.9206349206349206
analcatdata_happiness,60,3,pure_k1_5,"k=1, T=5",pure_size,1.0,5,0,0,5,0.0030415042070671915,0.5333333333333333
analcatdata_happiness,60,3,pure_k1_10,"k=1, T=10",pure_size,1.0,10,0,0,10,0.006083008414134383,0.5333333333333333
analcatdata_happiness,60,3,pure_k1_25,"k=1, T=25",pure_size,1.0,25,0,0,25,0.015207521035335958,0.5333333333333333
analcatdata_happiness,60,3,pure_k1_50,"k=1, T=50",pure_size,1.0,50,0,0,50,0.030415042070671916,0.5333333333333333
analcatdata_happiness,60,3,pure_k1_100,"k=1, T=100",pure_size,1.0,100,0,0,100,0.06083008414134383,0.4666666666666667
analcatdata_happiness,60,3,pure_k2_5,"k=2, T=5",pure_size,2.0,0,5,0,5,0.013382633333094418,0.3333333333333333
analcatdata_happiness,60,3,pure_k2_10,"k=2, T=10",pure_size,2.0,0,10,0,10,0.026765266666188836,0.4666666666666667
analcatdata_happiness,60,3,pure_k2_25,"k=2, T=25",pure_size,2.0,0,25,0,25,0.06691316666547209,0.4666666666666667
analcatdata_happiness,60,3,pure_k2_50,"k=2, T=50",pure_size,2.0,0,50,0,50,0.13382633333094418,0.4
analcatdata_happiness,60,3,pure_k2_100,"k=2, T=100",pure_size,2.0,0,100,0,100,0.26765266666188836,0.4666666666666667
analcatdata_happiness,60,3,pure_k3_1,"k=3, T=1",pure_size,3.0,0,0,1,1,0.03279647501185536,0.26666666666666666
analcatdata_happiness,60,3,pure_k3_3,"k=3, T=3",pure_size,3.0,0,0,3,3,0.0983894250355661,0.3333333333333333
analcatdata_happiness,60,3,pure_k3_5,"k=3, T=5",pure_size,3.0,0,0,5,5,0.16398237505927682,0.26666666666666666
analcatdata_happiness,60,3,mix_1_95_2_05,95% k=1 + 5% k=2,mixture,1.05,95,5,0,100,0.07117121326737105,0.4666666666666667
analcatdata_happiness,60,3,mix_1_90_2_10,90% k=1 + 10% k=2,mixture,1.1,90,10,0,100,0.08151234239339829,0.4666666666666667
analcatdata_happiness,60,3,mix_1_75_2_25,75% k=1 + 25% k=2,mixture,1.25,75,25,0,100,0.11253572977147996,0.4666666666666667
analcatdata_happiness,60,3,mix_1_50_2_50,50% k=1 + 50% k=2,mixture,1.5,50,50,0,100,0.1642413754016161,0.4
analcatdata_happiness,60,3,mix_1_95_3_05,95% k=1 + 5% k=3,mixture,1.1,95,0,5,100,0.22177095499355345,0.4666666666666667
analcatdata_happiness,60,3,mix_2_95_3_05,95% k=2 + 5% k=3,mixture,2.05,0,95,5,100,0.41825240838807076,0.4666666666666667
confidence,72,3,pure_k1_5,"k=1, T=5",pure_size,1.0,5,0,0,5,0.003296968759968877,0.8333333333333334
confidence,72,3,pure_k1_10,"k=1, T=10",pure_size,1.0,10,0,0,10,0.006593937519937754,0.7777777777777778
confidence,72,3,pure_k1_25,"k=1, T=25",pure_size,1.0,25,0,0,25,0.016484843799844384,0.7222222222222222
confidence,72,3,pure_k1_50,"k=1, T=50",pure_size,1.0,50,0,0,50,0.03296968759968877,0.6666666666666666
confidence,72,3,pure_k1_100,"k=1, T=100",pure_size,1.0,100,0,0,100,0.06593937519937754,0.7222222222222222
confidence,72,3,pure_k2_5,"k=2, T=5",pure_size,2.0,0,5,0,5,0.07533142289612442,0.7222222222222222
confidence,72,3,pure_k2_10,"k=2, T=10",pure_size,2.0,0,10,0,10,0.15066284579224884,0.6666666666666666
confidence,72,3,pure_k2_25,"k=2, T=25",pure_size,2.0,0,25,0,25,0.3766571144806221,0.7777777777777778
confidence,72,3,pure_k2_50,"k=2, T=50",pure_size,2.0,0,50,0,50,0.7533142289612442,0.7777777777777778
confidence,72,3,pure_k2_100,"k=2, T=100",pure_size,2.0,0,100,0,100,1.5066284579224885,0.7777777777777778
confidence,72,3,pure_k3_1,"k=3, T=1",pure_size,3.0,0,0,1,1,0.5913922083564103,0.7777777777777778
confidence,72,3,pure_k3_3,"k=3, T=3",pure_size,3.0,0,0,3,3,1.7741766250692308,0.6111111111111112
confidence,72,3,pure_k3_5,"k=3, T=5",pure_size,3.0,0,0,5,5,2.9569610417820513,0.6666666666666666
confidence,72,3,mix_1_95_2_05,95% k=1 + 5% k=2,mixture,1.05,95,5,0,100,0.1379738293355331,0.7777777777777778
confidence,72,3,mix_1_90_2_10,90% k=1 + 10% k=2,mixture,1.1,90,10,0,100,0.21000828347168862,0.7222222222222222
confidence,72,3,mix_1_75_2_25,75% k=1 + 25% k=2,mixture,1.25,75,25,0,100,0.42611164588015527,0.8333333333333334
confidence,72,3,mix_1_50_2_50,50% k=1 + 50% k=2,mixture,1.5,50,50,0,100,0.786283916560933,0.7777777777777778
confidence,72,3,mix_1_95_3_05,95% k=1 + 5% k=3,mixture,1.1,95,0,5,100,3.01960344822146,0.7222222222222222
confidence,72,3,mix_2_95_3_05,95% k=2 + 5% k=3,mixture,2.05,0,95,5,100,4.388258076808415,0.7777777777777778
analcatdata_asbestos,83,3,pure_k1_5,"k=1, T=5",pure_size,1.0,5,0,0,5,0.003208745806477964,0.7142857142857143
analcatdata_asbestos,83,3,pure_k1_10,"k=1, T=10",pure_size,1.0,10,0,0,10,0.006417491612955928,0.7619047619047619
analcatdata_asbestos,83,3,pure_k1_25,"k=1, T=25",pure_size,1.0,25,0,0,25,0.01604372903238982,0.6666666666666666
analcatdata_asbestos,83,3,pure_k1_50,"k=1, T=50",pure_size,1.0,50,0,0,50,0.03208745806477964,0.6666666666666666
analcatdata_asbestos,83,3,pure_k1_100,"k=1, T=100",pure_size,1.0,100,0,0,100,0.06417491612955928,0.6666666666666666
analcatdata_asbestos,83,3,pure_k2_5,"k=2, T=5",pure_size,2.0,0,5,0,5,0.01687958955299109,0.5238095238095238
analcatdata_asbestos,83,3,pure_k2_10,"k=2, T=10",pure_size,2.0,0,10,0,10,0.03375917910598218,0.6666666666666666
analcatdata_asbestos,83,3,pure_k2_25,"k=2, T=25",pure_size,2.0,0,25,0,25,0.08439794776495546,0.6666666666666666
analcatdata_asbestos,83,3,pure_k2_50,"k=2, T=50",pure_size,2.0,0,50,0,50,0.16879589552991092,0.6666666666666666
analcatdata_asbestos,83,3,pure_k2_100,"k=2, T=100",pure_size,2.0,0,100,0,100,0.33759179105982184,0.6666666666666666
analcatdata_asbestos,83,3,pure_k3_1,"k=3, T=1",pure_size,3.0,0,0,1,1,0.042604233417659995,0.7619047619047619
analcatdata_asbestos,83,3,pure_k3_3,"k=3, T=3",pure_size,3.0,0,0,3,3,0.12781270025298,0.6666666666666666
analcatdata_asbestos,83,3,pure_k3_5,"k=3, T=5",pure_size,3.0,0,0,5,5,0.2130211670883,0.6190476190476191
analcatdata_asbestos,83,3,mix_1_95_2_05,95% k=1 + 5% k=2,mixture,1.05,95,5,0,100,0.0778457598760724,0.6666666666666666
analcatdata_asbestos,83,3,mix_1_90_2_10,90% k=1 + 10% k=2,mixture,1.1,90,10,0,100,0.09151660362258554,0.6666666666666666
analcatdata_asbestos,83,3,mix_1_75_2_25,75% k=1 + 25% k=2,mixture,1.25,75,25,0,100,0.13252913486212492,0.6666666666666666
analcatdata_asbestos,83,3,mix_1_50_2_50,50% k=1 + 50% k=2,mixture,1.5,50,50,0,100,0.20088335359469056,0.6666666666666666
analcatdata_asbestos,83,3,mix_1_95_3_05,95% k=1 + 5% k=3,mixture,1.1,95,0,5,100,0.2739873374113813,0.6666666666666666
analcatdata_asbestos,83,3,mix_2_95_3_05,95% k=2 + 5% k=3,mixture,2.05,0,95,5,100,0.5337333685951308,0.6666666666666666
lupus,87,3,pure_k1_5,"k=1, T=5",pure_size,1.0,5,0,0,5,0.00548631043639034,0.7272727272727273
lupus,87,3,pure_k1_10,"k=1, T=10",pure_size,1.0,10,0,0,10,0.01097262087278068,0.7272727272727273
lupus,87,3,pure_k1_25,"k=1, T=25",pure_size,1.0,25,0,0,25,0.0274315521819517,0.6818181818181818
lupus,87,3,pure_k1_50,"k=1, T=50",pure_size,1.0,50,0,0,50,0.0548631043639034,0.6818181818181818
lupus,87,3,pure_k1_100,"k=1, T=100",pure_size,1.0,100,0,0,100,0.1097262087278068,0.6818181818181818
lupus,87,3,pure_k2_5,"k=2, T=5",pure_size,2.0,0,5,0,5,0.06353181039448827,0.6818181818181818
lupus,87,3,pure_k2_10,"k=2, T=10",pure_size,2.0,0,10,0,10,0.12706362078897654,0.6363636363636364
lupus,87,3,pure_k2_25,"k=2, T=25",pure_size,2.0,0,25,0,25,0.3176590519724414,0.6818181818181818
lupus,87,3,pure_k2_50,"k=2, T=50",pure_size,2.0,0,50,0,50,0.6353181039448828,0.6818181818181818
lupus,87,3,pure_k2_100,"k=2, T=100",pure_size,2.0,0,100,0,100,1.2706362078897655,0.6818181818181818
lupus,87,3,pure_k3_1,"k=3, T=1",pure_size,3.0,0,0,1,1,0.2961122415959835,0.6363636363636364
lupus,87,3,pure_k3_3,"k=3, T=3",pure_size,3.0,0,0,3,3,0.8883367247879506,0.6363636363636364
lupus,87,3,pure_k3_5,"k=3, T=5",pure_size,3.0,0,0,5,5,1.4805612079799175,0.6363636363636364
lupus,87,3,mix_1_95_2_05,95% k=1 + 5% k=2,mixture,1.05,95,5,0,100,0.16777170868590474,0.6818181818181818
lupus,87,3,mix_1_90_2_10,90% k=1 + 10% k=2,mixture,1.1,90,10,0,100,0.22581720864400268,0.6818181818181818
lupus,87,3,mix_1_75_2_25,75% k=1 + 25% k=2,mixture,1.25,75,25,0,100,0.3999537085182965,0.6818181818181818
lupus,87,3,mix_1_50_2_50,50% k=1 + 50% k=2,mixture,1.5,50,50,0,100,0.6901812083087862,0.6818181818181818
lupus,87,3,mix_1_95_3_05,95% k=1 + 5% k=3,mixture,1.1,95,0,5,100,1.584801106271334,0.6818181818181818
lupus,87,3,mix_2_95_3_05,95% k=2 + 5% k=3,mixture,2.05,0,95,5,100,2.687665605475195,0.6818181818181818
analcatdata_boxing1,120,3,pure_k1_5,"k=1, T=5",pure_size,1.0,5,0,0,5,0.003666654136031866,0.8666666666666667
analcatdata_boxing1,120,3,pure_k1_10,"k=1, T=10",pure_size,1.0,10,0,0,10,0.007333308272063732,0.8
analcatdata_boxing1,120,3,pure_k1_25,"k=1, T=25",pure_size,1.0,25,0,0,25,0.01833327068015933,0.8
analcatdata_boxing1,120,3,pure_k1_50,"k=1, T=50",pure_size,1.0,50,0,0,50,0.03666654136031866,0.8333333333333334
analcatdata_boxing1,120,3,pure_k1_100,"k=1, T=100",pure_size,1.0,100,0,0,100,0.07333308272063732,0.8333333333333334
analcatdata_boxing1,120,3,pure_k2_5,"k=2, T=5",pure_size,2.0,0,5,0,5,0.012651397893205286,0.9666666666666667
analcatdata_boxing1,120,3,pure_k2_10,"k=2, T=10",pure_size,2.0,0,10,0,10,0.02530279578641057,0.9666666666666667
analcatdata_boxing1,120,3,pure_k2_25,"k=2, T=25",pure_size,2.0,0,25,0,25,0.06325698946602643,0.9333333333333333
analcatdata_boxing1,120,3,pure_k2_50,"k=2, T=50",pure_size,2.0,0,50,0,50,0.12651397893205285,0.9333333333333333
analcatdata_boxing1,120,3,pure_k2_100,"k=2, T=100",pure_size,2.0,0,100,0,100,0.2530279578641057,0.9333333333333333
analcatdata_boxing1,120,3,pure_k3_1,"k=3, T=1",pure_size,3.0,0,0,1,1,0.020605374965816735,0.6666666666666666
analcatdata_boxing1,120,3,pure_k3_3,"k=3, T=3",pure_size,3.0,0,0,3,3,0.06181612489745021,0.8333333333333334
analcatdata_boxing1,120,3,pure_k3_5,"k=3, T=5",pure_size,3.0,0,0,5,5,0.10302687482908368,0.8333333333333334
analcatdata_boxing1,120,3,mix_1_95_2_05,95% k=1 + 5% k=2,mixture,1.05,95,5,0,100,0.08231782647781073,0.8333333333333334
analcatdata_boxing1,120,3,mix_1_90_2_10,90% k=1 + 10% k=2,mixture,1.1,90,10,0,100,0.09130257023498417,0.8333333333333334
analcatdata_boxing1,120,3,mix_1_75_2_25,75% k=1 + 25% k=2,mixture,1.25,75,25,0,100,0.11825680150650442,0.8333333333333334
analcatdata_boxing1,120,3,mix_1_50_2_50,50% k=1 + 50% k=2,mixture,1.5,50,50,0,100,0.1631805202923715,0.8666666666666667
analcatdata_boxing1,120,3,mix_1_95_3_05,95% k=1 + 5% k=3,mixture,1.1,95,0,5,100,0.17269330341368913,0.8333333333333334
analcatdata_boxing1,120,3,mix_2_95_3_05,95% k=2 + 5% k=3,mixture,2.05,0,95,5,100,0.3434034347999841,0.9333333333333333
analcatdata_boxing2,132,3,pure_k1_5,"k=1, T=5",pure_size,1.0,5,0,0,5,0.0033839020412415265,0.6666666666666666
analcatdata_boxing2,132,3,pure_k1_10,"k=1, T=10",pure_size,1.0,10,0,0,10,0.006767804082483053,0.6666666666666666
analcatdata_boxing2,132,3,pure_k1_25,"k=1, T=25",pure_size,1.0,25,0,0,25,0.016919510206207633,0.696969696969697
analcatdata_boxing2,132,3,pure_k1_50,"k=1, T=50",pure_size,1.0,50,0,0,50,0.033839020412415266,0.7272727272727273
analcatdata_boxing2,132,3,pure_k1_100,"k=1, T=100",pure_size,1.0,100,0,0,100,0.06767804082483053,0.7272727272727273
analcatdata_boxing2,132,3,pure_k2_5,"k=2, T=5",pure_size,2.0,0,5,0,5,0.014122070791199804,0.6060606060606061
analcatdata_boxing2,132,3,pure_k2_10,"k=2, T=10",pure_size,2.0,0,10,0,10,0.028244141582399608,0.6363636363636364
analcatdata_boxing2,132,3,pure_k2_25,"k=2, T=25",pure_size,2.0,0,25,0,25,0.07061035395599902,0.6363636363636364
analcatdata_boxing2,132,3,pure_k2_50,"k=2, T=50",pure_size,2.0,0,50,0,50,0.14122070791199803,0.6363636363636364
analcatdata_boxing2,132,3,pure_k2_100,"k=2, T=100",pure_size,2.0,0,100,0,100,0.28244141582399607,0.6363636363636364
analcatdata_boxing2,132,3,pure_k3_1,"k=3, T=1",pure_size,3.0,0,0,1,1,0.02551995003595948,0.5454545454545454
analcatdata_boxing2,132,3,pure_k3_3,"k=3, T=3",pure_size,3.0,0,0,3,3,0.07655985010787844,0.48484848484848486
analcatdata_boxing2,132,3,pure_k3_5,"k=3, T=5",pure_size,3.0,0,0,5,5,0.1275997501797974,0.5757575757575758
analcatdata_boxing2,132,3,mix_1_95_2_05,95% k=1 + 5% k=2,mixture,1.05,95,5,0,100,0.0784162095747888,0.7272727272727273
analcatdata_boxing2,132,3,mix_1_90_2_10,90% k=1 + 10% k=2,mixture,1.1,90,10,0,100,0.0891543783247471,0.7272727272727273
analcatdata_boxing2,132,3,mix_1_75_2_25,75% k=1 + 25% k=2,mixture,1.25,75,25,0,100,0.12136888457462192,0.6363636363636364
analcatdata_boxing2,132,3,mix_1_50_2_50,50% k=1 + 50% k=2,mixture,1.5,50,50,0,100,0.1750597283244133,0.6363636363636364
analcatdata_boxing2,132,3,mix_1_95_3_05,95% k=1 + 5% k=3,mixture,1.1,95,0,5,100,0.1918938889633864,0.7272727272727273
analcatdata_boxing2,132,3,mix_2_95_3_05,95% k=2 + 5% k=3,mixture,2.05,0,95,5,100,0.39591909521259366,0.6363636363636364
haberman,306,3,pure_k1_5,"k=1, T=5",pure_size,1.0,5,0,0,5,0.005500164558179676,0.7272727272727273
haberman,306,3,pure_k1_10,"k=1, T=10",pure_size,1.0,10,0,0,10,0.011000329116359352,0.7532467532467533
haberman,306,3,pure_k1_25,"k=1, T=25",pure_size,1.0,25,0,0,25,0.027500822790898383,0.7402597402597403
haberman,306,3,pure_k1_50,"k=1, T=50",pure_size,1.0,50,0,0,50,0.055001645581796765,0.7402597402597403
haberman,306,3,pure_k1_100,"k=1, T=100",pure_size,1.0,100,0,0,100,0.11000329116359353,0.7532467532467533
haberman,306,3,pure_k2_5,"k=2, T=5",pure_size,2.0,0,5,0,5,0.14809400211088358,0.7272727272727273
haberman,306,3,pure_k2_10,"k=2, T=10",pure_size,2.0,0,10,0,10,0.29618800422176716,0.7402597402597403
haberman,306,3,pure_k2_25,"k=2, T=25",pure_size,2.0,0,25,0,25,0.740470010554418,0.7272727272727273
haberman,306,3,pure_k2_50,"k=2, T=50",pure_size,2.0,0,50,0,50,1.480940021108836,0.7142857142857143
haberman,306,3,pure_k2_100,"k=2, T=100",pure_size,2.0,0,100,0,100,2.961880042217672,0.7142857142857143
haberman,306,3,pure_k3_1,"k=3, T=1",pure_size,3.0,0,0,1,1,1.1904059081338345,0.4805194805194805
haberman,306,3,pure_k3_3,"k=3, T=3",pure_size,3.0,0,0,3,3,3.571217724401504,0.6883116883116883
haberman,306,3,pure_k3_5,"k=3, T=5",pure_size,3.0,0,0,5,5,5.952029540669173,0.7532467532467533
haberman,306,3,mix_1_95_2_05,95% k=1 + 5% k=2,mixture,1.05,95,5,0,100,0.25259712871629747,0.7532467532467533
haberman,306,3,mix_1_90_2_10,90% k=1 + 10% k=2,mixture,1.1,90,10,0,100,0.39519096626900135,0.7532467532467533
haberman,306,3,mix_1_75_2_25,75% k=1 + 25% k=2,mixture,1.25,75,25,0,100,0.8229724789271131,0.7402597402597403
haberman,306,3,mix_1_50_2_50,50% k=1 + 50% k=2,mixture,1.5,50,50,0,100,1.5359416666906327,0.7142857142857143
haberman,306,3,mix_1_95_3_05,95% k=1 + 5% k=3,mixture,1.1,95,0,5,100,6.0565326672745865,0.7532467532467533
haberman,306,3,mix_2_95_3_05,95% k=2 + 5% k=3,mixture,2.05,0,95,5,100,8.76581558077596,0.7142857142857143
analcatdata_aids,50,4,pure_k1_5,"k=1, T=5",pure_size,1.0,5,0,0,5,0.0031008937396109102,0.5384615384615384
analcatdata_aids,50,4,pure_k1_10,"k=1, T=10",pure_size,1.0,10,0,0,10,0.0062017874792218205,0.5384615384615384
analcatdata_aids,50,4,pure_k1_25,"k=1, T=25",pure_size,1.0,25,0,0,25,0.015504468698054552,0.5384615384615384
analcatdata_aids,50,4,pure_k1_50,"k=1, T=50",pure_size,1.0,50,0,0,50,0.031008937396109104,0.5384615384615384
analcatdata_aids,50,4,pure_k1_100,"k=1, T=100",pure_size,1.0,100,0,0,100,0.06201787479221821,0.5384615384615384
analcatdata_aids,50,4,pure_k2_5,"k=2, T=5",pure_size,2.0,0,5,0,5,0.029539589607156812,0.5384615384615384
analcatdata_aids,50,4,pure_k2_10,"k=2, T=10",pure_size,2.0,0,10,0,10,0.059079179214313625,0.5384615384615384
analcatdata_aids,50,4,pure_k2_25,"k=2, T=25",pure_size,2.0,0,25,0,25,0.14769794803578407,0.5384615384615384
analcatdata_aids,50,4,pure_k2_50,"k=2, T=50",pure_size,2.0,0,50,0,50,0.29539589607156813,0.5384615384615384
analcatdata_aids,50,4,pure_k2_100,"k=2, T=100",pure_size,2.0,0,100,0,100,0.5907917921431363,0.5384615384615384
analcatdata_aids,50,4,pure_k3_1,"k=3, T=1",pure_size,3.0,0,0,1,1,0.1260180334560573,0.6923076923076923
analcatdata_aids,50,4,pure_k3_3,"k=3, T=3",pure_size,3.0,0,0,3,3,0.37805410036817194,0.7692307692307693
analcatdata_aids,50,4,pure_k3_5,"k=3, T=5",pure_size,3.0,0,0,5,5,0.6300901672802866,0.6153846153846154
analcatdata_aids,50,4,mix_1_95_2_05,95% k=1 + 5% k=2,mixture,1.05,95,5,0,100,0.08845657065976412,0.5384615384615384
analcatdata_aids,50,4,mix_1_90_2_10,90% k=1 + 10% k=2,mixture,1.1,90,10,0,100,0.11489526652731001,0.5384615384615384
analcatdata_aids,50,4,mix_1_75_2_25,75% k=1 + 25% k=2,mixture,1.25,75,25,0,100,0.19421135412994772,0.5384615384615384
analcatdata_aids,50,4,mix_1_50_2_50,50% k=1 + 50% k=2,mixture,1.5,50,50,0,100,0.32640483346767724,0.5384615384615384
analcatdata_aids,50,4,mix_1_95_3_05,95% k=1 + 5% k=3,mixture,1.1,95,0,5,100,0.6890071483328939,0.5384615384615384
analcatdata_aids,50,4,mix_2_95_3_05,95% k=2 + 5% k=3,mixture,2.05,0,95,5,100,1.191342369816266,0.5384615384615384
iris,150,4,pure_k1_5,"k=1, T=5",pure_size,1.0,5,0,0,5,0.004177964595146477,0.9473684210526315
iris,150,4,pure_k1_10,"k=1, T=10",pure_size,1.0,10,0,0,10,0.008355929190292955,0.9473684210526315
iris,150,4,pure_k1_25,"k=1, T=25",pure_size,1.0,25,0,0,25,0.020889822975732386,0.9473684210526315
iris,150,4,pure_k1_50,"k=1, T=50",pure_size,1.0,50,0,0,50,0.04177964595146477,0.9473684210526315
iris,150,4,pure_k1_100,"k=1, T=100",pure_size,1.0,100,0,0,100,0.08355929190292954,0.9473684210526315
iris,150,4,pure_k2_5,"k=2, T=5",pure_size,2.0,0,5,0,5,0.10906774373725056,0.9473684210526315
iris,150,4,pure_k2_10,"k=2, T=10",pure_size,2.0,0,10,0,10,0.21813548747450112,0.9473684210526315
iris,150,4,pure_k2_25,"k=2, T=25",pure_size,2.0,0,25,0,25,0.5453387186862528,0.9473684210526315
iris,150,4,pure_k2_50,"k=2, T=50",pure_size,2.0,0,50,0,50,1.0906774373725057,0.9473684210526315
iris,150,4,pure_k2_100,"k=2, T=100",pure_size,2.0,0,100,0,100,2.1813548747450113,0.9473684210526315
iris,150,4,pure_k3_1,"k=3, T=1",pure_size,3.0,0,0,1,1,0.9042846334166825,0.868421052631579
iris,150,4,pure_k3_3,"k=3, T=3",pure_size,3.0,0,0,3,3,2.7128539002500474,0.9210526315789473
iris,150,4,pure_k3_5,"k=3, T=5",pure_size,3.0,0,0,5,5,4.521423167083412,0.9210526315789473
iris,150,4,mix_1_95_2_05,95% k=1 + 5% k=2,mixture,1.05,95,5,0,100,0.1884490710450336,0.9473684210526315
iris,150,4,mix_1_90_2_10,90% k=1 + 10% k=2,mixture,1.1,90,10,0,100,0.2933388501871377,0.9473684210526315
iris,150,4,mix_1_75_2_25,75% k=1 + 25% k=2,mixture,1.25,75,25,0,100,0.60800818761345,0.9473684210526315
iris,150,4,mix_1_50_2_50,50% k=1 + 50% k=2,mixture,1.5,50,50,0,100,1.1324570833239704,0.9473684210526315
iris,150,4,mix_1_95_3_05,95% k=1 + 5% k=3,mixture,1.1,95,0,5,100,4.600804494391196,0.9473684210526315
iris,150,4,mix_2_95_3_05,95% k=2 + 5% k=3,mixture,2.05,0,95,5,100,6.593710298091173,0.9473684210526315
hayes_roth,160,4,pure_k1_5,"k=1, T=5",pure_size,1.0,5,0,0,5,0.005454710382036865,0.725
hayes_roth,160,4,pure_k1_10,"k=1, T=10",pure_size,1.0,10,0,0,10,0.01090942076407373,0.725
hayes_roth,160,4,pure_k1_25,"k=1, T=25",pure_size,1.0,25,0,0,25,0.027273551910184324,0.725
hayes_roth,160,4,pure_k1_50,"k=1, T=50",pure_size,1.0,50,0,0,50,0.05454710382036865,0.725
hayes_roth,160,4,pure_k1_100,"k=1, T=100",pure_size,1.0,100,0,0,100,0.1090942076407373,0.725
hayes_roth,160,4,pure_k2_5,"k=2, T=5",pure_size,2.0,0,5,0,5,0.019750249991193413,0.6
hayes_roth,160,4,pure_k2_10,"k=2, T=10",pure_size,2.0,0,10,0,10,0.039500499982386826,0.625
hayes_roth,160,4,pure_k2_25,"k=2, T=25",pure_size,2.0,0,25,0,25,0.09875124995596707,0.85
hayes_roth,160,4,pure_k2_50,"k=2, T=50",pure_size,2.0,0,50,0,50,0.19750249991193414,0.85
hayes_roth,160,4,pure_k2_100,"k=2, T=100",pure_size,2.0,0,100,0,100,0.3950049998238683,0.85
hayes_roth,160,4,pure_k3_1,"k=3, T=1",pure_size,3.0,0,0,1,1,0.007291200011968613,0.6
hayes_roth,160,4,pure_k3_3,"k=3, T=3",pure_size,3.0,0,0,3,3,0.021873600035905837,0.575
hayes_roth,160,4,pure_k3_5,"k=3, T=5",pure_size,3.0,0,0,5,5,0.03645600005984306,0.6
hayes_roth,160,4,mix_1_95_2_05,95% k=1 + 5% k=2,mixture,1.05,95,5,0,100,0.12338974724989385,0.725
hayes_roth,160,4,mix_1_90_2_10,90% k=1 + 10% k=2,mixture,1.1,90,10,0,100,0.1376852868590504,0.725
hayes_roth,160,4,mix_1_75_2_25,75% k=1 + 25% k=2,mixture,1.25,75,25,0,100,0.18057190568652004,0.75
hayes_roth,160,4,mix_1_50_2_50,50% k=1 + 50% k=2,mixture,1.5,50,50,0,100,0.2520496037323028,0.9
hayes_roth,160,4,mix_1_95_3_05,95% k=1 + 5% k=3,mixture,1.1,95,0,5,100,0.14009549731854348,0.75
hayes_roth,160,4,mix_2_95_3_05,95% k=2 + 5% k=3,mixture,2.05,0,95,5,100,0.41171074989251794,0.85
analcatdata_lawsuit,264,4,pure_k1_5,"k=1, T=5",pure_size,1.0,5,0,0,5,0.008280081255361438,1.0
analcatdata_lawsuit,264,4,pure_k1_10,"k=1, T=10",pure_size,1.0,10,0,0,10,0.016560162510722877,0.9848484848484849
analcatdata_lawsuit,264,4,pure_k1_25,"k=1, T=25",pure_size,1.0,25,0,0,25,0.04140040627680719,1.0
analcatdata_lawsuit,264,4,pure_k1_50,"k=1, T=50",pure_size,1.0,50,0,0,50,0.08280081255361438,1.0
analcatdata_lawsuit,264,4,pure_k1_100,"k=1, T=100",pure_size,1.0,100,0,0,100,0.16560162510722876,1.0
analcatdata_lawsuit,264,4,pure_k2_5,"k=2, T=5",pure_size,2.0,0,5,0,5,0.447985841636546,1.0
analcatdata_lawsuit,264,4,pure_k2_10,"k=2, T=10",pure_size,2.0,0,10,0,10,0.895971683273092,1.0
analcatdata_lawsuit,264,4,pure_k2_25,"k=2, T=25",pure_size,2.0,0,25,0,25,2.23992920818273,1.0
analcatdata_lawsuit,264,4,pure_k2_50,"k=2, T=50",pure_size,2.0,0,50,0,50,4.47985841636546,1.0
analcatdata_lawsuit,264,4,pure_k2_100,"k=2, T=100",pure_size,2.0,0,100,0,100,8.95971683273092,1.0
analcatdata_lawsuit,264,4,pure_k3_1,"k=3, T=1",pure_size,3.0,0,0,1,1,6.5389326916076245,0.9848484848484849
analcatdata_lawsuit,264,4,pure_k3_3,"k=3, T=3",pure_size,3.0,0,0,3,3,19.616798074822874,1.0
analcatdata_lawsuit,264,4,pure_k3_5,"k=3, T=5",pure_size,3.0,0,0,5,5,32.69466345803812,1.0
analcatdata_lawsuit,264,4,mix_1_95_2_05,95% k=1 + 5% k=2,mixture,1.05,95,5,0,100,0.6053073854884132,1.0
analcatdata_lawsuit,264,4,mix_1_90_2_10,90% k=1 + 10% k=2,mixture,1.1,90,10,0,100,1.045013145869598,1.0
analcatdata_lawsuit,264,4,mix_1_75_2_25,75% k=1 + 25% k=2,mixture,1.25,75,25,0,100,2.3641304270131513,1.0
analcatdata_lawsuit,264,4,mix_1_50_2_50,50% k=1 + 50% k=2,mixture,1.5,50,50,0,100,4.562659228919074,1.0
analcatdata_lawsuit,264,4,mix_1_95_3_05,95% k=1 + 5% k=3,mixture,1.1,95,0,5,100,32.851985001889986,1.0
analcatdata_lawsuit,264,4,mix_2_95_3_05,95% k=2 + 5% k=3,mixture,2.05,0,95,5,100,41.206394449132496,1.0
balance_scale,625,4,pure_k1_5,"k=1, T=5",pure_size,1.0,5,0,0,5,0.0050358312437310815,0.7770700636942676
balance_scale,625,4,pure_k1_10,"k=1, T=10",pure_size,1.0,10,0,0,10,0.010071662487462163,0.7898089171974523
balance_scale,625,4,pure_k1_25,"k=1, T=25",pure_size,1.0,25,0,0,25,0.025179156218655407,0.802547770700637
balance_scale,625,4,pure_k1_50,"k=1, T=50",pure_size,1.0,50,0,0,50,0.050358312437310815,0.8280254777070064
balance_scale,625,4,pure_k1_100,"k=1, T=100",pure_size,1.0,100,0,0,100,0.10071662487462163,0.8407643312101911
balance_scale,625,4,pure_k2_5,"k=2, T=5",pure_size,2.0,0,5,0,5,0.02736102498602122,0.802547770700637
balance_scale,625,4,pure_k2_10,"k=2, T=10",pure_size,2.0,0,10,0,10,0.05472204997204244,0.8152866242038217
balance_scale,625,4,pure_k2_25,"k=2, T=25",pure_size,2.0,0,25,0,25,0.1368051249301061,0.802547770700637
balance_scale,625,4,pure_k2_50,"k=2, T=50",pure_size,2.0,0,50,0,50,0.2736102498602122,0.821656050955414
balance_scale,625,4,pure_k2_100,"k=2, T=100",pure_size,2.0,0,100,0,100,0.5472204997204244,0.8280254777070064
balance_scale,625,4,pure_k3_1,"k=3, T=1",pure_size,3.0,0,0,1,1,0.04174130819737911,0.7452229299363057
balance_scale,625,4,pure_k3_3,"k=3, T=3",pure_size,3.0,0,0,3,3,0.12522392459213733,0.8152866242038217
balance_scale,625,4,pure_k3_5,"k=3, T=5",pure_size,3.0,0,0,5,5,0.20870654098689556,0.821656050955414
balance_scale,625,4,mix_1_95_2_05,95% k=1 + 5% k=2,mixture,1.05,95,5,0,100,0.12304181861691177,0.8471337579617835
balance_scale,625,4,mix_1_90_2_10,90% k=1 + 10% k=2,mixture,1.1,90,10,0,100,0.1453670123592019,0.8407643312101911
balance_scale,625,4,mix_1_75_2_25,75% k=1 + 25% k=2,mixture,1.25,75,25,0,100,0.21234259358607233,0.8343949044585988
balance_scale,625,4,mix_1_50_2_50,50% k=1 + 50% k=2,mixture,1.5,50,50,0,100,0.323968562297523,0.8152866242038217
balance_scale,625,4,mix_1_95_3_05,95% k=1 + 5% k=3,mixture,1.1,95,0,5,100,0.3043873346177861,0.8407643312101911
balance_scale,625,4,mix_2_95_3_05,95% k=2 + 5% k=3,mixture,2.05,0,95,5,100,0.7285660157212988,0.8343949044585988
analcatdata_dmft,797,4,pure_k1_5,"k=1, T=5",pure_size,1.0,5,0,0,5,0.005137677094899118,0.23
analcatdata_dmft,797,4,pure_k1_10,"k=1, T=10",pure_size,1.0,10,0,0,10,0.010275354189798237,0.235
analcatdata_dmft,797,4,pure_k1_25,"k=1, T=25",pure_size,1.0,25,0,0,25,0.02568838547449559,0.225
analcatdata_dmft,797,4,pure_k1_50,"k=1, T=50",pure_size,1.0,50,0,0,50,0.05137677094899118,0.205
analcatdata_dmft,797,4,pure_k1_100,"k=1, T=100",pure_size,1.0,100,0,0,100,0.10275354189798236,0.195
analcatdata_dmft,797,4,pure_k2_5,"k=2, T=5",pure_size,2.0,0,5,0,5,0.0314792541321367,0.21
analcatdata_dmft,797,4,pure_k2_10,"k=2, T=10",pure_size,2.0,0,10,0,10,0.0629585082642734,0.205
analcatdata_dmft,797,4,pure_k2_25,"k=2, T=25",pure_size,2.0,0,25,0,25,0.1573962706606835,0.205
analcatdata_dmft,797,4,pure_k2_50,"k=2, T=50",pure_size,2.0,0,50,0,50,0.314792541321367,0.205
analcatdata_dmft,797,4,pure_k2_100,"k=2, T=100",pure_size,2.0,0,100,0,100,0.629585082642734,0.19
analcatdata_dmft,797,4,pure_k3_1,"k=3, T=1",pure_size,3.0,0,0,1,1,0.04518280839547515,0.18
analcatdata_dmft,797,4,pure_k3_3,"k=3, T=3",pure_size,3.0,0,0,3,3,0.13554842518642546,0.21
analcatdata_dmft,797,4,pure_k3_5,"k=3, T=5",pure_size,3.0,0,0,5,5,0.22591404197737575,0.21
analcatdata_dmft,797,4,mix_1_95_2_05,95% k=1 + 5% k=2,mixture,1.05,95,5,0,100,0.12909511893521994,0.19
analcatdata_dmft,797,4,mix_1_90_2_10,90% k=1 + 10% k=2,mixture,1.1,90,10,0,100,0.15543669597245752,0.2
analcatdata_dmft,797,4,mix_1_75_2_25,75% k=1 + 25% k=2,mixture,1.25,75,25,0,100,0.23446142708417028,0.195
analcatdata_dmft,797,4,mix_1_50_2_50,50% k=1 + 50% k=2,mixture,1.5,50,50,0,100,0.3661693122703582,0.2
analcatdata_dmft,797,4,mix_1_95_3_05,95% k=1 + 5% k=3,mixture,1.1,95,0,5,100,0.323529906780459,0.2
analcatdata_dmft,797,4,mix_2_95_3_05,95% k=2 + 5% k=3,mixture,2.05,0,95,5,100,0.8240198704879731,0.19
parity5,32,5,pure_k1_5,"k=1, T=5",pure_size,1.0,5,0,0,5,0.005455814604647458,0.25
parity5,32,5,pure_k1_10,"k=1, T=10",pure_size,1.0,10,0,0,10,0.010911629209294916,0.125
parity5,32,5,pure_k1_25,"k=1, T=25",pure_size,1.0,25,0,0,25,0.027279073023237288,0.125
parity5,32,5,pure_k1_50,"k=1, T=50",pure_size,1.0,50,0,0,50,0.054558146046474576,0.125
parity5,32,5,pure_k1_100,"k=1, T=100",pure_size,1.0,100,0,0,100,0.10911629209294915,0.125
parity5,32,5,pure_k2_5,"k=2, T=5",pure_size,2.0,0,5,0,5,0.008438985398970544,0.25
parity5,32,5,pure_k2_10,"k=2, T=10",pure_size,2.0,0,10,0,10,0.016877970797941087,0.375
parity5,32,5,pure_k2_25,"k=2, T=25",pure_size,2.0,0,25,0,25,0.04219492699485272,0.125
parity5,32,5,pure_k2_50,"k=2, T=50",pure_size,2.0,0,50,0,50,0.08438985398970544,0.125
parity5,32,5,pure_k2_100,"k=2, T=100",pure_size,2.0,0,100,0,100,0.1687797079794109,0.125
parity5,32,5,pure_k3_1,"k=3, T=1",pure_size,3.0,0,0,1,1,0.0016788499429821967,0.375
parity5,32,5,pure_k3_3,"k=3, T=3",pure_size,3.0,0,0,3,3,0.005036549828946591,0.125
parity5,32,5,pure_k3_5,"k=3, T=5",pure_size,3.0,0,0,5,5,0.008394249714910984,0.125
parity5,32,5,mix_1_95_2_05,95% k=1 + 5% k=2,mixture,1.05,95,5,0,100,0.11209946288727224,0.125
parity5,32,5,mix_1_90_2_10,90% k=1 + 10% k=2,mixture,1.1,90,10,0,100,0.11508263368159533,0.125
parity5,32,5,mix_1_75_2_25,75% k=1 + 25% k=2,mixture,1.25,75,25,0,100,0.12403214606456459,0.125
parity5,32,5,mix_1_50_2_50,50% k=1 + 50% k=2,mixture,1.5,50,50,0,100,0.13894800003618002,0.125
parity5,32,5,mix_1_95_3_05,95% k=1 + 5% k=3,mixture,1.1,95,0,5,100,0.11205472720321268,0.125
parity5,32,5,mix_2_95_3_05,95% k=2 + 5% k=3,mixture,2.05,0,95,5,100,0.16873497229535134,0.125
tae,151,5,pure_k1_5,"k=1, T=5",pure_size,1.0,5,0,0,5,0.004762110393494367,0.5789473684210527
tae,151,5,pure_k1_10,"k=1, T=10",pure_size,1.0,10,0,0,10,0.009524220786988735,0.6052631578947368
tae,151,5,pure_k1_25,"k=1, T=25",pure_size,1.0,25,0,0,25,0.023810551967471838,0.6052631578947368
tae,151,5,pure_k1_50,"k=1, T=50",pure_size,1.0,50,0,0,50,0.047621103934943676,0.6052631578947368
tae,151,5,pure_k1_100,"k=1, T=100",pure_size,1.0,100,0,0,100,0.09524220786988735,0.631578947368421
tae,151,5,pure_k2_5,"k=2, T=5",pure_size,2.0,0,5,0,5,0.11806303125340492,0.5789473684210527
tae,151,5,pure_k2_10,"k=2, T=10",pure_size,2.0,0,10,0,10,0.23612606250680984,0.6842105263157895
tae,151,5,pure_k2_25,"k=2, T=25",pure_size,2.0,0,25,0,25,0.5903151562670246,0.6578947368421053
tae,151,5,pure_k2_50,"k=2, T=50",pure_size,2.0,0,50,0,50,1.1806303125340492,0.6842105263157895
tae,151,5,pure_k2_100,"k=2, T=100",pure_size,2.0,0,100,0,100,2.3612606250680983,0.6842105263157895
tae,151,5,pure_k3_1,"k=3, T=1",pure_size,3.0,0,0,1,1,0.6288612667471171,0.5526315789473685
tae,151,5,pure_k3_3,"k=3, T=3",pure_size,3.0,0,0,3,3,1.886583800241351,0.5789473684210527
tae,151,5,pure_k3_5,"k=3, T=5",pure_size,3.0,0,0,5,5,3.144306333735585,0.5789473684210527
tae,151,5,mix_1_95_2_05,95% k=1 + 5% k=2,mixture,1.05,95,5,0,100,0.2085431287297979,0.631578947368421
tae,151,5,mix_1_90_2_10,90% k=1 + 10% k=2,mixture,1.1,90,10,0,100,0.32184404958970847,0.631578947368421
tae,151,5,mix_1_75_2_25,75% k=1 + 25% k=2,mixture,1.25,75,25,0,100,0.6617468121694401,0.631578947368421
tae,151,5,mix_1_50_2_50,50% k=1 + 50% k=2,mixture,1.5,50,50,0,100,1.2282514164689928,0.6842105263157895
tae,151,5,mix_1_95_3_05,95% k=1 + 5% k=3,mixture,1.1,95,0,5,100,3.2347864312119783,0.631578947368421
tae,151,5,mix_2_95_3_05,95% k=2 + 5% k=3,mixture,2.05,0,95,5,100,5.387503927550279,0.6842105263157895
new_thyroid,215,5,pure_k1_5,"k=1, T=5",pure_size,1.0,5,0,0,5,0.007612647907808423,0.9259259259259259
new_thyroid,215,5,pure_k1_10,"k=1, T=10",pure_size,1.0,10,0,0,10,0.015225295815616846,0.8888888888888888
new_thyroid,215,5,pure_k1_25,"k=1, T=25",pure_size,1.0,25,0,0,25,0.038063239539042115,0.9074074074074074
new_thyroid,215,5,pure_k1_50,"k=1, T=50",pure_size,1.0,50,0,0,50,0.07612647907808423,0.9074074074074074
new_thyroid,215,5,pure_k1_100,"k=1, T=100",pure_size,1.0,100,0,0,100,0.15225295815616846,0.9259259259259259
new_thyroid,215,5,pure_k2_5,"k=2, T=5",pure_size,2.0,0,5,0,5,0.7652895520906895,0.9629629629629629
new_thyroid,215,5,pure_k2_10,"k=2, T=10",pure_size,2.0,0,10,0,10,1.530579104181379,0.9259259259259259
new_thyroid,215,5,pure_k2_25,"k=2, T=25",pure_size,2.0,0,25,0,25,3.8264477604534477,0.9259259259259259
new_thyroid,215,5,pure_k2_50,"k=2, T=50",pure_size,2.0,0,50,0,50,7.652895520906895,0.9259259259259259
new_thyroid,215,5,pure_k2_100,"k=2, T=100",pure_size,2.0,0,100,0,100,15.30579104181379,0.9259259259259259
new_thyroid,215,5,pure_k3_1,"k=3, T=1",pure_size,3.0,0,0,1,1,16.658359500020744,0.8888888888888888
new_thyroid,215,5,pure_k3_3,"k=3, T=3",pure_size,3.0,0,0,3,3,49.975078500062224,0.8888888888888888
new_thyroid,215,5,pure_k3_5,"k=3, T=5",pure_size,3.0,0,0,5,5,83.29179750010371,0.9444444444444444
new_thyroid,215,5,mix_1_95_2_05,95% k=1 + 5% k=2,mixture,1.05,95,5,0,100,0.9099298623390495,0.9259259259259259
new_thyroid,215,5,mix_1_90_2_10,90% k=1 + 10% k=2,mixture,1.1,90,10,0,100,1.6676067665219305,0.9259259259259259
new_thyroid,215,5,mix_1_75_2_25,75% k=1 + 25% k=2,mixture,1.25,75,25,0,100,3.940637479070574,0.9259259259259259
new_thyroid,215,5,mix_1_50_2_50,50% k=1 + 50% k=2,mixture,1.5,50,50,0,100,7.72902199998498,0.9259259259259259
new_thyroid,215,5,mix_1_95_3_05,95% k=1 + 5% k=3,mixture,1.1,95,0,5,100,83.43643781035207,0.9259259259259259
new_thyroid,215,5,mix_2_95_3_05,95% k=2 + 5% k=3,mixture,2.05,0,95,5,100,97.83229898982681,0.9259259259259259
bupa,345,5,pure_k1_5,"k=1, T=5",pure_size,1.0,5,0,0,5,0.010976645816117524,0.632183908045977
bupa,345,5,pure_k1_10,"k=1, T=10",pure_size,1.0,10,0,0,10,0.02195329163223505,0.5977011494252874
bupa,345,5,pure_k1_25,"k=1, T=25",pure_size,1.0,25,0,0,25,0.054883229080587626,0.5977011494252874
bupa,345,5,pure_k1_50,"k=1, T=50",pure_size,1.0,50,0,0,50,0.10976645816117525,0.5977011494252874
bupa,345,5,pure_k1_100,"k=1, T=100",pure_size,1.0,100,0,0,100,0.2195329163223505,0.6206896551724138
bupa,345,5,pure_k2_5,"k=2, T=5",pure_size,2.0,0,5,0,5,1.2775236062472686,0.5747126436781609
bupa,345,5,pure_k2_10,"k=2, T=10",pure_size,2.0,0,10,0,10,2.555047212494537,0.6206896551724138
bupa,345,5,pure_k2_25,"k=2, T=25",pure_size,2.0,0,25,0,25,6.387618031236343,0.5517241379310345
bupa,345,5,pure_k2_50,"k=2, T=50",pure_size,2.0,0,50,0,50,12.775236062472686,0.5632183908045977
bupa,345,5,pure_k2_100,"k=2, T=100",pure_size,2.0,0,100,0,100,25.550472124945372,0.5977011494252874
bupa,345,5,pure_k3_1,"k=3, T=1",pure_size,3.0,0,0,1,1,26.819595033396034,0.5517241379310345
bupa,345,5,pure_k3_3,"k=3, T=3",pure_size,3.0,0,0,3,3,80.45878510018811,0.5977011494252874
bupa,345,5,pure_k3_5,"k=3, T=5",pure_size,3.0,0,0,5,5,134.09797516698018,0.5862068965517241
bupa,345,5,mix_1_95_2_05,95% k=1 + 5% k=2,mixture,1.05,95,5,0,100,1.4860798767535015,0.6091954022988506
bupa,345,5,mix_1_90_2_10,90% k=1 + 10% k=2,mixture,1.1,90,10,0,100,2.7526268371846525,0.6091954022988506
bupa,345,5,mix_1_75_2_25,75% k=1 + 25% k=2,mixture,1.25,75,25,0,100,6.552267718478106,0.6091954022988506
bupa,345,5,mix_1_50_2_50,50% k=1 + 50% k=2,mixture,1.5,50,50,0,100,12.885002520633861,0.5862068965517241
bupa,345,5,mix_1_95_3_05,95% k=1 + 5% k=3,mixture,1.1,95,0,5,100,134.3065314374864,0.6206896551724138
bupa,345,5,mix_2_95_3_05,95% k=2 + 5% k=3,mixture,2.05,0,95,5,100,158.3709236856783,0.5977011494252874
analcatdata_germangss,400,5,pure_k1_5,"k=1, T=5",pure_size,1.0,5,0,0,5,0.007809818745590747,0.37
analcatdata_germangss,400,5,pure_k1_10,"k=1, T=10",pure_size,1.0,10,0,0,10,0.015619637491181493,0.39
analcatdata_germangss,400,5,pure_k1_25,"k=1, T=25",pure_size,1.0,25,0,0,25,0.03904909372795373,0.4
analcatdata_germangss,400,5,pure_k1_50,"k=1, T=50",pure_size,1.0,50,0,0,50,0.07809818745590746,0.41
analcatdata_germangss,400,5,pure_k1_100,"k=1, T=100",pure_size,1.0,100,0,0,100,0.15619637491181493,0.45
analcatdata_germangss,400,5,pure_k2_5,"k=2, T=5",pure_size,2.0,0,5,0,5,0.13214106874074788,0.4
analcatdata_germangss,400,5,pure_k2_10,"k=2, T=10",pure_size,2.0,0,10,0,10,0.26428213748149576,0.41
analcatdata_germangss,400,5,pure_k2_25,"k=2, T=25",pure_size,2.0,0,25,0,25,0.6607053437037393,0.41
analcatdata_germangss,400,5,pure_k2_50,"k=2, T=50",pure_size,2.0,0,50,0,50,1.3214106874074787,0.44
analcatdata_germangss,400,5,pure_k2_100,"k=2, T=100",pure_size,2.0,0,100,0,100,2.6428213748149574,0.46
analcatdata_germangss,400,5,pure_k3_1,"k=3, T=1",pure_size,3.0,0,0,1,1,0.499644333217293,0.33
analcatdata_germangss,400,5,pure_k3_3,"k=3, T=3",pure_size,3.0,0,0,3,3,1.498932999651879,0.41
analcatdata_germangss,400,5,pure_k3_5,"k=3, T=5",pure_size,3.0,0,0,5,5,2.498221666086465,0.4
analcatdata_germangss,400,5,mix_1_95_2_05,95% k=1 + 5% k=2,mixture,1.05,95,5,0,100,0.28052762490697203,0.41
analcatdata_germangss,400,5,mix_1_90_2_10,90% k=1 + 10% k=2,mixture,1.1,90,10,0,100,0.4048588749021292,0.43
analcatdata_germangss,400,5,mix_1_75_2_25,75% k=1 + 25% k=2,mixture,1.25,75,25,0,100,0.7778526248876005,0.42
analcatdata_germangss,400,5,mix_1_50_2_50,50% k=1 + 50% k=2,mixture,1.5,50,50,0,100,1.3995088748633862,0.45
analcatdata_germangss,400,5,mix_1_95_3_05,95% k=1 + 5% k=3,mixture,1.1,95,0,5,100,2.646608222252689,0.43
analcatdata_germangss,400,5,mix_2_95_3_05,95% k=2 + 5% k=3,mixture,2.05,0,95,5,100,5.0089019721606745,0.44
irish,500,5,pure_k1_5,"k=1, T=5",pure_size,1.0,5,0,0,5,0.005990033340640366,1.0
irish,500,5,pure_k1_10,"k=1, T=10",pure_size,1.0,10,0,0,10,0.011980066681280733,1.0
irish,500,5,pure_k1_25,"k=1, T=25",pure_size,1.0,25,0,0,25,0.02995016670320183,1.0
irish,500,5,pure_k1_50,"k=1, T=50",pure_size,1.0,50,0,0,50,0.05990033340640366,1.0
irish,500,5,pure_k1_100,"k=1, T=100",pure_size,1.0,100,0,0,100,0.11980066681280732,1.0
irish,500,5,pure_k2_5,"k=2, T=5",pure_size,2.0,0,5,0,5,0.38272721045650543,1.0
irish,500,5,pure_k2_10,"k=2, T=10",pure_size,2.0,0,10,0,10,0.7654544209130109,1.0
irish,500,5,pure_k2_25,"k=2, T=25",pure_size,2.0,0,25,0,25,1.913636052282527,1.0
irish,500,5,pure_k2_50,"k=2, T=50",pure_size,2.0,0,50,0,50,3.827272104565054,1.0
irish,500,5,pure_k2_100,"k=2, T=100",pure_size,2.0,0,100,0,100,7.654544209130108,1.0
irish,500,5,pure_k3_1,"k=3, T=1",pure_size,3.0,0,0,1,1,3.7491610581986605,1.0
irish,500,5,pure_k3_3,"k=3, T=3",pure_size,3.0,0,0,3,3,11.247483174595981,1.0
irish,500,5,pure_k3_5,"k=3, T=5",pure_size,3.0,0,0,5,5,18.745805290993303,1.0
irish,500,5,mix_1_95_2_05,95% k=1 + 5% k=2,mixture,1.05,95,5,0,100,0.4965378439286724,1.0
irish,500,5,mix_1_90_2_10,90% k=1 + 10% k=2,mixture,1.1,90,10,0,100,0.8732750210445375,1.0
irish,500,5,mix_1_75_2_25,75% k=1 + 25% k=2,mixture,1.25,75,25,0,100,2.0034865523921326,1.0
irish,500,5,mix_1_50_2_50,50% k=1 + 50% k=2,mixture,1.5,50,50,0,100,3.887172437971458,1.0
irish,500,5,mix_1_95_3_05,95% k=1 + 5% k=3,mixture,1.1,95,0,5,100,18.85961592446547,1.0
irish,500,5,mix_2_95_3_05,95% k=2 + 5% k=3,mixture,2.05,0,95,5,100,26.017622289666907,1.0
analcatdata_bankruptcy,50,6,pure_k1_5,"k=1, T=5",pure_size,1.0,5,0,0,5,0.00397196460980922,0.9230769230769231
analcatdata_bankruptcy,50,6,pure_k1_10,"k=1, T=10",pure_size,1.0,10,0,0,10,0.00794392921961844,0.9230769230769231
analcatdata_bankruptcy,50,6,pure_k1_25,"k=1, T=25",pure_size,1.0,25,0,0,25,0.0198598230490461,0.9230769230769231
analcatdata_bankruptcy,50,6,pure_k1_50,"k=1, T=50",pure_size,1.0,50,0,0,50,0.0397196460980922,0.9230769230769231
analcatdata_bankruptcy,50,6,pure_k1_100,"k=1, T=100",pure_size,1.0,100,0,0,100,0.0794392921961844,0.8461538461538461
analcatdata_bankruptcy,50,6,pure_k2_5,"k=2, T=5",pure_size,2.0,0,5,0,5,0.15973808546550572,0.7692307692307693
analcatdata_bankruptcy,50,6,pure_k2_10,"k=2, T=10",pure_size,2.0,0,10,0,10,0.31947617093101144,0.7692307692307693
analcatdata_bankruptcy,50,6,pure_k2_25,"k=2, T=25",pure_size,2.0,0,25,0,25,0.7986904273275286,0.7692307692307693
analcatdata_bankruptcy,50,6,pure_k2_50,"k=2, T=50",pure_size,2.0,0,50,0,50,1.5973808546550572,0.7692307692307693
analcatdata_bankruptcy,50,6,pure_k2_100,"k=2, T=100",pure_size,2.0,0,100,0,100,3.1947617093101144,0.7692307692307693
analcatdata_bankruptcy,50,6,pure_k3_1,"k=3, T=1",pure_size,3.0,0,0,1,1,1.7956156418658793,0.6923076923076923
analcatdata_bankruptcy,50,6,pure_k3_3,"k=3, T=3",pure_size,3.0,0,0,3,3,5.386846925597638,0.6923076923076923
analcatdata_bankruptcy,50,6,pure_k3_5,"k=3, T=5",pure_size,3.0,0,0,5,5,8.978078209329396,0.7692307692307693
analcatdata_bankruptcy,50,6,mix_1_95_2_05,95% k=1 + 5% k=2,mixture,1.05,95,5,0,100,0.2352054130518809,0.8461538461538461
analcatdata_bankruptcy,50,6,mix_1_90_2_10,90% k=1 + 10% k=2,mixture,1.1,90,10,0,100,0.3909715339075774,0.8461538461538461
analcatdata_bankruptcy,50,6,mix_1_75_2_25,75% k=1 + 25% k=2,mixture,1.25,75,25,0,100,0.8582698964746669,0.8461538461538461
analcatdata_bankruptcy,50,6,mix_1_50_2_50,50% k=1 + 50% k=2,mixture,1.5,50,50,0,100,1.6371005007531494,0.7692307692307693
analcatdata_bankruptcy,50,6,mix_1_95_3_05,95% k=1 + 5% k=3,mixture,1.1,95,0,5,100,9.053545536915772,0.8461538461538461
analcatdata_bankruptcy,50,6,mix_2_95_3_05,95% k=2 + 5% k=3,mixture,2.05,0,95,5,100,12.013101833174005,0.7692307692307693
analcatdata_creditscore,100,6,pure_k1_5,"k=1, T=5",pure_size,1.0,5,0,0,5,0.003374283341690898,0.96
analcatdata_creditscore,100,6,pure_k1_10,"k=1, T=10",pure_size,1.0,10,0,0,10,0.006748566683381796,1.0
analcatdata_creditscore,100,6,pure_k1_25,"k=1, T=25",pure_size,1.0,25,0,0,25,0.01687141670845449,1.0
analcatdata_creditscore,100,6,pure_k1_50,"k=1, T=50",pure_size,1.0,50,0,0,50,0.03374283341690898,1.0
analcatdata_creditscore,100,6,pure_k1_100,"k=1, T=100",pure_size,1.0,100,0,0,100,0.06748566683381796,1.0
analcatdata_creditscore,100,6,pure_k2_5,"k=2, T=5",pure_size,2.0,0,5,0,5,0.13301954586058856,0.96
analcatdata_creditscore,100,6,pure_k2_10,"k=2, T=10",pure_size,2.0,0,10,0,10,0.2660390917211771,0.96
analcatdata_creditscore,100,6,pure_k2_25,"k=2, T=25",pure_size,2.0,0,25,0,25,0.6650977293029428,1.0
analcatdata_creditscore,100,6,pure_k2_50,"k=2, T=50",pure_size,2.0,0,50,0,50,1.3301954586058855,1.0
analcatdata_creditscore,100,6,pure_k2_100,"k=2, T=100",pure_size,2.0,0,100,0,100,2.660390917211771,1.0
analcatdata_creditscore,100,6,pure_k3_1,"k=3, T=1",pure_size,3.0,0,0,1,1,1.038800533208996,0.96
analcatdata_creditscore,100,6,pure_k3_3,"k=3, T=3",pure_size,3.0,0,0,3,3,3.1164015996269883,0.96
analcatdata_creditscore,100,6,pure_k3_5,"k=3, T=5",pure_size,3.0,0,0,5,5,5.19400266604498,0.96
analcatdata_creditscore,100,6,mix_1_95_2_05,95% k=1 + 5% k=2,mixture,1.05,95,5,0,100,0.19713092935271562,1.0
analcatdata_creditscore,100,6,mix_1_90_2_10,90% k=1 + 10% k=2,mixture,1.1,90,10,0,100,0.3267761918716133,1.0
analcatdata_creditscore,100,6,mix_1_75_2_25,75% k=1 + 25% k=2,mixture,1.25,75,25,0,100,0.7157119794283062,1.0
analcatdata_creditscore,100,6,mix_1_50_2_50,50% k=1 + 50% k=2,mixture,1.5,50,50,0,100,1.3639382920227945,1.0
analcatdata_creditscore,100,6,mix_1_95_3_05,95% k=1 + 5% k=3,mixture,1.1,95,0,5,100,5.258114049537108,1.0
analcatdata_creditscore,100,6,mix_2_95_3_05,95% k=2 + 5% k=3,mixture,2.05,0,95,5,100,7.721374037396163,1.0
mux6,128,6,pure_k1_5,"k=1, T=5",pure_size,1.0,5,0,0,5,0.0034631374990567567,0.75
mux6,128,6,pure_k1_10,"k=1, T=10",pure_size,1.0,10,0,0,10,0.006926274998113513,0.8125
mux6,128,6,pure_k1_25,"k=1, T=25",pure_size,1.0,25,0,0,25,0.017315687495283782,0.84375
mux6,128,6,pure_k1_50,"k=1, T=50",pure_size,1.0,50,0,0,50,0.034631374990567565,0.90625
mux6,128,6,pure_k1_100,"k=1, T=100",pure_size,1.0,100,0,0,100,0.06926274998113513,0.875
mux6,128,6,pure_k2_5,"k=2, T=5",pure_size,2.0,0,5,0,5,0.006258375011384487,1.0
mux6,128,6,pure_k2_10,"k=2, T=10",pure_size,2.0,0,10,0,10,0.012516750022768974,1.0
mux6,128,6,pure_k2_25,"k=2, T=25",pure_size,2.0,0,25,0,25,0.031291875056922436,1.0
mux6,128,6,pure_k2_50,"k=2, T=50",pure_size,2.0,0,50,0,50,0.06258375011384487,1.0
mux6,128,6,pure_k2_100,"k=2, T=100",pure_size,2.0,0,100,0,100,0.12516750022768974,1.0
mux6,128,6,pure_k3_1,"k=3, T=1",pure_size,3.0,0,0,1,1,0.003138316795229912,1.0
mux6,128,6,pure_k3_3,"k=3, T=3",pure_size,3.0,0,0,3,3,0.009414950385689735,1.0
mux6,128,6,pure_k3_5,"k=3, T=5",pure_size,3.0,0,0,5,5,0.01569158397614956,1.0
mux6,128,6,mix_1_95_2_05,95% k=1 + 5% k=2,mixture,1.05,95,5,0,100,0.07205798749346286,0.9375
mux6,128,6,mix_1_90_2_10,90% k=1 + 10% k=2,mixture,1.1,90,10,0,100,0.07485322500579059,1.0
mux6,128,6,mix_1_75_2_25,75% k=1 + 25% k=2,mixture,1.25,75,25,0,100,0.08323893754277378,1.0
mux6,128,6,mix_1_50_2_50,50% k=1 + 50% k=2,mixture,1.5,50,50,0,100,0.09721512510441244,1.0
mux6,128,6,mix_1_95_3_05,95% k=1 + 5% k=3,mixture,1.1,95,0,5,100,0.08149119645822793,0.9375
mux6,128,6,mix_2_95_3_05,95% k=2 + 5% k=3,mixture,2.05,0,95,5,100,0.13460070919245481,1.0
corral,160,6,pure_k1_5,"k=1, T=5",pure_size,1.0,5,0,0,5,0.003199787507764995,0.775
corral,160,6,pure_k1_10,"k=1, T=10",pure_size,1.0,10,0,0,10,0.00639957501552999,0.775
corral,160,6,pure_k1_25,"k=1, T=25",pure_size,1.0,25,0,0,25,0.015998937538824975,0.775
corral,160,6,pure_k1_50,"k=1, T=50",pure_size,1.0,50,0,0,50,0.03199787507764995,0.775
corral,160,6,pure_k1_100,"k=1, T=100",pure_size,1.0,100,0,0,100,0.0639957501552999,0.775
corral,160,6,pure_k2_5,"k=2, T=5",pure_size,2.0,0,5,0,5,0.005770899984054267,1.0
corral,160,6,pure_k2_10,"k=2, T=10",pure_size,2.0,0,10,0,10,0.011541799968108534,1.0
corral,160,6,pure_k2_25,"k=2, T=25",pure_size,2.0,0,25,0,25,0.028854499920271337,1.0
corral,160,6,pure_k2_50,"k=2, T=50",pure_size,2.0,0,50,0,50,0.057708999840542674,1.0
corral,160,6,pure_k2_100,"k=2, T=100",pure_size,2.0,0,100,0,100,0.11541799968108535,1.0
corral,160,6,pure_k3_1,"k=3, T=1",pure_size,3.0,0,0,1,1,0.002893649972975254,0.85
corral,160,6,pure_k3_3,"k=3, T=3",pure_size,3.0,0,0,3,3,0.008680949918925762,0.85
corral,160,6,pure_k3_5,"k=3, T=5",pure_size,3.0,0,0,5,5,0.01446824986487627,0.875
corral,160,6,mix_1_95_2_05,95% k=1 + 5% k=2,mixture,1.05,95,5,0,100,0.06656686263158917,0.775
corral,160,6,mix_1_90_2_10,90% k=1 + 10% k=2,mixture,1.1,90,10,0,100,0.06913797510787845,0.775
corral,160,6,mix_1_75_2_25,75% k=1 + 25% k=2,mixture,1.25,75,25,0,100,0.07685131253674626,0.85
corral,160,6,mix_1_50_2_50,50% k=1 + 50% k=2,mixture,1.5,50,50,0,100,0.08970687491819263,1.0
corral,160,6,mix_1_95_3_05,95% k=1 + 5% k=3,mixture,1.1,95,0,5,100,0.07526421251241118,0.775
corral,160,6,mix_2_95_3_05,95% k=2 + 5% k=3,mixture,2.05,0,95,5,100,0.12411534956190735,1.0
monk3,554,6,pure_k1_5,"k=1, T=5",pure_size,1.0,5,0,0,5,0.0072974020848050715,0.9712230215827338
monk3,554,6,pure_k1_10,"k=1, T=10",pure_size,1.0,10,0,0,10,0.014594804169610143,0.9712230215827338
monk3,554,6,pure_k1_25,"k=1, T=25",pure_size,1.0,25,0,0,25,0.03648701042402536,0.9712230215827338
monk3,554,6,pure_k1_50,"k=1, T=50",pure_size,1.0,50,0,0,50,0.07297402084805071,0.9712230215827338
monk3,554,6,pure_k1_100,"k=1, T=100",pure_size,1.0,100,0,0,100,0.14594804169610143,0.9712230215827338
monk3,554,6,pure_k2_5,"k=2, T=5",pure_size,2.0,0,5,0,5,0.022423856239765883,0.9712230215827338
monk3,554,6,pure_k2_10,"k=2, T=10",pure_size,2.0,0,10,0,10,0.044847712479531766,0.9712230215827338
monk3,554,6,pure_k2_25,"k=2, T=25",pure_size,2.0,0,25,0,25,0.11211928119882941,0.9712230215827338
monk3,554,6,pure_k2_50,"k=2, T=50",pure_size,2.0,0,50,0,50,0.22423856239765882,0.9712230215827338
monk3,554,6,pure_k2_100,"k=2, T=100",pure_size,2.0,0,100,0,100,0.44847712479531765,0.9856115107913669
monk3,554,6,pure_k3_1,"k=3, T=1",pure_size,3.0,0,0,1,1,0.019832908175885677,0.9856115107913669
monk3,554,6,pure_k3_3,"k=3, T=3",pure_size,3.0,0,0,3,3,0.05949872452765703,0.9856115107913669
monk3,554,6,pure_k3_5,"k=3, T=5",pure_size,3.0,0,0,5,5,0.09916454087942839,0.9856115107913669
monk3,554,6,mix_1_95_2_05,95% k=1 + 5% k=2,mixture,1.05,95,5,0,100,0.16107449585106226,0.9712230215827338
monk3,554,6,mix_1_90_2_10,90% k=1 + 10% k=2,mixture,1.1,90,10,0,100,0.17620095000602304,0.9712230215827338
monk3,554,6,mix_1_75_2_25,75% k=1 + 25% k=2,mixture,1.25,75,25,0,100,0.22158031247090548,0.9712230215827338
monk3,554,6,mix_1_50_2_50,50% k=1 + 50% k=2,mixture,1.5,50,50,0,100,0.29721258324570954,0.9712230215827338
monk3,554,6,mix_1_95_3_05,95% k=1 + 5% k=3,mixture,1.1,95,0,5,100,0.23781518049072475,0.9712230215827338
monk3,554,6,mix_2_95_3_05,95% k=2 + 5% k=3,mixture,2.05,0,95,5,100,0.5252178094349802,0.9856115107913669
monk1,556,6,pure_k1_5,"k=1, T=5",pure_size,1.0,5,0,0,5,0.0047620416851714255,0.7913669064748201
monk1,556,6,pure_k1_10,"k=1, T=10",pure_size,1.0,10,0,0,10,0.009524083370342851,0.7553956834532374
monk1,556,6,pure_k1_25,"k=1, T=25",pure_size,1.0,25,0,0,25,0.023810208425857127,0.7769784172661871
monk1,556,6,pure_k1_50,"k=1, T=50",pure_size,1.0,50,0,0,50,0.04762041685171425,0.7697841726618705
monk1,556,6,pure_k1_100,"k=1, T=100",pure_size,1.0,100,0,0,100,0.0952408337034285,0.7841726618705036
monk1,556,6,pure_k2_5,"k=2, T=5",pure_size,2.0,0,5,0,5,0.020534010441042482,0.8920863309352518
monk1,556,6,pure_k2_10,"k=2, T=10",pure_size,2.0,0,10,0,10,0.041068020882084964,0.8920863309352518
monk1,556,6,pure_k2_25,"k=2, T=25",pure_size,2.0,0,25,0,25,0.10267005220521241,0.8920863309352518
monk1,556,6,pure_k2_50,"k=2, T=50",pure_size,2.0,0,50,0,50,0.20534010441042483,0.920863309352518
monk1,556,6,pure_k2_100,"k=2, T=100",pure_size,2.0,0,100,0,100,0.41068020882084966,0.920863309352518
monk1,556,6,pure_k3_1,"k=3, T=1",pure_size,3.0,0,0,1,1,0.020728983171284198,0.8057553956834532
monk1,556,6,pure_k3_3,"k=3, T=3",pure_size,3.0,0,0,3,3,0.0621869495138526,0.8633093525179856
monk1,556,6,pure_k3_5,"k=3, T=5",pure_size,3.0,0,0,5,5,0.103644915856421,0.9064748201438849
monk1,556,6,mix_1_95_2_05,95% k=1 + 5% k=2,mixture,1.05,95,5,0,100,0.11101280245929956,0.7841726618705036
monk1,556,6,mix_1_90_2_10,90% k=1 + 10% k=2,mixture,1.1,90,10,0,100,0.12678477121517062,0.7913669064748201
monk1,556,6,mix_1_75_2_25,75% k=1 + 25% k=2,mixture,1.25,75,25,0,100,0.1741006774827838,0.8633093525179856
monk1,556,6,mix_1_50_2_50,50% k=1 + 50% k=2,mixture,1.5,50,50,0,100,0.2529605212621391,0.8633093525179856
monk1,556,6,mix_1_95_3_05,95% k=1 + 5% k=3,mixture,1.1,95,0,5,100,0.1941237078746781,0.7841726618705036
monk1,556,6,mix_2_95_3_05,95% k=2 + 5% k=3,mixture,2.05,0,95,5,100,0.4937911142362282,0.920863309352518
monk2,601,6,pure_k1_5,"k=1, T=5",pure_size,1.0,5,0,0,5,0.005912443739362061,0.6225165562913907
monk2,601,6,pure_k1_10,"k=1, T=10",pure_size,1.0,10,0,0,10,0.011824887478724122,0.6357615894039735
monk2,601,6,pure_k1_25,"k=1, T=25",pure_size,1.0,25,0,0,25,0.029562218696810305,0.6688741721854304
monk2,601,6,pure_k1_50,"k=1, T=50",pure_size,1.0,50,0,0,50,0.05912443739362061,0.6622516556291391
monk2,601,6,pure_k1_100,"k=1, T=100",pure_size,1.0,100,0,0,100,0.11824887478724122,0.6688741721854304
monk2,601,6,pure_k2_5,"k=2, T=5",pure_size,2.0,0,5,0,5,0.023949247901327908,0.6490066225165563
monk2,601,6,pure_k2_10,"k=2, T=10",pure_size,2.0,0,10,0,10,0.047898495802655816,0.6754966887417219
monk2,601,6,pure_k2_25,"k=2, T=25",pure_size,2.0,0,25,0,25,0.11974623950663954,0.6490066225165563
monk2,601,6,pure_k2_50,"k=2, T=50",pure_size,2.0,0,50,0,50,0.23949247901327908,0.6754966887417219
monk2,601,6,pure_k2_100,"k=2, T=100",pure_size,2.0,0,100,0,100,0.47898495802655816,0.6887417218543046
monk2,601,6,pure_k3_1,"k=3, T=1",pure_size,3.0,0,0,1,1,0.024330516532063483,0.5695364238410596
monk2,601,6,pure_k3_3,"k=3, T=3",pure_size,3.0,0,0,3,3,0.07299154959619045,0.5894039735099338
monk2,601,6,pure_k3_5,"k=3, T=5",pure_size,3.0,0,0,5,5,0.12165258266031742,0.6291390728476821
monk2,601,6,mix_1_95_2_05,95% k=1 + 5% k=2,mixture,1.05,95,5,0,100,0.13628567894920707,0.6622516556291391
monk2,601,6,mix_1_90_2_10,90% k=1 + 10% k=2,mixture,1.1,90,10,0,100,0.15432248311117291,0.6622516556291391
monk2,601,6,mix_1_75_2_25,75% k=1 + 25% k=2,mixture,1.25,75,25,0,100,0.20843289559707046,0.6688741721854304
monk2,601,6,mix_1_50_2_50,50% k=1 + 50% k=2,mixture,1.5,50,50,0,100,0.2986169164068997,0.6754966887417219
monk2,601,6,mix_1_95_3_05,95% k=1 + 5% k=3,mixture,1.1,95,0,5,100,0.23398901370819658,0.6622516556291391
monk2,601,6,mix_2_95_3_05,95% k=2 + 5% k=3,mixture,2.05,0,95,5,100,0.5766882927855477,0.6821192052980133
appendicitis,106,7,pure_k1_5,"k=1, T=5",pure_size,1.0,5,0,0,5,0.007900750008411705,0.7777777777777778
appendicitis,106,7,pure_k1_10,"k=1, T=10",pure_size,1.0,10,0,0,10,0.01580150001682341,0.7777777777777778
appendicitis,106,7,pure_k1_25,"k=1, T=25",pure_size,1.0,25,0,0,25,0.03950375004205853,0.7777777777777778
appendicitis,106,7,pure_k1_50,"k=1, T=50",pure_size,1.0,50,0,0,50,0.07900750008411705,0.7777777777777778
appendicitis,106,7,pure_k1_100,"k=1, T=100",pure_size,1.0,100,0,0,100,0.1580150001682341,0.7777777777777778
appendicitis,106,7,pure_k2_5,"k=2, T=5",pure_size,2.0,0,5,0,5,0.8977293249918148,0.8148148148148148
appendicitis,106,7,pure_k2_10,"k=2, T=10",pure_size,2.0,0,10,0,10,1.7954586499836296,0.8148148148148148
appendicitis,106,7,pure_k2_25,"k=2, T=25",pure_size,2.0,0,25,0,25,4.488646624959074,0.8148148148148148
appendicitis,106,7,pure_k2_50,"k=2, T=50",pure_size,2.0,0,50,0,50,8.977293249918148,0.8148148148148148
appendicitis,106,7,pure_k2_100,"k=2, T=100",pure_size,2.0,0,100,0,100,17.954586499836296,0.8148148148148148
appendicitis,106,7,pure_k3_1,"k=3, T=1",pure_size,3.0,0,0,1,1,20.17025796677917,0.7777777777777778
appendicitis,106,7,pure_k3_3,"k=3, T=3",pure_size,3.0,0,0,3,3,60.51077390033752,0.7777777777777778
appendicitis,106,7,pure_k3_5,"k=3, T=5",pure_size,3.0,0,0,5,5,100.85128983389586,0.7407407407407407
appendicitis,106,7,mix_1_95_2_05,95% k=1 + 5% k=2,mixture,1.05,95,5,0,100,1.0478435751516373,0.7777777777777778
appendicitis,106,7,mix_1_90_2_10,90% k=1 + 10% k=2,mixture,1.1,90,10,0,100,1.9376721501350402,0.7777777777777778
appendicitis,106,7,mix_1_75_2_25,75% k=1 + 25% k=2,mixture,1.25,75,25,0,100,4.6071578750852495,0.7777777777777778
appendicitis,106,7,mix_1_50_2_50,50% k=1 + 50% k=2,mixture,1.5,50,50,0,100,9.056300750002265,0.7777777777777778
appendicitis,106,7,mix_1_95_3_05,95% k=1 + 5% k=3,mixture,1.1,95,0,5,100,101.00140408405568,0.7777777777777778
appendicitis,106,7,mix_2_95_3_05,95% k=2 + 5% k=3,mixture,2.05,0,95,5,100,117.90814700874034,0.8148148148148148
cloud,108,7,pure_k1_5,"k=1, T=5",pure_size,1.0,5,0,0,5,0.015424618753604591,0.4444444444444444
cloud,108,7,pure_k1_10,"k=1, T=10",pure_size,1.0,10,0,0,10,0.030849237507209182,0.4444444444444444
cloud,108,7,pure_k1_25,"k=1, T=25",pure_size,1.0,25,0,0,25,0.07712309376802295,0.5555555555555556
cloud,108,7,pure_k1_50,"k=1, T=50",pure_size,1.0,50,0,0,50,0.1542461875360459,0.5555555555555556
cloud,108,7,pure_k1_100,"k=1, T=100",pure_size,1.0,100,0,0,100,0.3084923750720918,0.5925925925925926
cloud,108,7,pure_k2_5,"k=2, T=5",pure_size,2.0,0,5,0,5,1.0173632020363583,0.5185185185185185
cloud,108,7,pure_k2_10,"k=2, T=10",pure_size,2.0,0,10,0,10,2.0347264040727167,0.6296296296296297
cloud,108,7,pure_k2_25,"k=2, T=25",pure_size,2.0,0,25,0,25,5.086816010181792,0.6666666666666666
cloud,108,7,pure_k2_50,"k=2, T=50",pure_size,2.0,0,50,0,50,10.173632020363584,0.6666666666666666
cloud,108,7,pure_k2_100,"k=2, T=100",pure_size,2.0,0,100,0,100,20.34726404072717,0.7037037037037037
cloud,108,7,pure_k3_1,"k=3, T=1",pure_size,3.0,0,0,1,1,23.362590975034983,0.48148148148148145
cloud,108,7,pure_k3_3,"k=3, T=3",pure_size,3.0,0,0,3,3,70.08777292510494,0.7037037037037037
cloud,108,7,pure_k3_5,"k=3, T=5",pure_size,3.0,0,0,5,5,116.81295487517491,0.7037037037037037
cloud,108,7,mix_1_95_2_05,95% k=1 + 5% k=2,mixture,1.05,95,5,0,100,1.3104309583548455,0.5925925925925926
cloud,108,7,mix_1_90_2_10,90% k=1 + 10% k=2,mixture,1.1,90,10,0,100,2.312369541637599,0.5925925925925926
cloud,108,7,mix_1_75_2_25,75% k=1 + 25% k=2,mixture,1.25,75,25,0,100,5.318185291485861,0.6666666666666666
cloud,108,7,mix_1_50_2_50,50% k=1 + 50% k=2,mixture,1.5,50,50,0,100,10.32787820789963,0.6666666666666666
cloud,108,7,mix_1_95_3_05,95% k=1 + 5% k=3,mixture,1.1,95,0,5,100,117.1060226314934,0.5555555555555556
cloud,108,7,mix_2_95_3_05,95% k=2 + 5% k=3,mixture,2.05,0,95,5,100,136.1428557138657,0.7037037037037037
ecoli,327,7,pure_k1_5,"k=1, T=5",pure_size,1.0,5,0,0,5,0.013078654138371348,0.8536585365853658
ecoli,327,7,pure_k1_10,"k=1, T=10",pure_size,1.0,10,0,0,10,0.026157308276742695,0.8292682926829268
ecoli,327,7,pure_k1_25,"k=1, T=25",pure_size,1.0,25,0,0,25,0.06539327069185674,0.8414634146341463
ecoli,327,7,pure_k1_50,"k=1, T=50",pure_size,1.0,50,0,0,50,0.13078654138371348,0.8414634146341463
ecoli,327,7,pure_k1_100,"k=1, T=100",pure_size,1.0,100,0,0,100,0.26157308276742697,0.8414634146341463
ecoli,327,7,pure_k2_5,"k=2, T=5",pure_size,2.0,0,5,0,5,1.706299460446462,0.8414634146341463
ecoli,327,7,pure_k2_10,"k=2, T=10",pure_size,2.0,0,10,0,10,3.412598920892924,0.8292682926829268
ecoli,327,7,pure_k2_25,"k=2, T=25",pure_size,2.0,0,25,0,25,8.53149730223231,0.8292682926829268
ecoli,327,7,pure_k2_50,"k=2, T=50",pure_size,2.0,0,50,0,50,17.06299460446462,0.8414634146341463
ecoli,327,7,pure_k2_100,"k=2, T=100",pure_size,2.0,0,100,0,100,34.12598920892924,0.8414634146341463
ecoli,327,7,pure_k3_1,"k=3, T=1",pure_size,3.0,0,0,1,1,50.57933124182746,0.8414634146341463
ecoli,327,7,pure_k3_3,"k=3, T=3",pure_size,3.0,0,0,3,3,151.73799372548237,0.8536585365853658
ecoli,327,7,pure_k3_5,"k=3, T=5",pure_size,3.0,0,0,5,5,252.8966562091373,0.8536585365853658
ecoli,327,7,mix_1_95_2_05,95% k=1 + 5% k=2,mixture,1.05,95,5,0,100,1.9547938890755177,0.8414634146341463
ecoli,327,7,mix_1_90_2_10,90% k=1 + 10% k=2,mixture,1.1,90,10,0,100,3.6480146953836083,0.8414634146341463
ecoli,327,7,mix_1_75_2_25,75% k=1 + 25% k=2,mixture,1.25,75,25,0,100,8.72767711430788,0.8414634146341463
ecoli,327,7,mix_1_50_2_50,50% k=1 + 50% k=2,mixture,1.5,50,50,0,100,17.193781145848334,0.8414634146341463
ecoli,327,7,mix_1_95_3_05,95% k=1 + 5% k=3,mixture,1.1,95,0,5,100,253.14515063776633,0.8414634146341463
ecoli,327,7,mix_2_95_3_05,95% k=2 + 5% k=3,mixture,2.05,0,95,5,100,285.31634595762006,0.8292682926829268
penguins,333,7,pure_k1_5,"k=1, T=5",pure_size,1.0,5,0,0,5,0.011778381234034897,0.9761904761904762
penguins,333,7,pure_k1_10,"k=1, T=10",pure_size,1.0,10,0,0,10,0.023556762468069793,0.9761904761904762
penguins,333,7,pure_k1_25,"k=1, T=25",pure_size,1.0,25,0,0,25,0.05889190617017448,0.9523809523809523
penguins,333,7,pure_k1_50,"k=1, T=50",pure_size,1.0,50,0,0,50,0.11778381234034896,0.9523809523809523
penguins,333,7,pure_k1_100,"k=1, T=100",pure_size,1.0,100,0,0,100,0.23556762468069792,0.9523809523809523
penguins,333,7,pure_k2_5,"k=2, T=5",pure_size,2.0,0,5,0,5,1.6248584875138476,0.9761904761904762
penguins,333,7,pure_k2_10,"k=2, T=10",pure_size,2.0,0,10,0,10,3.2497169750276953,0.9761904761904762
penguins,333,7,pure_k2_25,"k=2, T=25",pure_size,2.0,0,25,0,25,8.124292437569238,0.9761904761904762
penguins,333,7,pure_k2_50,"k=2, T=50",pure_size,2.0,0,50,0,50,16.248584875138476,0.9761904761904762
penguins,333,7,pure_k2_100,"k=2, T=100",pure_size,2.0,0,100,0,100,32.49716975027695,0.9761904761904762
penguins,333,7,pure_k3_1,"k=3, T=1",pure_size,3.0,0,0,1,1,44.05048644999042,0.9642857142857143
penguins,333,7,pure_k3_3,"k=3, T=3",pure_size,3.0,0,0,3,3,132.15145934997128,0.9761904761904762
penguins,333,7,pure_k3_5,"k=3, T=5",pure_size,3.0,0,0,5,5,220.2524322499521,0.9642857142857143
penguins,333,7,mix_1_95_2_05,95% k=1 + 5% k=2,mixture,1.05,95,5,0,100,1.8486477309605107,0.9523809523809523
penguins,333,7,mix_1_90_2_10,90% k=1 + 10% k=2,mixture,1.1,90,10,0,100,3.4617278372403235,0.9523809523809523
penguins,333,7,mix_1_75_2_25,75% k=1 + 25% k=2,mixture,1.25,75,25,0,100,8.300968156079762,0.9761904761904762
penguins,333,7,mix_1_50_2_50,50% k=1 + 50% k=2,mixture,1.5,50,50,0,100,16.366368687478825,0.9761904761904762
penguins,333,7,mix_1_95_3_05,95% k=1 + 5% k=3,mixture,1.1,95,0,5,100,220.47622149339878,0.9523809523809523
penguins,333,7,mix_2_95_3_05,95% k=2 + 5% k=3,mixture,2.05,0,95,5,100,251.1247435127152,0.9761904761904762
led7,3200,7,pure_k1_5,"k=1, T=5",pure_size,1.0,5,0,0,5,0.01229160416405648,0.68875
led7,3200,7,pure_k1_10,"k=1, T=10",pure_size,1.0,10,0,0,10,0.02458320832811296,0.6975
led7,3200,7,pure_k1_25,"k=1, T=25",pure_size,1.0,25,0,0,25,0.0614580208202824,0.71
led7,3200,7,pure_k1_50,"k=1, T=50",pure_size,1.0,50,0,0,50,0.1229160416405648,0.70375
led7,3200,7,pure_k1_100,"k=1, T=100",pure_size,1.0,100,0,0,100,0.2458320832811296,0.705
led7,3200,7,pure_k2_5,"k=2, T=5",pure_size,2.0,0,5,0,5,0.05460894163697958,0.63125
led7,3200,7,pure_k2_10,"k=2, T=10",pure_size,2.0,0,10,0,10,0.10921788327395916,0.70875
led7,3200,7,pure_k2_25,"k=2, T=25",pure_size,2.0,0,25,0,25,0.2730447081848979,0.6975
led7,3200,7,pure_k2_50,"k=2, T=50",pure_size,2.0,0,50,0,50,0.5460894163697958,0.68875
led7,3200,7,pure_k2_100,"k=2, T=100",pure_size,2.0,0,100,0,100,1.0921788327395916,0.685
led7,3200,7,pure_k3_1,"k=3, T=1",pure_size,3.0,0,0,1,1,0.04687909176573157,0.56
led7,3200,7,pure_k3_3,"k=3, T=3",pure_size,3.0,0,0,3,3,0.14063727529719472,0.6925
led7,3200,7,pure_k3_5,"k=3, T=5",pure_size,3.0,0,0,5,5,0.23439545882865787,0.69625
led7,3200,7,mix_1_95_2_05,95% k=1 + 5% k=2,mixture,1.05,95,5,0,100,0.2881494207540527,0.7025
led7,3200,7,mix_1_90_2_10,90% k=1 + 10% k=2,mixture,1.1,90,10,0,100,0.3304667582269758,0.70375
led7,3200,7,mix_1_75_2_25,75% k=1 + 25% k=2,mixture,1.25,75,25,0,100,0.4574187706457451,0.69875
led7,3200,7,mix_1_50_2_50,50% k=1 + 50% k=2,mixture,1.5,50,50,0,100,0.6690054580103606,0.7025
led7,3200,7,mix_1_95_3_05,95% k=1 + 5% k=3,mixture,1.1,95,0,5,100,0.46793593794573096,0.705
led7,3200,7,mix_2_95_3_05,95% k=2 + 5% k=3,mixture,2.05,0,95,5,100,1.27196534993127,0.6825
postoperative_patient_data,88,8,pure_k1_5,"k=1, T=5",pure_size,1.0,5,0,0,5,0.0033624583622440694,0.6818181818181818
postoperative_patient_data,88,8,pure_k1_10,"k=1, T=10",pure_size,1.0,10,0,0,10,0.006724916724488139,0.6818181818181818
postoperative_patient_data,88,8,pure_k1_25,"k=1, T=25",pure_size,1.0,25,0,0,25,0.016812291811220348,0.6818181818181818
postoperative_patient_data,88,8,pure_k1_50,"k=1, T=50",pure_size,1.0,50,0,0,50,0.033624583622440696,0.7272727272727273
postoperative_patient_data,88,8,pure_k1_100,"k=1, T=100",pure_size,1.0,100,0,0,100,0.06724916724488139,0.7272727272727273
postoperative_patient_data,88,8,pure_k2_5,"k=2, T=5",pure_size,2.0,0,5,0,5,0.01434898329898715,0.6363636363636364
postoperative_patient_data,88,8,pure_k2_10,"k=2, T=10",pure_size,2.0,0,10,0,10,0.0286979665979743,0.5909090909090909
postoperative_patient_data,88,8,pure_k2_25,"k=2, T=25",pure_size,2.0,0,25,0,25,0.07174491649493575,0.6818181818181818
postoperative_patient_data,88,8,pure_k2_50,"k=2, T=50",pure_size,2.0,0,50,0,50,0.1434898329898715,0.6818181818181818
postoperative_patient_data,88,8,pure_k2_100,"k=2, T=100",pure_size,2.0,0,100,0,100,0.286979665979743,0.6818181818181818
postoperative_patient_data,88,8,pure_k3_1,"k=3, T=1",pure_size,3.0,0,0,1,1,0.018159699998795985,0.7272727272727273
postoperative_patient_data,88,8,pure_k3_3,"k=3, T=3",pure_size,3.0,0,0,3,3,0.05447909999638796,0.6363636363636364
postoperative_patient_data,88,8,pure_k3_5,"k=3, T=5",pure_size,3.0,0,0,5,5,0.09079849999397993,0.6363636363636364
postoperative_patient_data,88,8,mix_1_95_2_05,95% k=1 + 5% k=2,mixture,1.05,95,5,0,100,0.07823569218162447,0.7272727272727273
postoperative_patient_data,88,8,mix_1_90_2_10,90% k=1 + 10% k=2,mixture,1.1,90,10,0,100,0.08922221711836756,0.7272727272727273
postoperative_patient_data,88,8,mix_1_75_2_25,75% k=1 + 25% k=2,mixture,1.25,75,25,0,100,0.1221817919285968,0.7272727272727273
postoperative_patient_data,88,8,mix_1_50_2_50,50% k=1 + 50% k=2,mixture,1.5,50,50,0,100,0.1771144166123122,0.6818181818181818
postoperative_patient_data,88,8,mix_1_95_3_05,95% k=1 + 5% k=3,mixture,1.1,95,0,5,100,0.15468520887661724,0.7272727272727273
postoperative_patient_data,88,8,mix_2_95_3_05,95% k=2 + 5% k=3,mixture,2.05,0,95,5,100,0.3634291826747358,0.6818181818181818
analcatdata_japansolvent,52,9,pure_k1_5,"k=1, T=5",pure_size,1.0,5,0,0,5,0.004875414562411607,0.7692307692307693
analcatdata_japansolvent,52,9,pure_k1_10,"k=1, T=10",pure_size,1.0,10,0,0,10,0.009750829124823213,0.6923076923076923
analcatdata_japansolvent,52,9,pure_k1_25,"k=1, T=25",pure_size,1.0,25,0,0,25,0.02437707281205803,0.6923076923076923
analcatdata_japansolvent,52,9,pure_k1_50,"k=1, T=50",pure_size,1.0,50,0,0,50,0.04875414562411606,0.6923076923076923
analcatdata_japansolvent,52,9,pure_k1_100,"k=1, T=100",pure_size,1.0,100,0,0,100,0.09750829124823213,0.6923076923076923
analcatdata_japansolvent,52,9,pure_k2_5,"k=2, T=5",pure_size,2.0,0,5,0,5,0.390063697937876,0.6923076923076923
analcatdata_japansolvent,52,9,pure_k2_10,"k=2, T=10",pure_size,2.0,0,10,0,10,0.780127395875752,0.6153846153846154
analcatdata_japansolvent,52,9,pure_k2_25,"k=2, T=25",pure_size,2.0,0,25,0,25,1.95031848968938,0.6153846153846154
analcatdata_japansolvent,52,9,pure_k2_50,"k=2, T=50",pure_size,2.0,0,50,0,50,3.90063697937876,0.6153846153846154
analcatdata_japansolvent,52,9,pure_k2_100,"k=2, T=100",pure_size,2.0,0,100,0,100,7.80127395875752,0.6153846153846154
analcatdata_japansolvent,52,9,pure_k3_1,"k=3, T=1",pure_size,3.0,0,0,1,1,6.272907483391464,0.6153846153846154
analcatdata_japansolvent,52,9,pure_k3_3,"k=3, T=3",pure_size,3.0,0,0,3,3,18.81872245017439,0.6153846153846154
analcatdata_japansolvent,52,9,pure_k3_5,"k=3, T=5",pure_size,3.0,0,0,5,5,31.36453741695732,0.6153846153846154
analcatdata_japansolvent,52,9,mix_1_95_2_05,95% k=1 + 5% k=2,mixture,1.05,95,5,0,100,0.48269657462369653,0.6923076923076923
analcatdata_japansolvent,52,9,mix_1_90_2_10,90% k=1 + 10% k=2,mixture,1.1,90,10,0,100,0.8678848579991609,0.6923076923076923
analcatdata_japansolvent,52,9,mix_1_75_2_25,75% k=1 + 25% k=2,mixture,1.25,75,25,0,100,2.023449708125554,0.6923076923076923
analcatdata_japansolvent,52,9,mix_1_50_2_50,50% k=1 + 50% k=2,mixture,1.5,50,50,0,100,3.949391125002876,0.6153846153846154
analcatdata_japansolvent,52,9,mix_1_95_3_05,95% k=1 + 5% k=3,mixture,1.1,95,0,5,100,31.457170293643138,0.6923076923076923
analcatdata_japansolvent,52,9,mix_2_95_3_05,95% k=2 + 5% k=3,mixture,2.05,0,95,5,100,38.77574767777696,0.6153846153846154
breast_cancer,286,9,pure_k1_5,"k=1, T=5",pure_size,1.0,5,0,0,5,0.005887343757785856,0.7222222222222222
breast_cancer,286,9,pure_k1_10,"k=1, T=10",pure_size,1.0,10,0,0,10,0.011774687515571713,0.7361111111111112
breast_cancer,286,9,pure_k1_25,"k=1, T=25",pure_size,1.0,25,0,0,25,0.029436718788929284,0.7361111111111112
breast_cancer,286,9,pure_k1_50,"k=1, T=50",pure_size,1.0,50,0,0,50,0.05887343757785857,0.7361111111111112
breast_cancer,286,9,pure_k1_100,"k=1, T=100",pure_size,1.0,100,0,0,100,0.11774687515571713,0.7222222222222222
breast_cancer,286,9,pure_k2_5,"k=2, T=5",pure_size,2.0,0,5,0,5,0.06352512498851866,0.7361111111111112
breast_cancer,286,9,pure_k2_10,"k=2, T=10",pure_size,2.0,0,10,0,10,0.12705024997703732,0.7638888888888888
breast_cancer,286,9,pure_k2_25,"k=2, T=25",pure_size,2.0,0,25,0,25,0.3176256249425933,0.7361111111111112
breast_cancer,286,9,pure_k2_50,"k=2, T=50",pure_size,2.0,0,50,0,50,0.6352512498851866,0.7361111111111112
breast_cancer,286,9,pure_k2_100,"k=2, T=100",pure_size,2.0,0,100,0,100,1.270502499770373,0.7361111111111112
breast_cancer,286,9,pure_k3_1,"k=3, T=1",pure_size,3.0,0,0,1,1,0.19801762504503131,0.6527777777777778
breast_cancer,286,9,pure_k3_3,"k=3, T=3",pure_size,3.0,0,0,3,3,0.594052875135094,0.75
breast_cancer,286,9,pure_k3_5,"k=3, T=5",pure_size,3.0,0,0,5,5,0.9900881252251565,0.7222222222222222
breast_cancer,286,9,mix_1_95_2_05,95% k=1 + 5% k=2,mixture,1.05,95,5,0,100,0.17538465638644996,0.7222222222222222
breast_cancer,286,9,mix_1_90_2_10,90% k=1 + 10% k=2,mixture,1.1,90,10,0,100,0.23302243761718272,0.7222222222222222
breast_cancer,286,9,mix_1_75_2_25,75% k=1 + 25% k=2,mixture,1.25,75,25,0,100,0.4059357813093811,0.7361111111111112
breast_cancer,286,9,mix_1_50_2_50,50% k=1 + 50% k=2,mixture,1.5,50,50,0,100,0.6941246874630451,0.7361111111111112
breast_cancer,286,9,mix_1_95_3_05,95% k=1 + 5% k=3,mixture,1.1,95,0,5,100,1.101947656623088,0.7222222222222222
breast_cancer,286,9,mix_2_95_3_05,95% k=2 + 5% k=3,mixture,2.05,0,95,5,100,2.197065500007011,0.7361111111111112
threeOf9,512,9,pure_k1_5,"k=1, T=5",pure_size,1.0,5,0,0,5,0.005033427104353905,0.7578125
threeOf9,512,9,pure_k1_10,"k=1, T=10",pure_size,1.0,10,0,0,10,0.01006685420870781,0.9453125
threeOf9,512,9,pure_k1_25,"k=1, T=25",pure_size,1.0,25,0,0,25,0.025167135521769524,0.984375
threeOf9,512,9,pure_k1_50,"k=1, T=50",pure_size,1.0,50,0,0,50,0.05033427104353905,0.984375
threeOf9,512,9,pure_k1_100,"k=1, T=100",pure_size,1.0,100,0,0,100,0.1006685420870781,0.9921875
threeOf9,512,9,pure_k2_5,"k=2, T=5",pure_size,2.0,0,5,0,5,0.017885875003412367,0.875
threeOf9,512,9,pure_k2_10,"k=2, T=10",pure_size,2.0,0,10,0,10,0.03577175000682473,0.90625
threeOf9,512,9,pure_k2_25,"k=2, T=25",pure_size,2.0,0,25,0,25,0.08942937501706183,0.9609375
threeOf9,512,9,pure_k2_50,"k=2, T=50",pure_size,2.0,0,50,0,50,0.17885875003412366,0.953125
threeOf9,512,9,pure_k2_100,"k=2, T=100",pure_size,2.0,0,100,0,100,0.3577175000682473,0.9375
threeOf9,512,9,pure_k3_1,"k=3, T=1",pure_size,3.0,0,0,1,1,0.016036566626280547,0.765625
threeOf9,512,9,pure_k3_3,"k=3, T=3",pure_size,3.0,0,0,3,3,0.04810969987884164,0.796875
threeOf9,512,9,pure_k3_5,"k=3, T=5",pure_size,3.0,0,0,5,5,0.08018283313140273,0.7734375
threeOf9,512,9,mix_1_95_2_05,95% k=1 + 5% k=2,mixture,1.05,95,5,0,100,0.11352098998613655,0.9921875
threeOf9,512,9,mix_1_90_2_10,90% k=1 + 10% k=2,mixture,1.1,90,10,0,100,0.126373437885195,0.9921875
threeOf9,512,9,mix_1_75_2_25,75% k=1 + 25% k=2,mixture,1.25,75,25,0,100,0.1649307815823704,1.0
threeOf9,512,9,mix_1_50_2_50,50% k=1 + 50% k=2,mixture,1.5,50,50,0,100,0.2291930210776627,0.9921875
threeOf9,512,9,mix_1_95_3_05,95% k=1 + 5% k=3,mixture,1.1,95,0,5,100,0.17581794811412693,0.984375
threeOf9,512,9,mix_2_95_3_05,95% k=2 + 5% k=3,mixture,2.05,0,95,5,100,0.42001445819623767,0.9453125
tic_tac_toe,958,9,pure_k1_5,"k=1, T=5",pure_size,1.0,5,0,0,5,0.009911333350464702,0.7583333333333333
tic_tac_toe,958,9,pure_k1_10,"k=1, T=10",pure_size,1.0,10,0,0,10,0.019822666700929404,0.7708333333333334
tic_tac_toe,958,9,pure_k1_25,"k=1, T=25",pure_size,1.0,25,0,0,25,0.04955666675232351,0.7
tic_tac_toe,958,9,pure_k1_50,"k=1, T=50",pure_size,1.0,50,0,0,50,0.09911333350464702,0.7125
tic_tac_toe,958,9,pure_k1_100,"k=1, T=100",pure_size,1.0,100,0,0,100,0.19822666700929403,0.7125
tic_tac_toe,958,9,pure_k2_5,"k=2, T=5",pure_size,2.0,0,5,0,5,0.08611276249866932,0.7791666666666667
tic_tac_toe,958,9,pure_k2_10,"k=2, T=10",pure_size,2.0,0,10,0,10,0.17222552499733865,0.7958333333333333
tic_tac_toe,958,9,pure_k2_25,"k=2, T=25",pure_size,2.0,0,25,0,25,0.43056381249334663,0.75
tic_tac_toe,958,9,pure_k2_50,"k=2, T=50",pure_size,2.0,0,50,0,50,0.8611276249866933,0.75
tic_tac_toe,958,9,pure_k2_100,"k=2, T=100",pure_size,2.0,0,100,0,100,1.7222552499733865,0.75
tic_tac_toe,958,9,pure_k3_1,"k=3, T=1",pure_size,3.0,0,0,1,1,0.1488867834210396,0.7041666666666667
tic_tac_toe,958,9,pure_k3_3,"k=3, T=3",pure_size,3.0,0,0,3,3,0.44666035026311873,0.7916666666666666
tic_tac_toe,958,9,pure_k3_5,"k=3, T=5",pure_size,3.0,0,0,5,5,0.7444339171051979,0.8125
tic_tac_toe,958,9,mix_1_95_2_05,95% k=1 + 5% k=2,mixture,1.05,95,5,0,100,0.27442809615749864,0.7208333333333333
tic_tac_toe,958,9,mix_1_90_2_10,90% k=1 + 10% k=2,mixture,1.1,90,10,0,100,0.35062952530570324,0.7208333333333333
tic_tac_toe,958,9,mix_1_75_2_25,75% k=1 + 25% k=2,mixture,1.25,75,25,0,100,0.5792338127503172,0.7333333333333333
tic_tac_toe,958,9,mix_1_50_2_50,50% k=1 + 50% k=2,mixture,1.5,50,50,0,100,0.9602409584913403,0.7333333333333333
tic_tac_toe,958,9,mix_1_95_3_05,95% k=1 + 5% k=3,mixture,1.1,95,0,5,100,0.9327492507640273,0.75
tic_tac_toe,958,9,mix_2_95_3_05,95% k=2 + 5% k=3,mixture,2.05,0,95,5,100,2.380576404579915,0.7666666666666667
xd6,973,9,pure_k1_5,"k=1, T=5",pure_size,1.0,5,0,0,5,0.00772423748858273,0.8934426229508197
xd6,973,9,pure_k1_10,"k=1, T=10",pure_size,1.0,10,0,0,10,0.01544847497716546,0.8811475409836066
xd6,973,9,pure_k1_25,"k=1, T=25",pure_size,1.0,25,0,0,25,0.03862118744291365,0.8811475409836066
xd6,973,9,pure_k1_50,"k=1, T=50",pure_size,1.0,50,0,0,50,0.0772423748858273,0.8934426229508197
xd6,973,9,pure_k1_100,"k=1, T=100",pure_size,1.0,100,0,0,100,0.1544847497716546,0.889344262295082
xd6,973,9,pure_k2_5,"k=2, T=5",pure_size,2.0,0,5,0,5,0.03134549169335514,0.8401639344262295
xd6,973,9,pure_k2_10,"k=2, T=10",pure_size,2.0,0,10,0,10,0.06269098338671028,0.8483606557377049
xd6,973,9,pure_k2_25,"k=2, T=25",pure_size,2.0,0,25,0,25,0.15672745846677572,0.8442622950819673
xd6,973,9,pure_k2_50,"k=2, T=50",pure_size,2.0,0,50,0,50,0.31345491693355143,0.8442622950819673
xd6,973,9,pure_k2_100,"k=2, T=100",pure_size,2.0,0,100,0,100,0.6269098338671029,0.8442622950819673
xd6,973,9,pure_k3_1,"k=3, T=1",pure_size,3.0,0,0,1,1,0.026650391798466445,0.7704918032786885
xd6,973,9,pure_k3_3,"k=3, T=3",pure_size,3.0,0,0,3,3,0.07995117539539934,0.8647540983606558
xd6,973,9,pure_k3_5,"k=3, T=5",pure_size,3.0,0,0,5,5,0.13325195899233222,0.8442622950819673
xd6,973,9,mix_1_95_2_05,95% k=1 + 5% k=2,mixture,1.05,95,5,0,100,0.178106003976427,0.8811475409836066
xd6,973,9,mix_1_90_2_10,90% k=1 + 10% k=2,mixture,1.1,90,10,0,100,0.20172725818119944,0.8811475409836066
xd6,973,9,mix_1_75_2_25,75% k=1 + 25% k=2,mixture,1.25,75,25,0,100,0.27259102079551667,0.8483606557377049
xd6,973,9,mix_1_50_2_50,50% k=1 + 50% k=2,mixture,1.5,50,50,0,100,0.39069729181937873,0.860655737704918
xd6,973,9,mix_1_95_3_05,95% k=1 + 5% k=3,mixture,1.1,95,0,5,100,0.2800124712754041,0.8852459016393442
xd6,973,9,mix_2_95_3_05,95% k=2 + 5% k=3,mixture,2.05,0,95,5,100,0.72881630116608,0.8442622950819673
analcatdata_cyyoung9302,92,10,pure_k1_5,"k=1, T=5",pure_size,1.0,5,0,0,5,0.007320254202932119,0.8260869565217391
analcatdata_cyyoung9302,92,10,pure_k1_10,"k=1, T=10",pure_size,1.0,10,0,0,10,0.014640508405864238,0.8260869565217391
analcatdata_cyyoung9302,92,10,pure_k1_25,"k=1, T=25",pure_size,1.0,25,0,0,25,0.0366012710146606,0.8695652173913043
analcatdata_cyyoung9302,92,10,pure_k1_50,"k=1, T=50",pure_size,1.0,50,0,0,50,0.0732025420293212,0.8695652173913043
analcatdata_cyyoung9302,92,10,pure_k1_100,"k=1, T=100",pure_size,1.0,100,0,0,100,0.1464050840586424,0.8695652173913043
analcatdata_cyyoung9302,92,10,pure_k2_5,"k=2, T=5",pure_size,2.0,0,5,0,5,0.5624655291438103,0.8260869565217391
analcatdata_cyyoung9302,92,10,pure_k2_10,"k=2, T=10",pure_size,2.0,0,10,0,10,1.1249310582876206,0.8260869565217391
analcatdata_cyyoung9302,92,10,pure_k2_25,"k=2, T=25",pure_size,2.0,0,25,0,25,2.8123276457190514,0.8260869565217391
analcatdata_cyyoung9302,92,10,pure_k2_50,"k=2, T=50",pure_size,2.0,0,50,0,50,5.624655291438103,0.8260869565217391
analcatdata_cyyoung9302,92,10,pure_k2_100,"k=2, T=100",pure_size,2.0,0,100,0,100,11.249310582876205,0.8260869565217391
analcatdata_cyyoung9302,92,10,pure_k3_1,"k=3, T=1",pure_size,3.0,0,0,1,1,11.638485408201813,0.782608695652174
analcatdata_cyyoung9302,92,10,pure_k3_3,"k=3, T=3",pure_size,3.0,0,0,3,3,34.91545622460544,0.7391304347826086
analcatdata_cyyoung9302,92,10,pure_k3_5,"k=3, T=5",pure_size,3.0,0,0,5,5,58.19242704100907,0.7391304347826086
analcatdata_cyyoung9302,92,10,mix_1_95_2_05,95% k=1 + 5% k=2,mixture,1.05,95,5,0,100,0.7015503589995206,0.8260869565217391
analcatdata_cyyoung9302,92,10,mix_1_90_2_10,90% k=1 + 10% k=2,mixture,1.1,90,10,0,100,1.2566956339403987,0.8260869565217391
analcatdata_cyyoung9302,92,10,mix_1_75_2_25,75% k=1 + 25% k=2,mixture,1.25,75,25,0,100,2.922131458763033,0.8260869565217391
analcatdata_cyyoung9302,92,10,mix_1_50_2_50,50% k=1 + 50% k=2,mixture,1.5,50,50,0,100,5.697857833467424,0.8260869565217391
analcatdata_cyyoung9302,92,10,mix_1_95_3_05,95% k=1 + 5% k=3,mixture,1.1,95,0,5,100,58.33151187086478,0.8260869565217391
analcatdata_cyyoung9302,92,10,mix_2_95_3_05,95% k=2 + 5% k=3,mixture,2.05,0,95,5,100,68.87927209474147,0.8260869565217391
analcatdata_cyyoung8092,97,10,pure_k1_5,"k=1, T=5",pure_size,1.0,5,0,0,5,0.008150827046483755,0.84
analcatdata_cyyoung8092,97,10,pure_k1_10,"k=1, T=10",pure_size,1.0,10,0,0,10,0.01630165409296751,0.84
analcatdata_cyyoung8092,97,10,pure_k1_25,"k=1, T=25",pure_size,1.0,25,0,0,25,0.040754135232418776,0.88
analcatdata_cyyoung8092,97,10,pure_k1_50,"k=1, T=50",pure_size,1.0,50,0,0,50,0.08150827046483755,0.88
analcatdata_cyyoung8092,97,10,pure_k1_100,"k=1, T=100",pure_size,1.0,100,0,0,100,0.1630165409296751,0.88
analcatdata_cyyoung8092,97,10,pure_k2_5,"k=2, T=5",pure_size,2.0,0,5,0,5,0.7635824854020029,0.8
analcatdata_cyyoung8092,97,10,pure_k2_10,"k=2, T=10",pure_size,2.0,0,10,0,10,1.5271649708040058,0.84
analcatdata_cyyoung8092,97,10,pure_k2_25,"k=2, T=25",pure_size,2.0,0,25,0,25,3.8179124270100147,0.84
analcatdata_cyyoung8092,97,10,pure_k2_50,"k=2, T=50",pure_size,2.0,0,50,0,50,7.635824854020029,0.84
analcatdata_cyyoung8092,97,10,pure_k2_100,"k=2, T=100",pure_size,2.0,0,100,0,100,15.271649708040059,0.84
analcatdata_cyyoung8092,97,10,pure_k3_1,"k=3, T=1",pure_size,3.0,0,0,1,1,12.392464841809124,0.8
analcatdata_cyyoung8092,97,10,pure_k3_3,"k=3, T=3",pure_size,3.0,0,0,3,3,37.177394525427374,0.8
analcatdata_cyyoung8092,97,10,pure_k3_5,"k=3, T=5",pure_size,3.0,0,0,5,5,61.96232420904562,0.8
analcatdata_cyyoung8092,97,10,mix_1_95_2_05,95% k=1 + 5% k=2,mixture,1.05,95,5,0,100,0.9184481992851943,0.88
analcatdata_cyyoung8092,97,10,mix_1_90_2_10,90% k=1 + 10% k=2,mixture,1.1,90,10,0,100,1.6738798576407135,0.88
analcatdata_cyyoung8092,97,10,mix_1_75_2_25,75% k=1 + 25% k=2,mixture,1.25,75,25,0,100,3.940174832707271,0.88
analcatdata_cyyoung8092,97,10,mix_1_50_2_50,50% k=1 + 50% k=2,mixture,1.5,50,50,0,100,7.717333124484867,0.88
analcatdata_cyyoung8092,97,10,mix_1_95_3_05,95% k=1 + 5% k=3,mixture,1.1,95,0,5,100,62.11718992292881,0.88
analcatdata_cyyoung8092,97,10,mix_2_95_3_05,95% k=2 + 5% k=3,mixture,2.05,0,95,5,100,76.47039143168368,0.84
parity5+5,1124,10,pure_k1_5,"k=1, T=5",pure_size,1.0,5,0,0,5,0.007925331243313849,0.4234875444839858
parity5+5,1124,10,pure_k1_10,"k=1, T=10",pure_size,1.0,10,0,0,10,0.015850662486627698,0.4092526690391459
parity5+5,1124,10,pure_k1_25,"k=1, T=25",pure_size,1.0,25,0,0,25,0.039626656216569245,0.398576512455516
parity5+5,1124,10,pure_k1_50,"k=1, T=50",pure_size,1.0,50,0,0,50,0.07925331243313849,0.40213523131672596
parity5+5,1124,10,pure_k1_100,"k=1, T=100",pure_size,1.0,100,0,0,100,0.15850662486627698,0.38434163701067614
parity5+5,1124,10,pure_k2_5,"k=2, T=5",pure_size,2.0,0,5,0,5,0.03923970831092447,0.4092526690391459
parity5+5,1124,10,pure_k2_10,"k=2, T=10",pure_size,2.0,0,10,0,10,0.07847941662184894,0.398576512455516
parity5+5,1124,10,pure_k2_25,"k=2, T=25",pure_size,2.0,0,25,0,25,0.19619854155462235,0.38434163701067614
parity5+5,1124,10,pure_k2_50,"k=2, T=50",pure_size,2.0,0,50,0,50,0.3923970831092447,0.3807829181494662
parity5+5,1124,10,pure_k2_100,"k=2, T=100",pure_size,2.0,0,100,0,100,0.7847941662184894,0.3665480427046263
parity5+5,1124,10,pure_k3_1,"k=3, T=1",pure_size,3.0,0,0,1,1,0.03623615000396967,0.47686832740213525
parity5+5,1124,10,pure_k3_3,"k=3, T=3",pure_size,3.0,0,0,3,3,0.10870845001190901,0.4412811387900356
parity5+5,1124,10,pure_k3_5,"k=3, T=5",pure_size,3.0,0,0,5,5,0.18118075001984835,0.4234875444839858
parity5+5,1124,10,mix_1_95_2_05,95% k=1 + 5% k=2,mixture,1.05,95,5,0,100,0.1898210019338876,0.3879003558718861
parity5+5,1124,10,mix_1_90_2_10,90% k=1 + 10% k=2,mixture,1.1,90,10,0,100,0.2211353790014982,0.3807829181494662
parity5+5,1124,10,mix_1_75_2_25,75% k=1 + 25% k=2,mixture,1.25,75,25,0,100,0.3150785102043301,0.3736654804270463
parity5+5,1124,10,mix_1_50_2_50,50% k=1 + 50% k=2,mixture,1.5,50,50,0,100,0.4716503955423832,0.38434163701067614
parity5+5,1124,10,mix_1_95_3_05,95% k=1 + 5% k=3,mixture,1.1,95,0,5,100,0.3317620436428115,0.3701067615658363
parity5+5,1124,10,mix_2_95_3_05,95% k=2 + 5% k=3,mixture,2.05,0,95,5,100,0.9267352079274133,0.37722419928825623
mofn_3_7_10,1324,10,pure_k1_5,"k=1, T=5",pure_size,1.0,5,0,0,5,0.009018841688521207,0.8096676737160121
mofn_3_7_10,1324,10,pure_k1_10,"k=1, T=10",pure_size,1.0,10,0,0,10,0.018037683377042413,0.8308157099697885
mofn_3_7_10,1324,10,pure_k1_25,"k=1, T=25",pure_size,1.0,25,0,0,25,0.04509420844260603,0.8368580060422961
mofn_3_7_10,1324,10,pure_k1_50,"k=1, T=50",pure_size,1.0,50,0,0,50,0.09018841688521206,0.8398791540785498
mofn_3_7_10,1324,10,pure_k1_100,"k=1, T=100",pure_size,1.0,100,0,0,100,0.18037683377042413,0.8277945619335347
mofn_3_7_10,1324,10,pure_k2_5,"k=2, T=5",pure_size,2.0,0,5,0,5,0.043156264605931936,0.8277945619335347
mofn_3_7_10,1324,10,pure_k2_10,"k=2, T=10",pure_size,2.0,0,10,0,10,0.08631252921186387,0.8489425981873112
mofn_3_7_10,1324,10,pure_k2_25,"k=2, T=25",pure_size,2.0,0,25,0,25,0.2157813230296597,0.8398791540785498
mofn_3_7_10,1324,10,pure_k2_50,"k=2, T=50",pure_size,2.0,0,50,0,50,0.4315626460593194,0.8277945619335347
mofn_3_7_10,1324,10,pure_k2_100,"k=2, T=100",pure_size,2.0,0,100,0,100,0.8631252921186388,0.8338368580060423
mofn_3_7_10,1324,10,pure_k3_1,"k=3, T=1",pure_size,3.0,0,0,1,1,0.041814633179455996,0.7945619335347432
mofn_3_7_10,1324,10,pure_k3_3,"k=3, T=3",pure_size,3.0,0,0,3,3,0.125443899538368,0.8126888217522659
mofn_3_7_10,1324,10,pure_k3_5,"k=3, T=5",pure_size,3.0,0,0,5,5,0.20907316589727998,0.8096676737160121
mofn_3_7_10,1324,10,mix_1_95_2_05,95% k=1 + 5% k=2,mixture,1.05,95,5,0,100,0.21451425668783486,0.8277945619335347
mofn_3_7_10,1324,10,mix_1_90_2_10,90% k=1 + 10% k=2,mixture,1.1,90,10,0,100,0.2486516796052456,0.8338368580060423
mofn_3_7_10,1324,10,mix_1_75_2_25,75% k=1 + 25% k=2,mixture,1.25,75,25,0,100,0.3510639483574778,0.8398791540785498
mofn_3_7_10,1324,10,mix_1_50_2_50,50% k=1 + 50% k=2,mixture,1.5,50,50,0,100,0.5217510629445314,0.8398791540785498
mofn_3_7_10,1324,10,mix_1_95_3_05,95% k=1 + 5% k=3,mixture,1.1,95,0,5,100,0.3804311579791829,0.8277945619335347
mofn_3_7_10,1324,10,mix_2_95_3_05,95% k=2 + 5% k=3,mixture,2.05,0,95,5,100,1.0290421934099867,0.8338368580060423
analcatdata_fraud,42,11,pure_k1_5,"k=1, T=5",pure_size,1.0,5,0,0,5,0.0027572354534640907,0.6363636363636364
analcatdata_fraud,42,11,pure_k1_10,"k=1, T=10",pure_size,1.0,10,0,0,10,0.0055144709069281815,0.45454545454545453
analcatdata_fraud,42,11,pure_k1_25,"k=1, T=25",pure_size,1.0,25,0,0,25,0.013786177267320454,0.6363636363636364
analcatdata_fraud,42,11,pure_k1_50,"k=1, T=50",pure_size,1.0,50,0,0,50,0.027572354534640908,0.6363636363636364
analcatdata_fraud,42,11,pure_k1_100,"k=1, T=100",pure_size,1.0,100,0,0,100,0.055144709069281816,0.6363636363636364
analcatdata_fraud,42,11,pure_k2_5,"k=2, T=5",pure_size,2.0,0,5,0,5,0.01115070420783013,0.7272727272727273
analcatdata_fraud,42,11,pure_k2_10,"k=2, T=10",pure_size,2.0,0,10,0,10,0.02230140841566026,0.5454545454545454
analcatdata_fraud,42,11,pure_k2_25,"k=2, T=25",pure_size,2.0,0,25,0,25,0.055753521039150655,0.6363636363636364
analcatdata_fraud,42,11,pure_k2_50,"k=2, T=50",pure_size,2.0,0,50,0,50,0.11150704207830131,0.6363636363636364
analcatdata_fraud,42,11,pure_k2_100,"k=2, T=100",pure_size,2.0,0,100,0,100,0.22301408415660262,0.6363636363636364
analcatdata_fraud,42,11,pure_k3_1,"k=3, T=1",pure_size,3.0,0,0,1,1,0.015483741648495197,0.6363636363636364
analcatdata_fraud,42,11,pure_k3_3,"k=3, T=3",pure_size,3.0,0,0,3,3,0.04645122494548559,0.7272727272727273
analcatdata_fraud,42,11,pure_k3_5,"k=3, T=5",pure_size,3.0,0,0,5,5,0.07741870824247599,0.7272727272727273
analcatdata_fraud,42,11,mix_1_95_2_05,95% k=1 + 5% k=2,mixture,1.05,95,5,0,100,0.06353817782364786,0.6363636363636364
analcatdata_fraud,42,11,mix_1_90_2_10,90% k=1 + 10% k=2,mixture,1.1,90,10,0,100,0.0719316465780139,0.6363636363636364
analcatdata_fraud,42,11,mix_1_75_2_25,75% k=1 + 25% k=2,mixture,1.25,75,25,0,100,0.09711205284111202,0.6363636363636364
analcatdata_fraud,42,11,mix_1_50_2_50,50% k=1 + 50% k=2,mixture,1.5,50,50,0,100,0.13907939661294222,0.6363636363636364
analcatdata_fraud,42,11,mix_1_95_3_05,95% k=1 + 5% k=3,mixture,1.1,95,0,5,100,0.1298061818582937,0.6363636363636364
analcatdata_fraud,42,11,mix_2_95_3_05,95% k=2 + 5% k=3,mixture,2.05,0,95,5,100,0.28928208819124845,0.6363636363636364
labor,57,16,pure_k1_5,"k=1, T=5",pure_size,1.0,5,0,0,5,0.0034604458371177314,0.6666666666666666
labor,57,16,pure_k1_10,"k=1, T=10",pure_size,1.0,10,0,0,10,0.006920891674235463,0.6666666666666666
labor,57,16,pure_k1_25,"k=1, T=25",pure_size,1.0,25,0,0,25,0.017302229185588658,0.8
labor,57,16,pure_k1_50,"k=1, T=50",pure_size,1.0,50,0,0,50,0.034604458371177316,0.8
labor,57,16,pure_k1_100,"k=1, T=100",pure_size,1.0,100,0,0,100,0.06920891674235463,0.8
labor,57,16,pure_k2_5,"k=2, T=5",pure_size,2.0,0,5,0,5,0.10741473960224539,0.6666666666666666
labor,57,16,pure_k2_10,"k=2, T=10",pure_size,2.0,0,10,0,10,0.21482947920449078,0.6666666666666666
labor,57,16,pure_k2_25,"k=2, T=25",pure_size,2.0,0,25,0,25,0.537073698011227,0.8
labor,57,16,pure_k2_50,"k=2, T=50",pure_size,2.0,0,50,0,50,1.074147396022454,0.8666666666666667
labor,57,16,pure_k2_100,"k=2, T=100",pure_size,2.0,0,100,0,100,2.148294792044908,0.8666666666666667
labor,57,16,pure_k3_1,"k=3, T=1",pure_size,3.0,0,0,1,1,1.2004996166564523,0.5333333333333333
labor,57,16,pure_k3_3,"k=3, T=3",pure_size,3.0,0,0,3,3,3.6014988499693574,0.6
labor,57,16,pure_k3_5,"k=3, T=5",pure_size,3.0,0,0,5,5,6.002498083282262,0.6666666666666666
labor,57,16,mix_1_95_2_05,95% k=1 + 5% k=2,mixture,1.05,95,5,0,100,0.1731632105074823,0.8
labor,57,16,mix_1_90_2_10,90% k=1 + 10% k=2,mixture,1.1,90,10,0,100,0.27711750427260995,0.8
labor,57,16,mix_1_75_2_25,75% k=1 + 25% k=2,mixture,1.25,75,25,0,100,0.5889803855679929,0.7333333333333333
labor,57,16,mix_1_50_2_50,50% k=1 + 50% k=2,mixture,1.5,50,50,0,100,1.1087518543936312,0.7333333333333333
labor,57,16,mix_1_95_3_05,95% k=1 + 5% k=3,mixture,1.1,95,0,5,100,6.068246554187499,0.8
labor,57,16,mix_2_95_3_05,95% k=2 + 5% k=3,mixture,2.05,0,95,5,100,8.043378135724925,0.8666666666666667
lymphography,148,18,pure_k1_5,"k=1, T=5",pure_size,1.0,5,0,0,5,0.005705822911113501,0.8378378378378378
lymphography,148,18,pure_k1_10,"k=1, T=10",pure_size,1.0,10,0,0,10,0.011411645822227002,0.7837837837837838
lymphography,148,18,pure_k1_25,"k=1, T=25",pure_size,1.0,25,0,0,25,0.028529114555567503,0.8378378378378378
lymphography,148,18,pure_k1_50,"k=1, T=50",pure_size,1.0,50,0,0,50,0.057058229111135006,0.8108108108108109
lymphography,148,18,pure_k1_100,"k=1, T=100",pure_size,1.0,100,0,0,100,0.11411645822227001,0.8108108108108109
lymphography,148,18,pure_k2_5,"k=2, T=5",pure_size,2.0,0,5,0,5,0.08937222920358182,0.7837837837837838
lymphography,148,18,pure_k2_10,"k=2, T=10",pure_size,2.0,0,10,0,10,0.17874445840716363,0.8378378378378378
lymphography,148,18,pure_k2_25,"k=2, T=25",pure_size,2.0,0,25,0,25,0.44686114601790905,0.8648648648648649
lymphography,148,18,pure_k2_50,"k=2, T=50",pure_size,2.0,0,50,0,50,0.8937222920358181,0.8108108108108109
lymphography,148,18,pure_k2_100,"k=2, T=100",pure_size,2.0,0,100,0,100,1.7874445840716362,0.7837837837837838
lymphography,148,18,pure_k3_1,"k=3, T=1",pure_size,3.0,0,0,1,1,0.366617083363235,0.7297297297297297
lymphography,148,18,pure_k3_3,"k=3, T=3",pure_size,3.0,0,0,3,3,1.099851250089705,0.7837837837837838
lymphography,148,18,pure_k3_5,"k=3, T=5",pure_size,3.0,0,0,5,5,1.833085416816175,0.7567567567567568
lymphography,148,18,mix_1_95_2_05,95% k=1 + 5% k=2,mixture,1.05,95,5,0,100,0.1977828645147383,0.8108108108108109
lymphography,148,18,mix_1_90_2_10,90% k=1 + 10% k=2,mixture,1.1,90,10,0,100,0.2814492708072066,0.8108108108108109
lymphography,148,18,mix_1_75_2_25,75% k=1 + 25% k=2,mixture,1.25,75,25,0,100,0.5324484896846116,0.7837837837837838
lymphography,148,18,mix_1_50_2_50,50% k=1 + 50% k=2,mixture,1.5,50,50,0,100,0.9507805211469531,0.7837837837837838
lymphography,148,18,mix_1_95_3_05,95% k=1 + 5% k=3,mixture,1.1,95,0,5,100,1.9414960521273315,0.8108108108108109
lymphography,148,18,mix_2_95_3_05,95% k=2 + 5% k=3,mixture,2.05,0,95,5,100,3.5311577716842293,0.7837837837837838
spect,267,22,pure_k1_5,"k=1, T=5",pure_size,1.0,5,0,0,5,0.006537929154001176,0.7910447761194029
spect,267,22,pure_k1_10,"k=1, T=10",pure_size,1.0,10,0,0,10,0.013075858308002352,0.8805970149253731
spect,267,22,pure_k1_25,"k=1, T=25",pure_size,1.0,25,0,0,25,0.03268964577000588,0.8955223880597015
spect,267,22,pure_k1_50,"k=1, T=50",pure_size,1.0,50,0,0,50,0.06537929154001176,0.8805970149253731
spect,267,22,pure_k1_100,"k=1, T=100",pure_size,1.0,100,0,0,100,0.13075858308002353,0.8805970149253731
spect,267,22,pure_k2_5,"k=2, T=5",pure_size,2.0,0,5,0,5,0.06703778959345072,0.8208955223880597
spect,267,22,pure_k2_10,"k=2, T=10",pure_size,2.0,0,10,0,10,0.13407557918690144,0.8507462686567164
spect,267,22,pure_k2_25,"k=2, T=25",pure_size,2.0,0,25,0,25,0.3351889479672536,0.8656716417910447
spect,267,22,pure_k2_50,"k=2, T=50",pure_size,2.0,0,50,0,50,0.6703778959345073,0.8656716417910447
spect,267,22,pure_k2_100,"k=2, T=100",pure_size,2.0,0,100,0,100,1.3407557918690145,0.8656716417910447
spect,267,22,pure_k3_1,"k=3, T=1",pure_size,3.0,0,0,1,1,0.14561902498826385,0.7761194029850746
spect,267,22,pure_k3_3,"k=3, T=3",pure_size,3.0,0,0,3,3,0.43685707496479154,0.7611940298507462
spect,267,22,pure_k3_5,"k=3, T=5",pure_size,3.0,0,0,5,5,0.7280951249413192,0.835820895522388
spect,267,22,mix_1_95_2_05,95% k=1 + 5% k=2,mixture,1.05,95,5,0,100,0.19125844351947308,0.8805970149253731
spect,267,22,mix_1_90_2_10,90% k=1 + 10% k=2,mixture,1.1,90,10,0,100,0.2517583039589226,0.8656716417910447
spect,267,22,mix_1_75_2_25,75% k=1 + 25% k=2,mixture,1.25,75,25,0,100,0.43325788527727127,0.8656716417910447
spect,267,22,mix_1_50_2_50,50% k=1 + 50% k=2,mixture,1.5,50,50,0,100,0.735757187474519,0.8656716417910447
spect,267,22,mix_1_95_3_05,95% k=1 + 5% k=3,mixture,1.1,95,0,5,100,0.8523157788673416,0.8805970149253731
spect,267,22,mix_2_95_3_05,95% k=2 + 5% k=3,mixture,2.05,0,95,5,100,2.001813127216883,0.8656716417910447
dermatology,366,34,pure_k1_5,"k=1, T=5",pure_size,1.0,5,0,0,5,0.013043481251224875,0.8043478260869565
dermatology,366,34,pure_k1_10,"k=1, T=10",pure_size,1.0,10,0,0,10,0.02608696250244975,0.8043478260869565
dermatology,366,34,pure_k1_25,"k=1, T=25",pure_size,1.0,25,0,0,25,0.06521740625612438,0.8043478260869565
dermatology,366,34,pure_k1_50,"k=1, T=50",pure_size,1.0,50,0,0,50,0.13043481251224875,0.8043478260869565
dermatology,366,34,pure_k1_100,"k=1, T=100",pure_size,1.0,100,0,0,100,0.2608696250244975,0.8043478260869565
dermatology,366,34,pure_k2_5,"k=2, T=5",pure_size,2.0,0,5,0,5,1.159190947888419,0.9565217391304348
dermatology,366,34,pure_k2_10,"k=2, T=10",pure_size,2.0,0,10,0,10,2.318381895776838,0.9239130434782609
dermatology,366,34,pure_k2_25,"k=2, T=25",pure_size,2.0,0,25,0,25,5.795954739442095,0.9347826086956522
dermatology,366,34,pure_k2_50,"k=2, T=50",pure_size,2.0,0,50,0,50,11.59190947888419,0.9347826086956522
dermatology,366,34,pure_k2_100,"k=2, T=100",pure_size,2.0,0,100,0,100,23.18381895776838,0.9347826086956522
dermatology,366,34,pure_k3_1,"k=3, T=1",pure_size,3.0,0,0,1,1,15.908266424946486,0.8913043478260869
dermatology,366,34,pure_k3_3,"k=3, T=3",pure_size,3.0,0,0,3,3,47.72479927483946,0.8913043478260869
dermatology,366,34,pure_k3_5,"k=3, T=5",pure_size,3.0,0,0,5,5,79.54133212473243,0.9239130434782609
dermatology,366,34,mix_1_95_2_05,95% k=1 + 5% k=2,mixture,1.05,95,5,0,100,1.4070170916616918,0.8043478260869565
dermatology,366,34,mix_1_90_2_10,90% k=1 + 10% k=2,mixture,1.1,90,10,0,100,2.553164558298886,0.8804347826086957
dermatology,366,34,mix_1_75_2_25,75% k=1 + 25% k=2,mixture,1.25,75,25,0,100,5.991606958210468,0.9130434782608695
dermatology,366,34,mix_1_50_2_50,50% k=1 + 50% k=2,mixture,1.5,50,50,0,100,11.722344291396439,0.9456521739130435
dermatology,366,34,mix_1_95_3_05,95% k=1 + 5% k=3,mixture,1.1,95,0,5,100,79.7891582685057,0.8043478260869565
dermatology,366,34,mix_2_95_3_05,95% k=2 + 5% k=3,mixture,2.05,0,95,5,100,101.5659601346124,0.9347826086956522
soybean,675,35,pure_k1_5,"k=1, T=5",pure_size,1.0,5,0,0,5,0.017564639588817953,0.6390532544378699
soybean,675,35,pure_k1_10,"k=1, T=10",pure_size,1.0,10,0,0,10,0.035129279177635905,0.6745562130177515
soybean,675,35,pure_k1_25,"k=1, T=25",pure_size,1.0,25,0,0,25,0.08782319794408977,0.6982248520710059
soybean,675,35,pure_k1_50,"k=1, T=50",pure_size,1.0,50,0,0,50,0.17564639588817954,0.6804733727810651
soybean,675,35,pure_k1_100,"k=1, T=100",pure_size,1.0,100,0,0,100,0.3512927917763591,0.650887573964497
soybean,675,35,pure_k2_5,"k=2, T=5",pure_size,2.0,0,5,0,5,0.963426029146649,0.7100591715976331
soybean,675,35,pure_k2_10,"k=2, T=10",pure_size,2.0,0,10,0,10,1.926852058293298,0.727810650887574
soybean,675,35,pure_k2_25,"k=2, T=25",pure_size,2.0,0,25,0,25,4.817130145733245,0.7041420118343196
soybean,675,35,pure_k2_50,"k=2, T=50",pure_size,2.0,0,50,0,50,9.63426029146649,0.7100591715976331
soybean,675,35,pure_k2_100,"k=2, T=100",pure_size,2.0,0,100,0,100,19.26852058293298,0.7218934911242604
soybean,675,35,pure_k3_1,"k=3, T=1",pure_size,3.0,0,0,1,1,9.272784566599876,0.5325443786982249
soybean,675,35,pure_k3_3,"k=3, T=3",pure_size,3.0,0,0,3,3,27.818353699799626,0.6568047337278107
soybean,675,35,pure_k3_5,"k=3, T=5",pure_size,3.0,0,0,5,5,46.36392283299938,0.6982248520710059
soybean,675,35,mix_1_95_2_05,95% k=1 + 5% k=2,mixture,1.05,95,5,0,100,1.2971541813341902,0.6568047337278107
soybean,675,35,mix_1_90_2_10,90% k=1 + 10% k=2,mixture,1.1,90,10,0,100,2.243015570892021,0.6568047337278107
soybean,675,35,mix_1_75_2_25,75% k=1 + 25% k=2,mixture,1.25,75,25,0,100,5.080599739565514,0.6863905325443787
soybean,675,35,mix_1_50_2_50,50% k=1 + 50% k=2,mixture,1.5,50,50,0,100,9.809906687354669,0.7218934911242604
soybean,675,35,mix_1_95_3_05,95% k=1 + 5% k=3,mixture,1.1,95,0,5,100,46.69765098518692,0.6568047337278107
soybean,675,35,mix_2_95_3_05,95% k=2 + 5% k=3,mixture,2.05,0,95,5,100,64.66901738678571,0.7100591715976331
flags,178,43,pure_k1_5,"k=1, T=5",pure_size,1.0,5,0,0,5,0.007586245867423713,0.4222222222222222
flags,178,43,pure_k1_10,"k=1, T=10",pure_size,1.0,10,0,0,10,0.015172491734847426,0.3333333333333333
flags,178,43,pure_k1_25,"k=1, T=25",pure_size,1.0,25,0,0,25,0.037931229337118566,0.4222222222222222
flags,178,43,pure_k1_50,"k=1, T=50",pure_size,1.0,50,0,0,50,0.07586245867423713,0.4444444444444444
flags,178,43,pure_k1_100,"k=1, T=100",pure_size,1.0,100,0,0,100,0.15172491734847426,0.4
flags,178,43,pure_k2_5,"k=2, T=5",pure_size,2.0,0,5,0,5,0.26016328954137863,0.4444444444444444
flags,178,43,pure_k2_10,"k=2, T=10",pure_size,2.0,0,10,0,10,0.5203265790827573,0.37777777777777777
flags,178,43,pure_k2_25,"k=2, T=25",pure_size,2.0,0,25,0,25,1.300816447706893,0.4666666666666667
flags,178,43,pure_k2_50,"k=2, T=50",pure_size,2.0,0,50,0,50,2.601632895413786,0.4666666666666667
flags,178,43,pure_k2_100,"k=2, T=100",pure_size,2.0,0,100,0,100,5.203265790827572,0.4666666666666667
flags,178,43,pure_k3_1,"k=3, T=1",pure_size,3.0,0,0,1,1,1.538871283363551,0.4444444444444444
flags,178,43,pure_k3_3,"k=3, T=3",pure_size,3.0,0,0,3,3,4.616613850090653,0.4666666666666667
flags,178,43,pure_k3_5,"k=3, T=5",pure_size,3.0,0,0,5,5,7.6943564168177545,0.4
flags,178,43,mix_1_95_2_05,95% k=1 + 5% k=2,mixture,1.05,95,5,0,100,0.4043019610224292,0.4
flags,178,43,mix_1_90_2_10,90% k=1 + 10% k=2,mixture,1.1,90,10,0,100,0.6568790046963842,0.4
flags,178,43,mix_1_75_2_25,75% k=1 + 25% k=2,mixture,1.25,75,25,0,100,1.4146101357182488,0.4444444444444444
flags,178,43,mix_1_50_2_50,50% k=1 + 50% k=2,mixture,1.5,50,50,0,100,2.6774953540880233,0.4888888888888889
flags,178,43,mix_1_95_3_05,95% k=1 + 5% k=3,mixture,1.1,95,0,5,100,7.838495088298805,0.4
flags,178,43,mix_2_95_3_05,95% k=2 + 5% k=3,mixture,2.05,0,95,5,100,12.637458918103949,0.4666666666666667
GAMETES_Epistasis_2_Way_20atts_0.1H_EDM_1_1,1600,20,pure_k1_5,"k=1, T=5",pure_size,1.0,5,0,0,5,0.02339827499818057,0.4975
GAMETES_Epistasis_2_Way_20atts_0.1H_EDM_1_1,1600,20,pure_k1_10,"k=1, T=10",pure_size,1.0,10,0,0,10,0.04679654999636114,0.58
GAMETES_Epistasis_2_Way_20atts_0.1H_EDM_1_1,1600,20,pure_k1_25,"k=1, T=25",pure_size,1.0,25,0,0,25,0.11699137499090284,0.5625
GAMETES_Epistasis_2_Way_20atts_0.1H_EDM_1_1,1600,20,pure_k1_50,"k=1, T=50",pure_size,1.0,50,0,0,50,0.23398274998180568,0.5175
GAMETES_Epistasis_2_Way_20atts_0.1H_EDM_1_1,1600,20,pure_k1_100,"k=1, T=100",pure_size,1.0,100,0,0,100,0.46796549996361136,0.53
GAMETES_Epistasis_2_Way_20atts_0.1H_EDM_1_1,1600,20,pure_k2_5,"k=2, T=5",pure_size,2.0,0,5,0,5,0.5444877520436421,0.6425
GAMETES_Epistasis_2_Way_20atts_0.1H_EDM_1_1,1600,20,pure_k2_10,"k=2, T=10",pure_size,2.0,0,10,0,10,1.0889755040872842,0.635
GAMETES_Epistasis_2_Way_20atts_0.1H_EDM_1_1,1600,20,pure_k2_25,"k=2, T=25",pure_size,2.0,0,25,0,25,2.7224387602182105,0.6375
GAMETES_Epistasis_2_Way_20atts_0.1H_EDM_1_1,1600,20,pure_k2_50,"k=2, T=50",pure_size,2.0,0,50,0,50,5.444877520436421,0.64
GAMETES_Epistasis_2_Way_20atts_0.1H_EDM_1_1,1600,20,pure_k2_100,"k=2, T=100",pure_size,2.0,0,100,0,100,10.889755040872842,0.6375
GAMETES_Epistasis_2_Way_20atts_0.1H_EDM_1_1,1600,20,pure_k3_1,"k=3, T=1",pure_size,3.0,0,0,1,1,2.4782471584156154,0.63
GAMETES_Epistasis_2_Way_20atts_0.1H_EDM_1_1,1600,20,pure_k3_3,"k=3, T=3",pure_size,3.0,0,0,3,3,7.434741475246847,0.655
GAMETES_Epistasis_2_Way_20atts_0.1H_EDM_1_1,1600,20,pure_k3_5,"k=3, T=5",pure_size,3.0,0,0,5,5,12.391235792078078,0.64
GAMETES_Epistasis_2_Way_20atts_0.1H_EDM_1_1,1600,20,mix_1_95_2_05,95% k=1 + 5% k=2,mixture,1.05,95,5,0,100,0.9890549770090729,0.5675
GAMETES_Epistasis_2_Way_20atts_0.1H_EDM_1_1,1600,20,mix_1_90_2_10,90% k=1 + 10% k=2,mixture,1.1,90,10,0,100,1.5101444540545343,0.5925
GAMETES_Epistasis_2_Way_20atts_0.1H_EDM_1_1,1600,20,mix_1_75_2_25,75% k=1 + 25% k=2,mixture,1.25,75,25,0,100,3.073412885190919,0.625
GAMETES_Epistasis_2_Way_20atts_0.1H_EDM_1_1,1600,20,mix_1_50_2_50,50% k=1 + 50% k=2,mixture,1.5,50,50,0,100,5.678860270418227,0.6375
GAMETES_Epistasis_2_Way_20atts_0.1H_EDM_1_1,1600,20,mix_1_95_3_05,95% k=1 + 5% k=3,mixture,1.1,95,0,5,100,12.835803017043508,0.5625
GAMETES_Epistasis_2_Way_20atts_0.1H_EDM_1_1,1600,20,mix_2_95_3_05,95% k=2 + 5% k=3,mixture,2.05,0,95,5,100,22.736503080907276,0.6375
GAMETES_Epistasis_2_Way_20atts_0.4H_EDM_1_1,1600,20,pure_k1_5,"k=1, T=5",pure_size,1.0,5,0,0,5,0.022974141710437834,0.5575
GAMETES_Epistasis_2_Way_20atts_0.4H_EDM_1_1,1600,20,pure_k1_10,"k=1, T=10",pure_size,1.0,10,0,0,10,0.04594828342087567,0.5325
GAMETES_Epistasis_2_Way_20atts_0.4H_EDM_1_1,1600,20,pure_k1_25,"k=1, T=25",pure_size,1.0,25,0,0,25,0.11487070855218917,0.535
GAMETES_Epistasis_2_Way_20atts_0.4H_EDM_1_1,1600,20,pure_k1_50,"k=1, T=50",pure_size,1.0,50,0,0,50,0.22974141710437834,0.5425
GAMETES_Epistasis_2_Way_20atts_0.4H_EDM_1_1,1600,20,pure_k1_100,"k=1, T=100",pure_size,1.0,100,0,0,100,0.4594828342087567,0.57
GAMETES_Epistasis_2_Way_20atts_0.4H_EDM_1_1,1600,20,pure_k2_5,"k=2, T=5",pure_size,2.0,0,5,0,5,0.5173598416382447,0.815
GAMETES_Epistasis_2_Way_20atts_0.4H_EDM_1_1,1600,20,pure_k2_10,"k=2, T=10",pure_size,2.0,0,10,0,10,1.0347196832764893,0.8175
GAMETES_Epistasis_2_Way_20atts_0.4H_EDM_1_1,1600,20,pure_k2_25,"k=2, T=25",pure_size,2.0,0,25,0,25,2.5867992081912234,0.8125
GAMETES_Epistasis_2_Way_20atts_0.4H_EDM_1_1,1600,20,pure_k2_50,"k=2, T=50",pure_size,2.0,0,50,0,50,5.173598416382447,0.815
GAMETES_Epistasis_2_Way_20atts_0.4H_EDM_1_1,1600,20,pure_k2_100,"k=2, T=100",pure_size,2.0,0,100,0,100,10.347196832764894,0.8125
GAMETES_Epistasis_2_Way_20atts_0.4H_EDM_1_1,1600,20,pure_k3_1,"k=3, T=1",pure_size,3.0,0,0,1,1,1.898710416816175,0.805
GAMETES_Epistasis_2_Way_20atts_0.4H_EDM_1_1,1600,20,pure_k3_3,"k=3, T=3",pure_size,3.0,0,0,3,3,5.696131250448525,0.81
GAMETES_Epistasis_2_Way_20atts_0.4H_EDM_1_1,1600,20,pure_k3_5,"k=3, T=5",pure_size,3.0,0,0,5,5,9.493552084080875,0.8125
GAMETES_Epistasis_2_Way_20atts_0.4H_EDM_1_1,1600,20,mix_1_95_2_05,95% k=1 + 5% k=2,mixture,1.05,95,5,0,100,0.9538685341365636,0.7025
GAMETES_Epistasis_2_Way_20atts_0.4H_EDM_1_1,1600,20,mix_1_90_2_10,90% k=1 + 10% k=2,mixture,1.1,90,10,0,100,1.4482542340643705,0.7625
GAMETES_Epistasis_2_Way_20atts_0.4H_EDM_1_1,1600,20,mix_1_75_2_25,75% k=1 + 25% k=2,mixture,1.25,75,25,0,100,2.931411333847791,0.815
GAMETES_Epistasis_2_Way_20atts_0.4H_EDM_1_1,1600,20,mix_1_50_2_50,50% k=1 + 50% k=2,mixture,1.5,50,50,0,100,5.403339833486825,0.815
GAMETES_Epistasis_2_Way_20atts_0.4H_EDM_1_1,1600,20,mix_1_95_3_05,95% k=1 + 5% k=3,mixture,1.1,95,0,5,100,9.930060776579193,0.7075
GAMETES_Epistasis_2_Way_20atts_0.4H_EDM_1_1,1600,20,mix_2_95_3_05,95% k=2 + 5% k=3,mixture,2.05,0,95,5,100,19.323389075207523,0.815
GAMETES_Epistasis_3_Way_20atts_0.2H_EDM_1_1,1600,20,pure_k1_5,"k=1, T=5",pure_size,1.0,5,0,0,5,0.02236866669263691,0.5325
GAMETES_Epistasis_3_Way_20atts_0.2H_EDM_1_1,1600,20,pure_k1_10,"k=1, T=10",pure_size,1.0,10,0,0,10,0.04473733338527382,0.515
GAMETES_Epistasis_3_Way_20atts_0.2H_EDM_1_1,1600,20,pure_k1_25,"k=1, T=25",pure_size,1.0,25,0,0,25,0.11184333346318454,0.5175
GAMETES_Epistasis_3_Way_20atts_0.2H_EDM_1_1,1600,20,pure_k1_50,"k=1, T=50",pure_size,1.0,50,0,0,50,0.22368666692636907,0.5275
GAMETES_Epistasis_3_Way_20atts_0.2H_EDM_1_1,1600,20,pure_k1_100,"k=1, T=100",pure_size,1.0,100,0,0,100,0.44737333385273814,0.5175
GAMETES_Epistasis_3_Way_20atts_0.2H_EDM_1_1,1600,20,pure_k2_5,"k=2, T=5",pure_size,2.0,0,5,0,5,0.562846731254831,0.4925
GAMETES_Epistasis_3_Way_20atts_0.2H_EDM_1_1,1600,20,pure_k2_10,"k=2, T=10",pure_size,2.0,0,10,0,10,1.125693462509662,0.4875
GAMETES_Epistasis_3_Way_20atts_0.2H_EDM_1_1,1600,20,pure_k2_25,"k=2, T=25",pure_size,2.0,0,25,0,25,2.814233656274155,0.485
GAMETES_Epistasis_3_Way_20atts_0.2H_EDM_1_1,1600,20,pure_k2_50,"k=2, T=50",pure_size,2.0,0,50,0,50,5.62846731254831,0.515
GAMETES_Epistasis_3_Way_20atts_0.2H_EDM_1_1,1600,20,pure_k2_100,"k=2, T=100",pure_size,2.0,0,100,0,100,11.25693462509662,0.4875
GAMETES_Epistasis_3_Way_20atts_0.2H_EDM_1_1,1600,20,pure_k3_1,"k=3, T=1",pure_size,3.0,0,0,1,1,2.081875983159989,0.6675
GAMETES_Epistasis_3_Way_20atts_0.2H_EDM_1_1,1600,20,pure_k3_3,"k=3, T=3",pure_size,3.0,0,0,3,3,6.245627949479967,0.6525
GAMETES_Epistasis_3_Way_20atts_0.2H_EDM_1_1,1600,20,pure_k3_5,"k=3, T=5",pure_size,3.0,0,0,5,5,10.409379915799946,0.6675
GAMETES_Epistasis_3_Way_20atts_0.2H_EDM_1_1,1600,20,mix_1_95_2_05,95% k=1 + 5% k=2,mixture,1.05,95,5,0,100,0.9878513984149322,0.51
GAMETES_Epistasis_3_Way_20atts_0.2H_EDM_1_1,1600,20,mix_1_90_2_10,90% k=1 + 10% k=2,mixture,1.1,90,10,0,100,1.5283294629771262,0.52
GAMETES_Epistasis_3_Way_20atts_0.2H_EDM_1_1,1600,20,mix_1_75_2_25,75% k=1 + 25% k=2,mixture,1.25,75,25,0,100,3.1497636566637084,0.515
GAMETES_Epistasis_3_Way_20atts_0.2H_EDM_1_1,1600,20,mix_1_50_2_50,50% k=1 + 50% k=2,mixture,1.5,50,50,0,100,5.852153979474679,0.53
GAMETES_Epistasis_3_Way_20atts_0.2H_EDM_1_1,1600,20,mix_1_95_3_05,95% k=1 + 5% k=3,mixture,1.1,95,0,5,100,10.834384582960046,0.56
GAMETES_Epistasis_3_Way_20atts_0.2H_EDM_1_1,1600,20,mix_2_95_3_05,95% k=2 + 5% k=3,mixture,2.05,0,95,5,100,21.103467809641735,0.5425
GAMETES_Heterogeneity_20atts_1600_Het_0.4_0.2_50_EDM_2_001,1600,20,pure_k1_5,"k=1, T=5",pure_size,1.0,5,0,0,5,0.023922820831649004,0.56
GAMETES_Heterogeneity_20atts_1600_Het_0.4_0.2_50_EDM_2_001,1600,20,pure_k1_10,"k=1, T=10",pure_size,1.0,10,0,0,10,0.04784564166329801,0.57
GAMETES_Heterogeneity_20atts_1600_Het_0.4_0.2_50_EDM_2_001,1600,20,pure_k1_25,"k=1, T=25",pure_size,1.0,25,0,0,25,0.11961410415824503,0.5475
GAMETES_Heterogeneity_20atts_1600_Het_0.4_0.2_50_EDM_2_001,1600,20,pure_k1_50,"k=1, T=50",pure_size,1.0,50,0,0,50,0.23922820831649005,0.52
GAMETES_Heterogeneity_20atts_1600_Het_0.4_0.2_50_EDM_2_001,1600,20,pure_k1_100,"k=1, T=100",pure_size,1.0,100,0,0,100,0.4784564166329801,0.5625
GAMETES_Heterogeneity_20atts_1600_Het_0.4_0.2_50_EDM_2_001,1600,20,pure_k2_5,"k=2, T=5",pure_size,2.0,0,5,0,5,0.548318799980916,0.705
GAMETES_Heterogeneity_20atts_1600_Het_0.4_0.2_50_EDM_2_001,1600,20,pure_k2_10,"k=2, T=10",pure_size,2.0,0,10,0,10,1.096637599961832,0.7125
GAMETES_Heterogeneity_20atts_1600_Het_0.4_0.2_50_EDM_2_001,1600,20,pure_k2_25,"k=2, T=25",pure_size,2.0,0,25,0,25,2.7415939999045804,0.725
GAMETES_Heterogeneity_20atts_1600_Het_0.4_0.2_50_EDM_2_001,1600,20,pure_k2_50,"k=2, T=50",pure_size,2.0,0,50,0,50,5.483187999809161,0.725
GAMETES_Heterogeneity_20atts_1600_Het_0.4_0.2_50_EDM_2_001,1600,20,pure_k2_100,"k=2, T=100",pure_size,2.0,0,100,0,100,10.966375999618322,0.73
GAMETES_Heterogeneity_20atts_1600_Het_0.4_0.2_50_EDM_2_001,1600,20,pure_k3_1,"k=3, T=1",pure_size,3.0,0,0,1,1,2.0882674915716053,0.695
GAMETES_Heterogeneity_20atts_1600_Het_0.4_0.2_50_EDM_2_001,1600,20,pure_k3_3,"k=3, T=3",pure_size,3.0,0,0,3,3,6.264802474714815,0.715
GAMETES_Heterogeneity_20atts_1600_Het_0.4_0.2_50_EDM_2_001,1600,20,pure_k3_5,"k=3, T=5",pure_size,3.0,0,0,5,5,10.441337457858026,0.7075
GAMETES_Heterogeneity_20atts_1600_Het_0.4_0.2_50_EDM_2_001,1600,20,mix_1_95_2_05,95% k=1 + 5% k=2,mixture,1.05,95,5,0,100,1.0028523957822473,0.62
GAMETES_Heterogeneity_20atts_1600_Het_0.4_0.2_50_EDM_2_001,1600,20,mix_1_90_2_10,90% k=1 + 10% k=2,mixture,1.1,90,10,0,100,1.5272483749315142,0.6725
GAMETES_Heterogeneity_20atts_1600_Het_0.4_0.2_50_EDM_2_001,1600,20,mix_1_75_2_25,75% k=1 + 25% k=2,mixture,1.25,75,25,0,100,3.1004363123793155,0.7075
GAMETES_Heterogeneity_20atts_1600_Het_0.4_0.2_50_EDM_2_001,1600,20,mix_1_50_2_50,50% k=1 + 50% k=2,mixture,1.5,50,50,0,100,5.722416208125651,0.725
GAMETES_Heterogeneity_20atts_1600_Het_0.4_0.2_50_EDM_2_001,1600,20,mix_1_95_3_05,95% k=1 + 5% k=3,mixture,1.1,95,0,5,100,10.895871053659357,0.615
GAMETES_Heterogeneity_20atts_1600_Het_0.4_0.2_50_EDM_2_001,1600,20,mix_2_95_3_05,95% k=2 + 5% k=3,mixture,2.05,0,95,5,100,20.859394657495432,0.725
GAMETES_Heterogeneity_20atts_1600_Het_0.4_0.2_75_EDM_2_001,1600,20,pure_k1_5,"k=1, T=5",pure_size,1.0,5,0,0,5,0.02379214789252728,0.495
GAMETES_Heterogeneity_20atts_1600_Het_0.4_0.2_75_EDM_2_001,1600,20,pure_k1_10,"k=1, T=10",pure_size,1.0,10,0,0,10,0.04758429578505456,0.4775
GAMETES_Heterogeneity_20atts_1600_Het_0.4_0.2_75_EDM_2_001,1600,20,pure_k1_25,"k=1, T=25",pure_size,1.0,25,0,0,25,0.11896073946263641,0.5525
GAMETES_Heterogeneity_20atts_1600_Het_0.4_0.2_75_EDM_2_001,1600,20,pure_k1_50,"k=1, T=50",pure_size,1.0,50,0,0,50,0.23792147892527282,0.525
GAMETES_Heterogeneity_20atts_1600_Het_0.4_0.2_75_EDM_2_001,1600,20,pure_k1_100,"k=1, T=100",pure_size,1.0,100,0,0,100,0.47584295785054564,0.515
GAMETES_Heterogeneity_20atts_1600_Het_0.4_0.2_75_EDM_2_001,1600,20,pure_k2_5,"k=2, T=5",pure_size,2.0,0,5,0,5,0.5978642832953482,0.7575
GAMETES_Heterogeneity_20atts_1600_Het_0.4_0.2_75_EDM_2_001,1600,20,pure_k2_10,"k=2, T=10",pure_size,2.0,0,10,0,10,1.1957285665906965,0.755
GAMETES_Heterogeneity_20atts_1600_Het_0.4_0.2_75_EDM_2_001,1600,20,pure_k2_25,"k=2, T=25",pure_size,2.0,0,25,0,25,2.9893214164767414,0.7575
GAMETES_Heterogeneity_20atts_1600_Het_0.4_0.2_75_EDM_2_001,1600,20,pure_k2_50,"k=2, T=50",pure_size,2.0,0,50,0,50,5.978642832953483,0.755
GAMETES_Heterogeneity_20atts_1600_Het_0.4_0.2_75_EDM_2_001,1600,20,pure_k2_100,"k=2, T=100",pure_size,2.0,0,100,0,100,11.957285665906966,0.755
GAMETES_Heterogeneity_20atts_1600_Het_0.4_0.2_75_EDM_2_001,1600,20,pure_k3_1,"k=3, T=1",pure_size,3.0,0,0,1,1,2.3208454665727913,0.7475
GAMETES_Heterogeneity_20atts_1600_Het_0.4_0.2_75_EDM_2_001,1600,20,pure_k3_3,"k=3, T=3",pure_size,3.0,0,0,3,3,6.962536399718374,0.7525
GAMETES_Heterogeneity_20atts_1600_Het_0.4_0.2_75_EDM_2_001,1600,20,pure_k3_5,"k=3, T=5",pure_size,3.0,0,0,5,5,11.604227332863957,0.755
GAMETES_Heterogeneity_20atts_1600_Het_0.4_0.2_75_EDM_2_001,1600,20,mix_1_95_2_05,95% k=1 + 5% k=2,mixture,1.05,95,5,0,100,1.0499150932533667,0.575
GAMETES_Heterogeneity_20atts_1600_Het_0.4_0.2_75_EDM_2_001,1600,20,mix_1_90_2_10,90% k=1 + 10% k=2,mixture,1.1,90,10,0,100,1.6239872286561876,0.615
GAMETES_Heterogeneity_20atts_1600_Het_0.4_0.2_75_EDM_2_001,1600,20,mix_1_75_2_25,75% k=1 + 25% k=2,mixture,1.25,75,25,0,100,3.3462036348646507,0.725
GAMETES_Heterogeneity_20atts_1600_Het_0.4_0.2_75_EDM_2_001,1600,20,mix_1_50_2_50,50% k=1 + 50% k=2,mixture,1.5,50,50,0,100,6.216564311878756,0.76
GAMETES_Heterogeneity_20atts_1600_Het_0.4_0.2_75_EDM_2_001,1600,20,mix_1_95_3_05,95% k=1 + 5% k=3,mixture,1.1,95,0,5,100,12.056278142821975,0.5775
GAMETES_Heterogeneity_20atts_1600_Het_0.4_0.2_75_EDM_2_001,1600,20,mix_2_95_3_05,95% k=2 + 5% k=3,mixture,2.05,0,95,5,100,22.963648715475575,0.755
car_evaluation,1728,6,pure_k1_5,"k=1, T=5",pure_size,1.0,5,0,0,5,0.009389785397797824,0.7754629629629629
car_evaluation,1728,6,pure_k1_10,"k=1, T=10",pure_size,1.0,10,0,0,10,0.018779570795595647,0.7754629629629629
car_evaluation,1728,6,pure_k1_25,"k=1, T=25",pure_size,1.0,25,0,0,25,0.046948926988989115,0.7754629629629629
car_evaluation,1728,6,pure_k1_50,"k=1, T=50",pure_size,1.0,50,0,0,50,0.09389785397797823,0.7754629629629629
car_evaluation,1728,6,pure_k1_100,"k=1, T=100",pure_size,1.0,100,0,0,100,0.18779570795595646,0.7754629629629629
car_evaluation,1728,6,pure_k2_5,"k=2, T=5",pure_size,2.0,0,5,0,5,0.07142640000674874,0.8541666666666666
car_evaluation,1728,6,pure_k2_10,"k=2, T=10",pure_size,2.0,0,10,0,10,0.14285280001349748,0.8634259259259259
car_evaluation,1728,6,pure_k2_25,"k=2, T=25",pure_size,2.0,0,25,0,25,0.3571320000337437,0.8379629629629629
car_evaluation,1728,6,pure_k2_50,"k=2, T=50",pure_size,2.0,0,50,0,50,0.7142640000674874,0.8634259259259259
car_evaluation,1728,6,pure_k2_100,"k=2, T=100",pure_size,2.0,0,100,0,100,1.4285280001349747,0.8379629629629629
car_evaluation,1728,6,pure_k3_1,"k=3, T=1",pure_size,3.0,0,0,1,1,0.10566075006499887,0.8101851851851852
car_evaluation,1728,6,pure_k3_3,"k=3, T=3",pure_size,3.0,0,0,3,3,0.3169822501949966,0.8611111111111112
car_evaluation,1728,6,pure_k3_5,"k=3, T=5",pure_size,3.0,0,0,5,5,0.5283037503249943,0.8611111111111112
car_evaluation,1728,6,mix_1_95_2_05,95% k=1 + 5% k=2,mixture,1.05,95,5,0,100,0.24983232256490737,0.7754629629629629
car_evaluation,1728,6,mix_1_90_2_10,90% k=1 + 10% k=2,mixture,1.1,90,10,0,100,0.31186893717385833,0.7754629629629629
car_evaluation,1728,6,mix_1_75_2_25,75% k=1 + 25% k=2,mixture,1.25,75,25,0,100,0.497978781000711,0.8055555555555556
car_evaluation,1728,6,mix_1_50_2_50,50% k=1 + 50% k=2,mixture,1.5,50,50,0,100,0.8081618540454656,0.8379629629629629
car_evaluation,1728,6,mix_1_95_3_05,95% k=1 + 5% k=3,mixture,1.1,95,0,5,100,0.706709672883153,0.7754629629629629
car_evaluation,1728,6,mix_2_95_3_05,95% k=2 + 5% k=3,mixture,2.05,0,95,5,100,1.8854053504532202,0.8379629629629629
led24,3200,24,pure_k1_5,"k=1, T=5",pure_size,1.0,5,0,0,5,0.059073579218238595,0.64125
led24,3200,24,pure_k1_10,"k=1, T=10",pure_size,1.0,10,0,0,10,0.11814715843647719,0.64125
led24,3200,24,pure_k1_25,"k=1, T=25",pure_size,1.0,25,0,0,25,0.29536789609119296,0.69625
led24,3200,24,pure_k1_50,"k=1, T=50",pure_size,1.0,50,0,0,50,0.5907357921823859,0.70125
led24,3200,24,pure_k1_100,"k=1, T=100",pure_size,1.0,100,0,0,100,1.1814715843647718,0.7
led24,3200,24,pure_k2_5,"k=2, T=5",pure_size,2.0,0,5,0,5,0.5224767895648256,0.69875
led24,3200,24,pure_k2_10,"k=2, T=10",pure_size,2.0,0,10,0,10,1.0449535791296511,0.70125
led24,3200,24,pure_k2_25,"k=2, T=25",pure_size,2.0,0,25,0,25,2.612383947824128,0.70125
led24,3200,24,pure_k2_50,"k=2, T=50",pure_size,2.0,0,50,0,50,5.224767895648256,0.70125
led24,3200,24,pure_k2_100,"k=2, T=100",pure_size,2.0,0,100,0,100,10.449535791296512,0.7
led24,3200,24,pure_k3_1,"k=3, T=1",pure_size,3.0,0,0,1,1,1.1396373918280005,0.60125
led24,3200,24,pure_k3_3,"k=3, T=3",pure_size,3.0,0,0,3,3,3.4189121754840017,0.64125
led24,3200,24,pure_k3_5,"k=3, T=5",pure_size,3.0,0,0,5,5,5.698186959140003,0.70125
led24,3200,24,mix_1_95_2_05,95% k=1 + 5% k=2,mixture,1.05,95,5,0,100,1.6448747947113587,0.7
led24,3200,24,mix_1_90_2_10,90% k=1 + 10% k=2,mixture,1.1,90,10,0,100,2.1082780050579455,0.70125
led24,3200,24,mix_1_75_2_25,75% k=1 + 25% k=2,mixture,1.25,75,25,0,100,3.498487636097707,0.7
led24,3200,24,mix_1_50_2_50,50% k=1 + 50% k=2,mixture,1.5,50,50,0,100,5.815503687830642,0.7
led24,3200,24,mix_1_95_3_05,95% k=1 + 5% k=3,mixture,1.1,95,0,5,100,6.820584964286536,0.7
led24,3200,24,mix_2_95_3_05,95% k=2 + 5% k=3,mixture,2.05,0,95,5,100,15.62524596087169,0.7
nursery,12958,8,pure_k1_5,"k=1, T=5",pure_size,1.0,5,0,0,5,0.0860001145862043,0.8108024691358025
nursery,12958,8,pure_k1_10,"k=1, T=10",pure_size,1.0,10,0,0,10,0.1720002291724086,0.8108024691358025
nursery,12958,8,pure_k1_25,"k=1, T=25",pure_size,1.0,25,0,0,25,0.43000057293102145,0.8108024691358025
nursery,12958,8,pure_k1_50,"k=1, T=50",pure_size,1.0,50,0,0,50,0.8600011458620429,0.8108024691358025
nursery,12958,8,pure_k1_100,"k=1, T=100",pure_size,1.0,100,0,0,100,1.7200022917240858,0.8108024691358025
nursery,12958,8,pure_k2_5,"k=2, T=5",pure_size,2.0,0,5,0,5,1.3570704666431994,0.8108024691358025
nursery,12958,8,pure_k2_10,"k=2, T=10",pure_size,2.0,0,10,0,10,2.714140933286399,0.8108024691358025
nursery,12958,8,pure_k2_25,"k=2, T=25",pure_size,2.0,0,25,0,25,6.785352333215997,0.8108024691358025
nursery,12958,8,pure_k2_50,"k=2, T=50",pure_size,2.0,0,50,0,50,13.570704666431993,0.8108024691358025
nursery,12958,8,pure_k2_100,"k=2, T=100",pure_size,2.0,0,100,0,100,27.141409332863986,0.8108024691358025
nursery,12958,8,pure_k3_1,"k=3, T=1",pure_size,3.0,0,0,1,1,2.3609926249831914,0.8503086419753086
nursery,12958,8,pure_k3_3,"k=3, T=3",pure_size,3.0,0,0,3,3,7.082977874949575,0.8503086419753086
nursery,12958,8,pure_k3_5,"k=3, T=5",pure_size,3.0,0,0,5,5,11.804963124915957,0.8503086419753086
nursery,12958,8,mix_1_95_2_05,95% k=1 + 5% k=2,mixture,1.05,95,5,0,100,2.991072643781081,0.8108024691358025
nursery,12958,8,mix_1_90_2_10,90% k=1 + 10% k=2,mixture,1.1,90,10,0,100,4.262142995838076,0.8108024691358025
nursery,12958,8,mix_1_75_2_25,75% k=1 + 25% k=2,mixture,1.25,75,25,0,100,8.075354052009061,0.8108024691358025
nursery,12958,8,mix_1_50_2_50,50% k=1 + 50% k=2,mixture,1.5,50,50,0,100,14.430705812294036,0.8108024691358025
nursery,12958,8,mix_1_95_3_05,95% k=1 + 5% k=3,mixture,1.1,95,0,5,100,13.43896530205384,0.8108024691358025
nursery,12958,8,mix_2_95_3_05,95% k=2 + 5% k=3,mixture,2.05,0,95,5,100,37.58930199113674,0.8108024691358025
