contrast_id,left,right,status,n_datasets,mean_delta,median_delta,ci_low,ci_high,wins,ties,losses,balanced_accuracy_delta,ci_kind,comparison_cost_kind,ratio_of_mean_fitting_costs
descriptive__D3_L1_Fall__T020__pure_k2_vs_k1,D3_L1_Fall__T020__pure_k2,D3_L1_Fall__T020__pure_k1,descriptive,57,0.026358211466189455,0.007792207792207795,0.012196735579155349,0.04261706613983607,36,4,17,0.02860367886256772,paired_dataset_bootstrap_20000_seed41,selected_tree_fit_work,23.766895321991782
descriptive__D3_L1_Fall__T020__pure_k3_vs_k1,D3_L1_Fall__T020__pure_k3,D3_L1_Fall__T020__pure_k1,descriptive,57,0.0258595655054071,0.007317073170731825,0.009840096668010907,0.04407774701531817,30,4,23,0.025789251471556772,paired_dataset_bootstrap_20000_seed41,selected_tree_fit_work,1130.1509810280038
descriptive__D3_L1_Fall__T020__pair_k1_k2_q05_vs_k1,D3_L1_Fall__T020__pair_k1_k2_q05,D3_L1_Fall__T020__pure_k1,descriptive,57,0.00629107726455348,0.0010000000000000286,0.0020790772048445393,0.011021280577048065,29,16,12,0.0068362832191393025,paired_dataset_bootstrap_20000_seed41,selected_tree_fit_work,2.1522541796318206
descriptive__D3_L1_Fall__T020__pair_k1_k2_q10_vs_k1,D3_L1_Fall__T020__pair_k1_k2_q10,D3_L1_Fall__T020__pure_k1,descriptive,57,0.012181512389002913,0.0,0.005066924596497349,0.020342124308088752,26,19,12,0.012532327559353792,paired_dataset_bootstrap_20000_seed41,selected_tree_fit_work,3.3038315596033154
descriptive__D3_L1_Fall__T020__pair_k1_k2_q25_vs_k1,D3_L1_Fall__T020__pair_k1_k2_q25,D3_L1_Fall__T020__pure_k1,descriptive,57,0.019090174584502576,0.0,0.008167787975429438,0.03218480536296823,28,17,12,0.019717706426182206,paired_dataset_bootstrap_20000_seed41,selected_tree_fit_work,6.709749695091617
descriptive__D3_L1_Fall__T020__pair_k1_k2_q50_vs_k1,D3_L1_Fall__T020__pair_k1_k2_q50,D3_L1_Fall__T020__pure_k1,descriptive,57,0.023784880438535057,0.00909090909090915,0.010400858678915367,0.0395648500157809,33,6,18,0.025282226747866815,paired_dataset_bootstrap_20000_seed41,selected_tree_fit_work,12.435317664014567
descriptive__D3_L1_Fall__T020__pair_k1_k3_q05_vs_k1,D3_L1_Fall__T020__pair_k1_k3_q05,D3_L1_Fall__T020__pure_k1,descriptive,57,0.007657402481223679,0.0022500000000000853,0.003228769565718109,0.012560609670948023,32,15,10,0.007910558450511017,paired_dataset_bootstrap_20000_seed41,selected_tree_fit_work,58.67230087220335
descriptive__D3_L1_Fall__T020__pair_k1_k3_q10_vs_k1,D3_L1_Fall__T020__pair_k1_k3_q10,D3_L1_Fall__T020__pure_k1,descriptive,57,0.01379167968037937,0.0026490066225166586,0.006514406208100659,0.02218068186732413,30,13,14,0.014161721251372706,paired_dataset_bootstrap_20000_seed41,selected_tree_fit_work,116.2482075990867
descriptive__D3_L1_Fall__T020__pair_k1_k3_q25_vs_k1,D3_L1_Fall__T020__pair_k1_k3_q25,D3_L1_Fall__T020__pure_k1,descriptive,57,0.022514819736492178,0.008695652173913104,0.010294351255372716,0.036639622635793484,37,4,16,0.02260116379394795,paired_dataset_bootstrap_20000_seed41,selected_tree_fit_work,284.8360867011152
descriptive__D3_L1_Fall__T020__pair_k1_k3_q50_vs_k1,D3_L1_Fall__T020__pair_k1_k3_q50,D3_L1_Fall__T020__pure_k1,descriptive,57,0.02672421743299456,0.009271523178807972,0.01332531258178707,0.04245511259787315,36,6,15,0.02774703198118161,paired_dataset_bootstrap_20000_seed41,selected_tree_fit_work,566.205021432123
descriptive__D3_L1_Fall__T020__pair_k2_k3_q05_vs_k1,D3_L1_Fall__T020__pair_k2_k3_q05,D3_L1_Fall__T020__pure_k1,descriptive,57,0.025258613676989526,0.006405693950177926,0.010820267605197593,0.04173000070764387,36,4,17,0.026452164591217242,paired_dataset_bootstrap_20000_seed41,selected_tree_fit_work,80.2869420145633
descriptive__D3_L1_Fall__T020__pair_k2_k3_q10_vs_k1,D3_L1_Fall__T020__pair_k2_k3_q10,D3_L1_Fall__T020__pure_k1,descriptive,57,0.026023690331954116,0.007407407407407418,0.011536666438620705,0.0425964600981851,36,4,17,0.02630692527196273,paired_dataset_bootstrap_20000_seed41,selected_tree_fit_work,136.71127136147516
descriptive__D3_L1_Fall__T020__pair_k2_k3_q25_vs_k1,D3_L1_Fall__T020__pair_k2_k3_q25,D3_L1_Fall__T020__pure_k1,descriptive,57,0.024937853973511486,0.006060606060605989,0.00944122315529159,0.04247208279195615,33,4,20,0.024575916126327767,paired_dataset_bootstrap_20000_seed41,selected_tree_fit_work,301.8932323280155
descriptive__D3_L1_Fall__T020__pair_k2_k3_q50_vs_k1,D3_L1_Fall__T020__pair_k2_k3_q50,D3_L1_Fall__T020__pure_k1,descriptive,57,0.025145026083564986,0.005250000000000088,0.0099512185878973,0.04251053264342565,32,3,22,0.02502862592399032,paired_dataset_bootstrap_20000_seed41,selected_tree_fit_work,577.5365990901001
descriptive__D3_L1_Fall__T020__triple_85_10_05_vs_k1,D3_L1_Fall__T020__triple_85_10_05,D3_L1_Fall__T020__pure_k1,descriptive,57,0.01459071223812689,0.0037037037037037646,0.006096694842508884,0.02431887324725747,33,10,14,0.015025575185762629,paired_dataset_bootstrap_20000_seed41,selected_tree_fit_work,60.53764448035822
descriptive__D3_L1_Fall__T040__pure_k2_vs_k1,D3_L1_Fall__T040__pure_k2,D3_L1_Fall__T040__pure_k1,descriptive,57,0.018994009778233335,0.0024390243902437936,0.004369031723194737,0.03579549944112438,30,6,21,0.019741203233313583,paired_dataset_bootstrap_20000_seed41,selected_tree_fit_work,23.996132261531415
descriptive__D3_L1_Fall__T040__pure_k3_vs_k1,D3_L1_Fall__T040__pure_k3,D3_L1_Fall__T040__pure_k1,descriptive,57,0.025518240164912564,0.0060606060606061,0.009100463792146976,0.04397957802740632,31,6,20,0.025050176002322313,paired_dataset_bootstrap_20000_seed41,selected_tree_fit_work,1142.21613743146
descriptive__D3_L1_Fall__T040__pair_k1_k2_q05_vs_k1,D3_L1_Fall__T040__pair_k1_k2_q05,D3_L1_Fall__T040__pure_k1,descriptive,57,0.006695020571371059,0.0,0.0024104397604424515,0.01167855608339913,23,20,14,0.007603522623195082,paired_dataset_bootstrap_20000_seed41,selected_tree_fit_work,2.1598228437292994
descriptive__D3_L1_Fall__T040__pair_k1_k2_q10_vs_k1,D3_L1_Fall__T040__pair_k1_k2_q10,D3_L1_Fall__T040__pure_k1,descriptive,57,0.010032295955531284,0.0,0.003382839205497476,0.017681629538846944,23,16,18,0.010724383577322989,paired_dataset_bootstrap_20000_seed41,selected_tree_fit_work,3.3099348450988972
descriptive__D3_L1_Fall__T040__pair_k1_k2_q25_vs_k1,D3_L1_Fall__T040__pair_k1_k2_q25,D3_L1_Fall__T040__pure_k1,descriptive,57,0.017558349843258353,0.0050000000000000044,0.006848007253697992,0.030101249788746096,35,7,15,0.01710498111965997,paired_dataset_bootstrap_20000_seed41,selected_tree_fit_work,6.744698246718689
descriptive__D3_L1_Fall__T040__pair_k1_k2_q50_vs_k1,D3_L1_Fall__T040__pair_k1_k2_q50,D3_L1_Fall__T040__pure_k1,descriptive,57,0.020858642702944342,0.005833333333333357,0.007548923688027905,0.0364780765883004,33,6,18,0.02172079613504223,paired_dataset_bootstrap_20000_seed41,selected_tree_fit_work,12.50118547828489
descriptive__D3_L1_Fall__T040__pair_k1_k3_q05_vs_k1,D3_L1_Fall__T040__pair_k1_k3_q05,D3_L1_Fall__T040__pure_k1,descriptive,57,0.006259691278064618,0.0,0.0015640404524225396,0.011491224946758931,22,21,14,0.00570465511457965,paired_dataset_bootstrap_20000_seed41,selected_tree_fit_work,58.937443868742484
descriptive__D3_L1_Fall__T040__pair_k1_k3_q10_vs_k1,D3_L1_Fall__T040__pair_k1_k3_q10,D3_L1_Fall__T040__pure_k1,descriptive,57,0.012782696013735028,0.0,0.005636181449996891,0.020814119339994244,26,14,17,0.012558528838496496,paired_dataset_bootstrap_20000_seed41,selected_tree_fit_work,116.36285798875545
descriptive__D3_L1_Fall__T040__pair_k1_k3_q25_vs_k1,D3_L1_Fall__T040__pair_k1_k3_q25,D3_L1_Fall__T040__pure_k1,descriptive,57,0.020250883785662744,0.005095541401273884,0.008983116642008198,0.03300789165433171,32,9,16,0.01956065346312183,paired_dataset_bootstrap_20000_seed41,selected_tree_fit_work,285.286485145266
descriptive__D3_L1_Fall__T040__pair_k1_k3_q50_vs_k1,D3_L1_Fall__T040__pair_k1_k3_q50,D3_L1_Fall__T040__pure_k1,descriptive,57,0.028690295117546602,0.008695652173913104,0.014822476886440741,0.04477298093529427,36,4,17,0.028751288007241048,paired_dataset_bootstrap_20000_seed41,selected_tree_fit_work,570.8943166633338
descriptive__D3_L1_Fall__T040__pair_k2_k3_q05_vs_k1,D3_L1_Fall__T040__pair_k2_k3_q05,D3_L1_Fall__T040__pure_k1,descriptive,57,0.01951199945061314,0.003030303030302939,0.00472712048733079,0.03629658102390078,30,5,22,0.020060564969638116,paired_dataset_bootstrap_20000_seed41,selected_tree_fit_work,80.7737532865446
descriptive__D3_L1_Fall__T040__pair_k2_k3_q10_vs_k1,D3_L1_Fall__T040__pair_k2_k3_q10,D3_L1_Fall__T040__pure_k1,descriptive,57,0.02243451153777287,0.007317073170731603,0.007439701811571422,0.039499422339204865,32,3,22,0.023002506682107248,paired_dataset_bootstrap_20000_seed41,selected_tree_fit_work,137.04905540518794
descriptive__D3_L1_Fall__T040__pair_k2_k3_q25_vs_k1,D3_L1_Fall__T040__pair_k2_k3_q25,D3_L1_Fall__T040__pure_k1,descriptive,57,0.022806233361113416,0.007407407407407418,0.00696879820398587,0.040549538011251655,33,4,20,0.02328771526950374,paired_dataset_bootstrap_20000_seed41,selected_tree_fit_work,302.53791916007873
descriptive__D3_L1_Fall__T040__pair_k2_k3_q50_vs_k1,D3_L1_Fall__T040__pair_k2_k3_q50,D3_L1_Fall__T040__pure_k1,descriptive,57,0.022989972878710744,0.0020000000000000018,0.00723385883157405,0.04083781995555109,30,6,21,0.02282340237054638,paired_dataset_bootstrap_20000_seed41,selected_tree_fit_work,582.3892634465803
descriptive__D3_L1_Fall__T040__triple_85_10_05_vs_k1,D3_L1_Fall__T040__triple_85_10_05,D3_L1_Fall__T040__pure_k1,descriptive,57,0.014356688702349582,0.0037037037037036535,0.006000796674205711,0.02373771619106025,32,8,17,0.015292886695048007,paired_dataset_bootstrap_20000_seed41,selected_tree_fit_work,59.91020462391555
descriptive__D3_L1_Fall__T060__pure_k2_vs_k1,D3_L1_Fall__T060__pure_k2,D3_L1_Fall__T060__pure_k1,descriptive,57,0.020428164926224377,0.007407407407407418,0.00763777607828575,0.03521745294662813,34,6,17,0.021918998395414897,paired_dataset_bootstrap_20000_seed41,selected_tree_fit_work,24.367776709732414
descriptive__D3_L1_Fall__T060__pure_k3_vs_k1,D3_L1_Fall__T060__pure_k3,D3_L1_Fall__T060__pure_k1,descriptive,57,0.02313588681745195,0.008000000000000007,0.008175635445210914,0.039794261891034105,35,5,17,0.022842240423732906,paired_dataset_bootstrap_20000_seed41,selected_tree_fit_work,1161.1266753334485
descriptive__D3_L1_Fall__T060__pair_k1_k2_q05_vs_k1,D3_L1_Fall__T060__pair_k1_k2_q05,D3_L1_Fall__T060__pure_k1,descriptive,57,0.005501008512351886,0.0,0.0014063041677229889,0.010531069371059019,24,19,14,0.00576708992446734,paired_dataset_bootstrap_20000_seed41,selected_tree_fit_work,2.1747087508342298
descriptive__D3_L1_Fall__T060__pair_k1_k2_q10_vs_k1,D3_L1_Fall__T060__pair_k1_k2_q10,D3_L1_Fall__T060__pure_k1,descriptive,57,0.009825730860069284,0.0045977011494253706,0.0035921334844416504,0.017043824075747654,29,12,16,0.010116987857044386,paired_dataset_bootstrap_20000_seed41,selected_tree_fit_work,3.345654648328396
descriptive__D3_L1_Fall__T060__pair_k1_k2_q25_vs_k1,D3_L1_Fall__T060__pair_k1_k2_q25,D3_L1_Fall__T060__pure_k1,descriptive,57,0.017229565913253985,0.004999999999999893,0.007262531026920906,0.029304784294911266,33,8,16,0.017815241728134135,paired_dataset_bootstrap_20000_seed41,selected_tree_fit_work,6.851620504724892
descriptive__D3_L1_Fall__T060__pair_k1_k2_q50_vs_k1,D3_L1_Fall__T060__pair_k1_k2_q50,D3_L1_Fall__T060__pure_k1,descriptive,57,0.020301308348427746,0.006369426751592355,0.008727681834158904,0.03399465401872858,34,10,13,0.021741988927081114,paired_dataset_bootstrap_20000_seed41,selected_tree_fit_work,12.690511655792983
descriptive__D3_L1_Fall__T060__pair_k1_k3_q05_vs_k1,D3_L1_Fall__T060__pair_k1_k3_q05,D3_L1_Fall__T060__pure_k1,descriptive,57,0.00771479779416047,0.0020000000000000573,0.0036561005633713177,0.012500010081494373,30,17,10,0.008258401365382634,paired_dataset_bootstrap_20000_seed41,selected_tree_fit_work,59.39518416999298
descriptive__D3_L1_Fall__T060__pair_k1_k3_q10_vs_k1,D3_L1_Fall__T060__pair_k1_k3_q10,D3_L1_Fall__T060__pure_k1,descriptive,57,0.012438640586804058,0.0040000000000000036,0.005552720502758903,0.020080095139771725,32,10,15,0.012444036707513925,paired_dataset_bootstrap_20000_seed41,selected_tree_fit_work,117.40135564774707
descriptive__D3_L1_Fall__T060__pair_k1_k3_q25_vs_k1,D3_L1_Fall__T060__pair_k1_k3_q25,D3_L1_Fall__T060__pure_k1,descriptive,57,0.023182815772139355,0.0069999999999999785,0.012201366382331085,0.03591357550722666,35,10,12,0.023699229261969622,paired_dataset_bootstrap_20000_seed41,selected_tree_fit_work,290.50843068472955
descriptive__D3_L1_Fall__T060__pair_k1_k3_q50_vs_k1,D3_L1_Fall__T060__pair_k1_k3_q50,D3_L1_Fall__T060__pure_k1,descriptive,57,0.02715622819340678,0.010389610389610393,0.014730259742567873,0.04143090778939034,36,7,14,0.028369753482016927,paired_dataset_bootstrap_20000_seed41,selected_tree_fit_work,581.2604045985298
descriptive__D3_L1_Fall__T060__pair_k2_k3_q05_vs_k1,D3_L1_Fall__T060__pair_k2_k3_q05,D3_L1_Fall__T060__pure_k1,descriptive,57,0.02059294065905815,0.006666666666666599,0.007526018506286054,0.03563119127499294,33,3,21,0.022016189634133834,paired_dataset_bootstrap_20000_seed41,selected_tree_fit_work,81.58825212889116
descriptive__D3_L1_Fall__T060__pair_k2_k3_q10_vs_k1,D3_L1_Fall__T060__pair_k2_k3_q10,D3_L1_Fall__T060__pure_k1,descriptive,57,0.021948072554044525,0.008000000000000007,0.008503951509919446,0.03716494562871665,34,4,19,0.02271534159078811,paired_dataset_bootstrap_20000_seed41,selected_tree_fit_work,138.4234777091511
descriptive__D3_L1_Fall__T060__pair_k2_k3_q25_vs_k1,D3_L1_Fall__T060__pair_k2_k3_q25,D3_L1_Fall__T060__pure_k1,descriptive,57,0.024246871405828565,0.009756097560975618,0.010820823576554915,0.03936840366057188,35,4,18,0.025489360787572368,paired_dataset_bootstrap_20000_seed41,selected_tree_fit_work,308.02458688973707
descriptive__D3_L1_Fall__T060__pair_k2_k3_q50_vs_k1,D3_L1_Fall__T060__pair_k2_k3_q50,D3_L1_Fall__T060__pure_k1,descriptive,57,0.02528728930734198,0.012121212121212088,0.011700314475458676,0.040512609681436065,36,4,17,0.025517954058089348,paired_dataset_bootstrap_20000_seed41,selected_tree_fit_work,592.9376696524691
descriptive__D3_L1_Fall__T060__triple_85_10_05_vs_k1,D3_L1_Fall__T060__triple_85_10_05,D3_L1_Fall__T060__pure_k1,descriptive,57,0.015239528174623915,0.005755395683453179,0.006955682432763415,0.02466991785976645,35,9,13,0.015445678411409498,paired_dataset_bootstrap_20000_seed41,selected_tree_fit_work,61.458082483732696
descriptive__D3_L1_Fall__T100__pure_k2_vs_k1,D3_L1_Fall__T100__pure_k2,D3_L1_Fall__T100__pure_k1,descriptive,57,0.018996854628589445,0.0024590163934427034,0.005364704649685227,0.034321209544235454,30,6,21,0.02107135246725888,paired_dataset_bootstrap_20000_seed41,selected_tree_fit_work,24.82090987132564
descriptive__D3_L1_Fall__T100__pure_k3_vs_k1,D3_L1_Fall__T100__pure_k3,D3_L1_Fall__T100__pure_k1,descriptive,57,0.023381209833306625,0.00952380952380949,0.007262068458655363,0.04116233208852061,31,6,20,0.023874897918966128,paired_dataset_bootstrap_20000_seed41,selected_tree_fit_work,1184.8618230078887
descriptive__D3_L1_Fall__T100__pair_k1_k2_q05_vs_k1,D3_L1_Fall__T100__pair_k1_k2_q05,D3_L1_Fall__T100__pure_k1,descriptive,57,0.004090429603798354,0.0,0.00020585486983789081,0.008640509194370096,22,17,18,0.004130417322434071,paired_dataset_bootstrap_20000_seed41,selected_tree_fit_work,2.1933363432821427
descriptive__D3_L1_Fall__T100__pair_k1_k2_q25_vs_k1,D3_L1_Fall__T100__pair_k1_k2_q25,D3_L1_Fall__T100__pure_k1,descriptive,57,0.016954269584745208,0.0007500000000000284,0.006877831242701609,0.028867885405543182,29,13,15,0.017169951383738526,paired_dataset_bootstrap_20000_seed41,selected_tree_fit_work,6.954054753884712
descriptive__D3_L1_Fall__T100__pair_k1_k2_q50_vs_k1,D3_L1_Fall__T100__pair_k1_k2_q50,D3_L1_Fall__T100__pure_k1,descriptive,57,0.017740297826456128,0.0,0.005750716996876074,0.031836938690654876,28,10,19,0.018670510457722975,paired_dataset_bootstrap_20000_seed41,selected_tree_fit_work,12.911570072895078
descriptive__D3_L1_Fall__T100__pair_k1_k3_q05_vs_k1,D3_L1_Fall__T100__pair_k1_k3_q05,D3_L1_Fall__T100__pure_k1,descriptive,57,0.006527476247167583,0.0,0.00233195816928829,0.01127540789417991,23,18,16,0.007079408882568885,paired_dataset_bootstrap_20000_seed41,selected_tree_fit_work,60.41644891507253
descriptive__D3_L1_Fall__T100__pair_k1_k3_q25_vs_k1,D3_L1_Fall__T100__pair_k1_k3_q25,D3_L1_Fall__T100__pure_k1,descriptive,57,0.02174057243192573,0.006896551724137945,0.01084409585871602,0.03417215714160093,33,9,15,0.022221954964439353,paired_dataset_bootstrap_20000_seed41,selected_tree_fit_work,296.3113704756983
descriptive__D3_L1_Fall__T100__pair_k1_k3_q50_vs_k1,D3_L1_Fall__T100__pair_k1_k3_q50,D3_L1_Fall__T100__pure_k1,descriptive,57,0.02737357201713109,0.008000000000000007,0.013962511921967648,0.04259531755670705,34,6,17,0.02820364807601539,paired_dataset_bootstrap_20000_seed41,selected_tree_fit_work,592.2848011087075
descriptive__D3_L1_Fall__T100__pair_k2_k3_q05_vs_k1,D3_L1_Fall__T100__pair_k2_k3_q05,D3_L1_Fall__T100__pure_k1,descriptive,57,0.020380621788261537,0.006060606060605878,0.006715570434187564,0.03564951913411517,31,6,20,0.022925336477302365,paired_dataset_bootstrap_20000_seed41,selected_tree_fit_work,83.04402244311603
descriptive__D3_L1_Fall__T100__pair_k2_k3_q10_vs_k1,D3_L1_Fall__T100__pair_k2_k3_q10,D3_L1_Fall__T100__pure_k1,descriptive,57,0.02082431164218523,0.003973509933774877,0.00691962990839564,0.03645494189408645,29,7,21,0.02194995525811151,paired_dataset_bootstrap_20000_seed41,selected_tree_fit_work,140.95754039931515
descriptive__D3_L1_Fall__T100__pair_k2_k3_q25_vs_k1,D3_L1_Fall__T100__pair_k2_k3_q25,D3_L1_Fall__T100__pure_k1,descriptive,57,0.022509521916197026,0.0037037037037036535,0.008670332848062684,0.03794299008792417,32,4,21,0.023103805529920775,paired_dataset_bootstrap_20000_seed41,selected_tree_fit_work,314.17822559313925
descriptive__D3_L1_Fall__T100__pair_k2_k3_q50_vs_k1,D3_L1_Fall__T100__pair_k2_k3_q50,D3_L1_Fall__T100__pure_k1,descriptive,57,0.024694731923255483,0.006896551724137945,0.010448353287555962,0.040622651436098126,34,3,20,0.025929881855855885,paired_dataset_bootstrap_20000_seed41,selected_tree_fit_work,604.1941409071381
descriptive__D3_L1_Fall__T100__triple_85_10_05_vs_k1,D3_L1_Fall__T100__triple_85_10_05,D3_L1_Fall__T100__pure_k1,descriptive,57,0.013583631775854914,0.0,0.005164241425026828,0.02300059837604982,28,17,12,0.014947789485656594,paired_dataset_bootstrap_20000_seed41,selected_tree_fit_work,62.41081918058242
descriptive__D3_L1_Fall__T200__pure_k2_vs_k1,D3_L1_Fall__T200__pure_k2,D3_L1_Fall__T200__pure_k1,descriptive,57,0.01737066191593492,0.0,0.004351048212614642,0.0325049295249602,27,5,25,0.01880980513717862,paired_dataset_bootstrap_20000_seed41,selected_tree_fit_work,25.191330834255993
descriptive__D3_L1_Fall__T200__pure_k3_vs_k1,D3_L1_Fall__T200__pure_k3,D3_L1_Fall__T200__pure_k1,descriptive,57,0.02113115566794428,0.0026490066225166586,0.004895185676130644,0.039754436849761,29,3,25,0.021616343419093683,paired_dataset_bootstrap_20000_seed41,selected_tree_fit_work,1195.9377151422832
descriptive__D3_L1_Fall__T200__pair_k1_k2_q05_vs_k1,D3_L1_Fall__T200__pair_k1_k2_q05,D3_L1_Fall__T200__pure_k1,descriptive,57,0.004275161711902477,0.0,0.0006622806412994648,0.00842805725738339,17,26,14,0.004887272034963695,paired_dataset_bootstrap_20000_seed41,selected_tree_fit_work,2.212195111190118
descriptive__D3_L1_Fall__T200__pair_k1_k2_q10_vs_k1,D3_L1_Fall__T200__pair_k1_k2_q10,D3_L1_Fall__T200__pure_k1,descriptive,57,0.008252061438773604,0.0,0.002296351609183863,0.01514150525549477,19,22,16,0.008966746080942301,paired_dataset_bootstrap_20000_seed41,selected_tree_fit_work,3.4176170436745132
descriptive__D3_L1_Fall__T200__pair_k1_k2_q25_vs_k1,D3_L1_Fall__T200__pair_k1_k2_q25,D3_L1_Fall__T200__pure_k1,descriptive,57,0.0152846670665898,0.0,0.005830790723994784,0.026658836578944578,25,15,17,0.01650051550328818,paired_dataset_bootstrap_20000_seed41,selected_tree_fit_work,7.029612968054225
descriptive__D3_L1_Fall__T200__pair_k1_k2_q50_vs_k1,D3_L1_Fall__T200__pair_k1_k2_q50,D3_L1_Fall__T200__pure_k1,descriptive,57,0.016910909958294272,0.00127388535031836,0.005481208401633929,0.030500655735557172,29,7,21,0.018006519082548845,paired_dataset_bootstrap_20000_seed41,selected_tree_fit_work,13.08493016756844
descriptive__D3_L1_Fall__T200__pair_k1_k3_q05_vs_k1,D3_L1_Fall__T200__pair_k1_k3_q05,D3_L1_Fall__T200__pure_k1,descriptive,57,0.006140345439861418,0.0,0.0020656046179880123,0.010687706145395586,21,21,15,0.0068787647339289245,paired_dataset_bootstrap_20000_seed41,selected_tree_fit_work,61.005330837679075
descriptive__D3_L1_Fall__T200__pair_k1_k3_q10_vs_k1,D3_L1_Fall__T200__pair_k1_k3_q10,D3_L1_Fall__T200__pure_k1,descriptive,57,0.010296631956997104,0.0,0.0033218728474624423,0.018152169099434533,24,15,18,0.010777740864993838,paired_dataset_bootstrap_20000_seed41,selected_tree_fit_work,120.1180680714836
descriptive__D3_L1_Fall__T200__pair_k1_k3_q25_vs_k1,D3_L1_Fall__T200__pair_k1_k3_q25,D3_L1_Fall__T200__pure_k1,descriptive,57,0.021360650752467694,0.004918032786885185,0.010848709190600849,0.03351644352833093,35,7,15,0.022628418432255666,paired_dataset_bootstrap_20000_seed41,selected_tree_fit_work,298.47212516490436
descriptive__D3_L1_Fall__T200__pair_k1_k3_q50_vs_k1,D3_L1_Fall__T200__pair_k1_k3_q50,D3_L1_Fall__T200__pure_k1,descriptive,57,0.025547331168048262,0.006750000000000145,0.012618378728496533,0.0404297081280206,34,8,15,0.02700367669239944,paired_dataset_bootstrap_20000_seed41,selected_tree_fit_work,596.8570767472646
descriptive__D3_L1_Fall__T200__pair_k2_k3_q05_vs_k1,D3_L1_Fall__T200__pair_k2_k3_q05,D3_L1_Fall__T200__pure_k1,descriptive,57,0.01866721678772907,0.0,0.005441864267411391,0.0339652948632033,28,4,25,0.021173229759493806,paired_dataset_bootstrap_20000_seed41,selected_tree_fit_work,83.98446656074493
descriptive__D3_L1_Fall__T200__pair_k2_k3_q10_vs_k1,D3_L1_Fall__T200__pair_k2_k3_q10,D3_L1_Fall__T200__pure_k1,descriptive,57,0.018994989212295678,0.0,0.0054486465484664135,0.034673689126829194,27,5,25,0.021126490048120956,paired_dataset_bootstrap_20000_seed41,selected_tree_fit_work,141.89178186206502
descriptive__D3_L1_Fall__T200__pair_k2_k3_q25_vs_k1,D3_L1_Fall__T200__pair_k2_k3_q25,D3_L1_Fall__T200__pure_k1,descriptive,57,0.021056500898900873,0.0014388489208633226,0.007241034045831386,0.036921835348966196,30,6,21,0.022230176048588873,paired_dataset_bootstrap_20000_seed41,selected_tree_fit_work,316.63384303110615
descriptive__D3_L1_Fall__T200__pair_k2_k3_q50_vs_k1,D3_L1_Fall__T200__pair_k2_k3_q50,D3_L1_Fall__T200__pure_k1,descriptive,57,0.022232972828314698,0.0051948051948051965,0.007595015204500981,0.038848733653123524,30,4,23,0.023225026577453636,paired_dataset_bootstrap_20000_seed41,selected_tree_fit_work,608.9634774139522
descriptive__D3_L1_Fall__T200__triple_85_10_05_vs_k1,D3_L1_Fall__T200__triple_85_10_05,D3_L1_Fall__T200__pure_k1,descriptive,57,0.013882503608347946,0.0,0.006076500206879358,0.022750159336530858,25,20,12,0.01481422592867713,paired_dataset_bootstrap_20000_seed41,selected_tree_fit_work,62.92867845254463
descriptive__D3_L1_Fall__single_k2_vs_cart,D3_L1_Fall__single_k2,D3_L1_Fall__cart,descriptive,57,0.027690654618477265,0.0012500000000000844,0.006797963698983141,0.052208431653793054,29,3,25,0.03010863453083039,paired_dataset_bootstrap_20000_seed41,single_tree_fit_wall,27.429700659501254
descriptive__D3_L1_Fall__single_k3_vs_cart,D3_L1_Fall__single_k3,D3_L1_Fall__cart,descriptive,57,0.035405952379969,0.0040000000000000036,0.014479092257069032,0.0600841472936068,31,3,23,0.04059081629997668,paired_dataset_bootstrap_20000_seed41,single_tree_fit_wall,1637.4658343334506
descriptive__D3_L1_Fsqrt__T020__pure_k2_vs_k1,D3_L1_Fsqrt__T020__pure_k2,D3_L1_Fsqrt__T020__pure_k1,descriptive,57,0.02066643440670174,0.012800000000000034,0.008532607238299727,0.03395064220388309,38,5,14,0.027047175849897714,paired_dataset_bootstrap_20000_seed41,selected_tree_fit_work,38.59931977932666
descriptive__D3_L1_Fsqrt__T020__pure_k3_vs_k1,D3_L1_Fsqrt__T020__pure_k3,D3_L1_Fsqrt__T020__pure_k1,descriptive,57,0.0251832162539777,0.008000000000000007,0.010998255712874246,0.040454352509825646,35,4,18,0.03001941750641435,paired_dataset_bootstrap_20000_seed41,selected_tree_fit_work,1030.4029041880829
descriptive__D3_L1_Fsqrt__T020__pair_k1_k2_q05_vs_k1,D3_L1_Fsqrt__T020__pair_k1_k2_q05,D3_L1_Fsqrt__T020__pure_k1,descriptive,57,0.0026786121783373092,0.0,5.1688662272550376e-05,0.005690713289344221,16,22,19,0.002758127762671074,paired_dataset_bootstrap_20000_seed41,selected_tree_fit_work,2.955652154203093
descriptive__D3_L1_Fsqrt__T020__pair_k1_k2_q10_vs_k1,D3_L1_Fsqrt__T020__pair_k1_k2_q10,D3_L1_Fsqrt__T020__pure_k1,descriptive,57,0.005381372133622773,0.0,0.001219294007610197,0.009930265466856743,25,14,18,0.005734223566142646,paired_dataset_bootstrap_20000_seed41,selected_tree_fit_work,4.8400023056751875
descriptive__D3_L1_Fsqrt__T020__pair_k1_k2_q25_vs_k1,D3_L1_Fsqrt__T020__pair_k1_k2_q25,D3_L1_Fsqrt__T020__pure_k1,descriptive,57,0.010422771501378755,0.0,0.003456854801036333,0.018160977429847305,27,15,15,0.011810084409856637,paired_dataset_bootstrap_20000_seed41,selected_tree_fit_work,10.454214290890148
descriptive__D3_L1_Fsqrt__T020__pair_k1_k2_q50_vs_k1,D3_L1_Fsqrt__T020__pair_k1_k2_q50,D3_L1_Fsqrt__T020__pure_k1,descriptive,57,0.01557044212358357,0.006521739130434856,0.0051797062603529,0.02678578599599909,33,8,16,0.018346536903766524,paired_dataset_bootstrap_20000_seed41,selected_tree_fit_work,19.764000143163546
descriptive__D3_L1_Fsqrt__T020__pair_k1_k3_q05_vs_k1,D3_L1_Fsqrt__T020__pair_k1_k3_q05,D3_L1_Fsqrt__T020__pure_k1,descriptive,57,0.003965873098843291,0.0,0.00018872024392470237,0.008415145093897023,21,16,20,0.004258462165140517,paired_dataset_bootstrap_20000_seed41,selected_tree_fit_work,54.01909058508659
descriptive__D3_L1_Fsqrt__T020__pair_k1_k3_q10_vs_k1,D3_L1_Fsqrt__T020__pair_k1_k3_q10,D3_L1_Fsqrt__T020__pure_k1,descriptive,57,0.009348280000672437,0.00018518518518528815,0.0033620892579493567,0.01608327720992859,29,9,19,0.00995665040245679,paired_dataset_bootstrap_20000_seed41,selected_tree_fit_work,107.93928044750861
descriptive__D3_L1_Fsqrt__T020__pair_k1_k3_q25_vs_k1,D3_L1_Fsqrt__T020__pair_k1_k3_q25,D3_L1_Fsqrt__T020__pure_k1,descriptive,57,0.015215556921749468,0.004166666666666652,0.005527420098546231,0.026350672149373772,32,8,17,0.015816298698344836,paired_dataset_bootstrap_20000_seed41,selected_tree_fit_work,259.1538136907937
descriptive__D3_L1_Fsqrt__T020__pair_k1_k3_q50_vs_k1,D3_L1_Fsqrt__T020__pair_k1_k3_q50,D3_L1_Fsqrt__T020__pure_k1,descriptive,57,0.02215124814041277,0.007000000000000006,0.010063122892723486,0.03567850073245795,37,5,15,0.024818655695279166,paired_dataset_bootstrap_20000_seed41,selected_tree_fit_work,510.4411987009679
descriptive__D3_L1_Fsqrt__T020__pair_k2_k3_q05_vs_k1,D3_L1_Fsqrt__T020__pair_k2_k3_q05,D3_L1_Fsqrt__T020__pure_k1,descriptive,57,0.022816111852878927,0.012698412698412653,0.010902994297783875,0.03599913539700619,41,4,12,0.029733908145255266,paired_dataset_bootstrap_20000_seed41,selected_tree_fit_work,89.66275821021017
descriptive__D3_L1_Fsqrt__T020__pair_k2_k3_q10_vs_k1,D3_L1_Fsqrt__T020__pair_k2_k3_q10,D3_L1_Fsqrt__T020__pure_k1,descriptive,57,0.022184292867723127,0.012698412698412653,0.010105733873495401,0.035391506092721514,38,5,14,0.02889266213078431,paired_dataset_bootstrap_20000_seed41,selected_tree_fit_work,141.6985979211601
descriptive__D3_L1_Fsqrt__T020__pair_k2_k3_q25_vs_k1,D3_L1_Fsqrt__T020__pair_k2_k3_q25,D3_L1_Fsqrt__T020__pure_k1,descriptive,57,0.023518348148855128,0.013333333333333197,0.010812344676529658,0.03763183726477633,40,3,14,0.02937362102554092,paired_dataset_bootstrap_20000_seed41,selected_tree_fit_work,287.29891917923027
descriptive__D3_L1_Fsqrt__T020__pair_k2_k3_q50_vs_k1,D3_L1_Fsqrt__T020__pair_k2_k3_q50,D3_L1_Fsqrt__T020__pure_k1,descriptive,57,0.023086136449860708,0.007249999999999979,0.009881035230684924,0.037667420631113106,34,6,17,0.03016355048421168,paired_dataset_bootstrap_20000_seed41,selected_tree_fit_work,529.2765183371312
descriptive__D3_L1_Fsqrt__T020__triple_85_10_05_vs_k1,D3_L1_Fsqrt__T020__triple_85_10_05,D3_L1_Fsqrt__T020__pure_k1,descriptive,57,0.009473171155887522,0.0015432098765433278,0.0035195447836051043,0.016030235360157324,30,10,17,0.010623564196888053,paired_dataset_bootstrap_20000_seed41,selected_tree_fit_work,53.66730686656038
descriptive__D3_L1_Fsqrt__T040__pure_k2_vs_k1,D3_L1_Fsqrt__T040__pure_k2,D3_L1_Fsqrt__T040__pure_k1,descriptive,57,0.02385990372625872,0.006369426751592244,0.01247360909492978,0.03684919565169383,37,5,15,0.029479892440740663,paired_dataset_bootstrap_20000_seed41,selected_tree_fit_work,38.835564778643615
descriptive__D3_L1_Fsqrt__T040__pure_k3_vs_k1,D3_L1_Fsqrt__T040__pure_k3,D3_L1_Fsqrt__T040__pure_k1,descriptive,57,0.030309774188992875,0.00924999999999987,0.01701294775776131,0.04502500987132325,36,6,15,0.03629451651962031,paired_dataset_bootstrap_20000_seed41,selected_tree_fit_work,1034.2812775216653
descriptive__D3_L1_Fsqrt__T040__pair_k1_k2_q05_vs_k1,D3_L1_Fsqrt__T040__pair_k1_k2_q05,D3_L1_Fsqrt__T040__pure_k1,descriptive,57,0.0016805809517729774,0.0,-0.0005818473543724218,0.0040084926485562285,22,20,15,0.0028060591871751,paired_dataset_bootstrap_20000_seed41,selected_tree_fit_work,2.921771186779805
descriptive__D3_L1_Fsqrt__T040__pair_k1_k2_q10_vs_k1,D3_L1_Fsqrt__T040__pair_k1_k2_q10,D3_L1_Fsqrt__T040__pure_k1,descriptive,57,0.005524517718851096,0.0,0.002128761756856548,0.009311967688282694,26,15,16,0.007140549937884172,paired_dataset_bootstrap_20000_seed41,selected_tree_fit_work,4.839788586408921
descriptive__D3_L1_Fsqrt__T040__pair_k1_k2_q25_vs_k1,D3_L1_Fsqrt__T040__pair_k1_k2_q25,D3_L1_Fsqrt__T040__pure_k1,descriptive,57,0.01054321362349988,0.0024169184290028234,0.004139481562099887,0.01770453419821417,31,10,16,0.013262408900080137,paired_dataset_bootstrap_20000_seed41,selected_tree_fit_work,10.519575096959816
descriptive__D3_L1_Fsqrt__T040__pair_k1_k2_q50_vs_k1,D3_L1_Fsqrt__T040__pair_k1_k2_q50,D3_L1_Fsqrt__T040__pure_k1,descriptive,57,0.017300139353804717,0.0045000000000001705,0.008769068175686717,0.026978987770863393,34,10,13,0.020713664954693185,paired_dataset_bootstrap_20000_seed41,selected_tree_fit_work,19.888408346539638
descriptive__D3_L1_Fsqrt__T040__pair_k1_k3_q05_vs_k1,D3_L1_Fsqrt__T040__pair_k1_k3_q05,D3_L1_Fsqrt__T040__pure_k1,descriptive,57,0.005636204213423905,0.0,0.001748339085497674,0.010056248119301388,25,17,15,0.006661396785459337,paired_dataset_bootstrap_20000_seed41,selected_tree_fit_work,54.12107199403954
descriptive__D3_L1_Fsqrt__T040__pair_k1_k3_q10_vs_k1,D3_L1_Fsqrt__T040__pair_k1_k3_q10,D3_L1_Fsqrt__T040__pure_k1,descriptive,57,0.010585260460191407,0.0024169184290028234,0.004272577411964301,0.017705654090373245,31,11,15,0.01225581350095876,paired_dataset_bootstrap_20000_seed41,selected_tree_fit_work,106.68027768035017
descriptive__D3_L1_Fsqrt__T040__pair_k1_k3_q25_vs_k1,D3_L1_Fsqrt__T040__pair_k1_k3_q25,D3_L1_Fsqrt__T040__pure_k1,descriptive,57,0.017569852415124057,0.0045000000000001705,0.007843541429610914,0.028827928382395167,32,9,16,0.020359390653625315,paired_dataset_bootstrap_20000_seed41,selected_tree_fit_work,259.3277469459321
descriptive__D3_L1_Fsqrt__T040__pair_k1_k3_q50_vs_k1,D3_L1_Fsqrt__T040__pair_k1_k3_q50,D3_L1_Fsqrt__T040__pure_k1,descriptive,57,0.024971398921957124,0.00952380952380949,0.013304529720211622,0.038229226978952695,36,7,14,0.02889472314350164,paired_dataset_bootstrap_20000_seed41,selected_tree_fit_work,512.6751751317405
descriptive__D3_L1_Fsqrt__T040__pair_k2_k3_q05_vs_k1,D3_L1_Fsqrt__T040__pair_k2_k3_q05,D3_L1_Fsqrt__T040__pure_k1,descriptive,57,0.0250481739226767,0.008000000000000007,0.013288327335979698,0.038411536926212304,39,5,13,0.031474364819677574,paired_dataset_bootstrap_20000_seed41,selected_tree_fit_work,90.03486558590336
descriptive__D3_L1_Fsqrt__T040__pair_k2_k3_q10_vs_k1,D3_L1_Fsqrt__T040__pair_k2_k3_q10,D3_L1_Fsqrt__T040__pure_k1,descriptive,57,0.02533775037469635,0.008000000000000007,0.013282261511224074,0.03907308448572089,39,5,13,0.03152978020891518,paired_dataset_bootstrap_20000_seed41,selected_tree_fit_work,140.67605387258487
descriptive__D3_L1_Fsqrt__T040__pair_k2_k3_q25_vs_k1,D3_L1_Fsqrt__T040__pair_k2_k3_q25,D3_L1_Fsqrt__T040__pure_k1,descriptive,57,0.027148460842268782,0.011199999999999988,0.014860479291200095,0.040924904720835695,38,4,15,0.03294209413409439,paired_dataset_bootstrap_20000_seed41,selected_tree_fit_work,287.64373662761597
descriptive__D3_L1_Fsqrt__T040__pair_k2_k3_q50_vs_k1,D3_L1_Fsqrt__T040__pair_k2_k3_q50,D3_L1_Fsqrt__T040__pure_k1,descriptive,57,0.028492823739248642,0.008000000000000007,0.015430996389334659,0.04302547603099463,37,3,17,0.03573601587948647,paired_dataset_bootstrap_20000_seed41,selected_tree_fit_work,531.6223315638443
descriptive__D3_L1_Fsqrt__T040__triple_85_10_05_vs_k1,D3_L1_Fsqrt__T040__triple_85_10_05,D3_L1_Fsqrt__T040__pure_k1,descriptive,57,0.008410488758123448,0.0025974025974025983,0.003329183523260758,0.014058491142607358,32,11,14,0.010354216843897285,paired_dataset_bootstrap_20000_seed41,selected_tree_fit_work,55.18909122396696
descriptive__D3_L1_Fsqrt__T060__pure_k2_vs_k1,D3_L1_Fsqrt__T060__pure_k2,D3_L1_Fsqrt__T060__pure_k1,descriptive,57,0.025308307571475626,0.006060606060605878,0.013064437358352991,0.038969188422221024,35,7,15,0.030403385141071628,paired_dataset_bootstrap_20000_seed41,selected_tree_fit_work,38.74669813818796
descriptive__D3_L1_Fsqrt__T060__pure_k3_vs_k1,D3_L1_Fsqrt__T060__pure_k3,D3_L1_Fsqrt__T060__pure_k1,descriptive,57,0.030032543252754274,0.009375000000000022,0.016666082095231016,0.04470092678151566,37,7,13,0.036365877936889716,paired_dataset_bootstrap_20000_seed41,selected_tree_fit_work,1036.595725240947
descriptive__D3_L1_Fsqrt__T060__pair_k1_k2_q05_vs_k1,D3_L1_Fsqrt__T060__pair_k1_k2_q05,D3_L1_Fsqrt__T060__pure_k1,descriptive,57,0.001699544177891008,0.0,-0.0014558211079778696,0.004666118844468388,23,17,17,0.002072315072339012,paired_dataset_bootstrap_20000_seed41,selected_tree_fit_work,2.9112752594921
descriptive__D3_L1_Fsqrt__T060__pair_k1_k2_q10_vs_k1,D3_L1_Fsqrt__T060__pair_k1_k2_q10,D3_L1_Fsqrt__T060__pure_k1,descriptive,57,0.0034668993284006047,0.0,-0.0011644597891889094,0.008395791551604533,23,14,20,0.003894539112133142,paired_dataset_bootstrap_20000_seed41,selected_tree_fit_work,4.839153451358077
descriptive__D3_L1_Fsqrt__T060__pair_k1_k2_q25_vs_k1,D3_L1_Fsqrt__T060__pair_k1_k2_q25,D3_L1_Fsqrt__T060__pure_k1,descriptive,57,0.007134119279588238,0.0,-0.0001660624825735826,0.015242861082566653,25,15,17,0.00764893966457673,paired_dataset_bootstrap_20000_seed41,selected_tree_fit_work,10.533196969397949
descriptive__D3_L1_Fsqrt__T060__pair_k1_k2_q50_vs_k1,D3_L1_Fsqrt__T060__pair_k1_k2_q50,D3_L1_Fsqrt__T060__pure_k1,descriptive,57,0.017826809945282844,0.007407407407407418,0.00835225426087371,0.028576035022294676,37,8,12,0.02133294471067458,paired_dataset_bootstrap_20000_seed41,selected_tree_fit_work,19.896446919276542
descriptive__D3_L1_Fsqrt__T060__pair_k1_k3_q05_vs_k1,D3_L1_Fsqrt__T060__pair_k1_k3_q05,D3_L1_Fsqrt__T060__pure_k1,descriptive,57,0.0037662795644511768,0.0,-9.154003540921585e-06,0.00800822403955355,23,19,15,0.004107219095223706,paired_dataset_bootstrap_20000_seed41,selected_tree_fit_work,53.7427439430605
descriptive__D3_L1_Fsqrt__T060__pair_k1_k3_q10_vs_k1,D3_L1_Fsqrt__T060__pair_k1_k3_q10,D3_L1_Fsqrt__T060__pure_k1,descriptive,57,0.007515889835678083,0.0,0.0008116900214860997,0.015079447483356193,26,16,15,0.008204705777942052,paired_dataset_bootstrap_20000_seed41,selected_tree_fit_work,106.62948711906392
descriptive__D3_L1_Fsqrt__T060__pair_k1_k3_q25_vs_k1,D3_L1_Fsqrt__T060__pair_k1_k3_q25,D3_L1_Fsqrt__T060__pure_k1,descriptive,57,0.01320165724115059,0.0012500000000000844,0.003052471706739698,0.024835646171654416,30,11,16,0.015199690121725092,paired_dataset_bootstrap_20000_seed41,selected_tree_fit_work,261.2306937026843
descriptive__D3_L1_Fsqrt__T060__pair_k1_k3_q50_vs_k1,D3_L1_Fsqrt__T060__pair_k1_k3_q50,D3_L1_Fsqrt__T060__pure_k1,descriptive,57,0.020845775012432097,0.008000000000000007,0.00911163368398881,0.03413474307745326,38,8,11,0.02410319411411646,paired_dataset_bootstrap_20000_seed41,selected_tree_fit_work,517.4133361651349
descriptive__D3_L1_Fsqrt__T060__pair_k2_k3_q05_vs_k1,D3_L1_Fsqrt__T060__pair_k2_k3_q05,D3_L1_Fsqrt__T060__pure_k1,descriptive,57,0.02696267450641695,0.006060606060605878,0.014537559197952027,0.04082005014733395,36,7,14,0.031998474546219194,paired_dataset_bootstrap_20000_seed41,selected_tree_fit_work,89.57816682175635
descriptive__D3_L1_Fsqrt__T060__pair_k2_k3_q10_vs_k1,D3_L1_Fsqrt__T060__pair_k2_k3_q10,D3_L1_Fsqrt__T060__pure_k1,descriptive,57,0.026173702641482433,0.008000000000000007,0.013556094865757509,0.0401443325540002,36,5,16,0.03210469500496505,paired_dataset_bootstrap_20000_seed41,selected_tree_fit_work,140.5370318058938
descriptive__D3_L1_Fsqrt__T060__pair_k2_k3_q25_vs_k1,D3_L1_Fsqrt__T060__pair_k2_k3_q25,D3_L1_Fsqrt__T060__pure_k1,descriptive,57,0.026529729018445355,0.0071428571428571175,0.014467674606377927,0.040032105992224294,38,6,13,0.03239959385640949,paired_dataset_bootstrap_20000_seed41,selected_tree_fit_work,289.4441948714742
descriptive__D3_L1_Fsqrt__T060__pair_k2_k3_q50_vs_k1,D3_L1_Fsqrt__T060__pair_k2_k3_q50,D3_L1_Fsqrt__T060__pure_k1,descriptive,57,0.026908246770563155,0.009090909090909038,0.013970189443446253,0.041205414926249205,35,8,14,0.033977652616306656,paired_dataset_bootstrap_20000_seed41,selected_tree_fit_work,536.2635873840463
descriptive__D3_L1_Fsqrt__T060__triple_85_10_05_vs_k1,D3_L1_Fsqrt__T060__triple_85_10_05,D3_L1_Fsqrt__T060__pure_k1,descriptive,57,0.007759984240471774,0.0005555555555554204,0.0014136190222235063,0.014770118247293915,30,11,16,0.008274191263540046,paired_dataset_bootstrap_20000_seed41,selected_tree_fit_work,55.390232189575535
descriptive__D3_L1_Fsqrt__T100__pure_k2_vs_k1,D3_L1_Fsqrt__T100__pure_k2,D3_L1_Fsqrt__T100__pure_k1,descriptive,57,0.023771548554137396,0.006060606060605878,0.012201956190087834,0.036473959422634816,37,7,13,0.029109611847978473,paired_dataset_bootstrap_20000_seed41,selected_tree_fit_work,39.06125890306975
descriptive__D3_L1_Fsqrt__T100__pure_k3_vs_k1,D3_L1_Fsqrt__T100__pure_k3,D3_L1_Fsqrt__T100__pure_k1,descriptive,57,0.028534120862237954,0.008888888888888835,0.015754944602457202,0.04230105607880503,41,5,11,0.034676521378673955,paired_dataset_bootstrap_20000_seed41,selected_tree_fit_work,1046.149782419558
descriptive__D3_L1_Fsqrt__T100__pair_k1_k2_q05_vs_k1,D3_L1_Fsqrt__T100__pair_k1_k2_q05,D3_L1_Fsqrt__T100__pure_k1,descriptive,57,0.0031809902142244865,0.0,0.0013730314007070884,0.005076719446542142,27,21,9,0.003249267135076268,paired_dataset_bootstrap_20000_seed41,selected_tree_fit_work,2.9236864271690037
descriptive__D3_L1_Fsqrt__T100__pair_k1_k2_q25_vs_k1,D3_L1_Fsqrt__T100__pair_k1_k2_q25,D3_L1_Fsqrt__T100__pure_k1,descriptive,57,0.010526299874963336,0.0007407407407405975,0.003804866619558094,0.018207380575978354,29,16,12,0.010502612757117278,paired_dataset_bootstrap_20000_seed41,selected_tree_fit_work,10.54864039225365
descriptive__D3_L1_Fsqrt__T100__pair_k1_k2_q50_vs_k1,D3_L1_Fsqrt__T100__pair_k1_k2_q50,D3_L1_Fsqrt__T100__pure_k1,descriptive,57,0.017630771586124177,0.007407407407407418,0.008755006627729359,0.027870308092753253,39,12,6,0.020991235621988055,paired_dataset_bootstrap_20000_seed41,selected_tree_fit_work,19.994848796285286
descriptive__D3_L1_Fsqrt__T100__pair_k1_k3_q05_vs_k1,D3_L1_Fsqrt__T100__pair_k1_k3_q05,D3_L1_Fsqrt__T100__pure_k1,descriptive,57,0.005813763815888259,0.000500000000000056,0.0026686569059757486,0.009538839924941995,30,24,3,0.005770773732323115,paired_dataset_bootstrap_20000_seed41,selected_tree_fit_work,53.617208532594454
descriptive__D3_L1_Fsqrt__T100__pair_k1_k3_q25_vs_k1,D3_L1_Fsqrt__T100__pair_k1_k3_q25,D3_L1_Fsqrt__T100__pure_k1,descriptive,57,0.015258395152092156,0.0035000000000000586,0.0057530499854835885,0.026480036998601124,32,15,10,0.016569045913729145,paired_dataset_bootstrap_20000_seed41,selected_tree_fit_work,262.6451187452769
descriptive__D3_L1_Fsqrt__T100__pair_k1_k3_q50_vs_k1,D3_L1_Fsqrt__T100__pair_k1_k3_q50,D3_L1_Fsqrt__T100__pure_k1,descriptive,57,0.021265614060737133,0.007407407407407418,0.010381519353454964,0.03355481057803892,39,7,11,0.024513289858517646,paired_dataset_bootstrap_20000_seed41,selected_tree_fit_work,522.6025917548797
descriptive__D3_L1_Fsqrt__T100__pair_k2_k3_q05_vs_k1,D3_L1_Fsqrt__T100__pair_k2_k3_q05,D3_L1_Fsqrt__T100__pure_k1,descriptive,57,0.025122935678792063,0.0071428571428573395,0.013573880299901689,0.03778889844257746,37,7,13,0.03051382697407762,paired_dataset_bootstrap_20000_seed41,selected_tree_fit_work,89.75478100849519
descriptive__D3_L1_Fsqrt__T100__pair_k2_k3_q10_vs_k1,D3_L1_Fsqrt__T100__pair_k2_k3_q10,D3_L1_Fsqrt__T100__pure_k1,descriptive,57,0.026049266857720542,0.007250755287009136,0.014371124057385321,0.038936407499868445,37,8,12,0.03175846791288634,paired_dataset_bootstrap_20000_seed41,selected_tree_fit_work,140.9514179393165
descriptive__D3_L1_Fsqrt__T100__pair_k2_k3_q25_vs_k1,D3_L1_Fsqrt__T100__pair_k2_k3_q25,D3_L1_Fsqrt__T100__pure_k1,descriptive,57,0.024265973540252558,0.007407407407407418,0.012008957082807253,0.037614130878425724,38,6,13,0.029779481676435758,paired_dataset_bootstrap_20000_seed41,selected_tree_fit_work,291.15773725609296
descriptive__D3_L1_Fsqrt__T100__pair_k2_k3_q50_vs_k1,D3_L1_Fsqrt__T100__pair_k2_k3_q50,D3_L1_Fsqrt__T100__pure_k1,descriptive,57,0.026931263611043307,0.010389610389610393,0.01445464828460843,0.04040773365752569,40,4,13,0.03284820491469739,paired_dataset_bootstrap_20000_seed41,selected_tree_fit_work,541.6690018616641
descriptive__D3_L1_Fsqrt__T100__triple_85_10_05_vs_k1,D3_L1_Fsqrt__T100__triple_85_10_05,D3_L1_Fsqrt__T100__pure_k1,descriptive,57,0.008462057367985169,0.0015624999999999112,0.00270766486120346,0.015119219503057594,31,15,11,0.008336739425239681,paired_dataset_bootstrap_20000_seed41,selected_tree_fit_work,56.27804985376241
descriptive__D3_L1_Fsqrt__T200__pure_k2_vs_k1,D3_L1_Fsqrt__T200__pure_k2,D3_L1_Fsqrt__T200__pure_k1,descriptive,57,0.024639191109986306,0.007407407407407418,0.013479380943760697,0.03700832493992838,37,6,14,0.03035637675312495,paired_dataset_bootstrap_20000_seed41,selected_tree_fit_work,39.46866200113523
descriptive__D3_L1_Fsqrt__T200__pure_k3_vs_k1,D3_L1_Fsqrt__T200__pure_k3,D3_L1_Fsqrt__T200__pure_k1,descriptive,57,0.02958175451516202,0.012698412698412653,0.01683712223222913,0.043269099796127565,36,5,16,0.035107838263761584,paired_dataset_bootstrap_20000_seed41,selected_tree_fit_work,1050.203279292914
descriptive__D3_L1_Fsqrt__T200__pair_k1_k2_q05_vs_k1,D3_L1_Fsqrt__T200__pair_k1_k2_q05,D3_L1_Fsqrt__T200__pure_k1,descriptive,57,0.002404391520232243,0.0,0.0002979885121479302,0.004851608099625177,20,25,12,0.002176364384873348,paired_dataset_bootstrap_20000_seed41,selected_tree_fit_work,2.940807846636546
descriptive__D3_L1_Fsqrt__T200__pair_k1_k2_q10_vs_k1,D3_L1_Fsqrt__T200__pair_k1_k2_q10,D3_L1_Fsqrt__T200__pure_k1,descriptive,57,0.0032924385159949854,0.0,-0.00016872501160789956,0.007124803736318919,21,19,17,0.0032650854351916154,paired_dataset_bootstrap_20000_seed41,selected_tree_fit_work,4.856149000127989
descriptive__D3_L1_Fsqrt__T200__pair_k1_k2_q25_vs_k1,D3_L1_Fsqrt__T200__pair_k1_k2_q25,D3_L1_Fsqrt__T200__pure_k1,descriptive,57,0.011101153470499558,0.0,0.004421106397837128,0.018831224798407743,28,15,14,0.01173033354848867,paired_dataset_bootstrap_20000_seed41,selected_tree_fit_work,10.634540171380722
descriptive__D3_L1_Fsqrt__T200__pair_k1_k2_q50_vs_k1,D3_L1_Fsqrt__T200__pair_k1_k2_q50,D3_L1_Fsqrt__T200__pure_k1,descriptive,57,0.017770471672163064,0.0048000000000000265,0.0088254008518402,0.028066822134910973,35,10,12,0.020371939160856466,paired_dataset_bootstrap_20000_seed41,selected_tree_fit_work,20.21096634600833
descriptive__D3_L1_Fsqrt__T200__pair_k1_k3_q05_vs_k1,D3_L1_Fsqrt__T200__pair_k1_k3_q05,D3_L1_Fsqrt__T200__pure_k1,descriptive,57,0.005927870972783767,0.0,0.0023080533558216716,0.010243248116391974,26,22,9,0.005681921523873496,paired_dataset_bootstrap_20000_seed41,selected_tree_fit_work,53.823524410086286
descriptive__D3_L1_Fsqrt__T200__pair_k1_k3_q10_vs_k1,D3_L1_Fsqrt__T200__pair_k1_k3_q10,D3_L1_Fsqrt__T200__pure_k1,descriptive,57,0.010005404016014024,0.0016393442622951726,0.004087098883671667,0.01728334030446318,31,17,9,0.010333609597556491,paired_dataset_bootstrap_20000_seed41,selected_tree_fit_work,105.99011779102968
descriptive__D3_L1_Fsqrt__T200__pair_k1_k3_q25_vs_k1,D3_L1_Fsqrt__T200__pair_k1_k3_q25,D3_L1_Fsqrt__T200__pure_k1,descriptive,57,0.01630872828015473,0.0024999999999999467,0.007004057209621748,0.027437937234480472,33,14,10,0.017672643281427744,paired_dataset_bootstrap_20000_seed41,selected_tree_fit_work,262.6311960695301
descriptive__D3_L1_Fsqrt__T200__pair_k1_k3_q50_vs_k1,D3_L1_Fsqrt__T200__pair_k1_k3_q50,D3_L1_Fsqrt__T200__pure_k1,descriptive,57,0.022003501677407653,0.007407407407407418,0.011622881447393818,0.03395206405347975,40,6,11,0.026764564227210717,paired_dataset_bootstrap_20000_seed41,selected_tree_fit_work,523.3647751879047
descriptive__D3_L1_Fsqrt__T200__pair_k2_k3_q05_vs_k1,D3_L1_Fsqrt__T200__pair_k2_k3_q05,D3_L1_Fsqrt__T200__pure_k1,descriptive,57,0.02472230677874136,0.008888888888888946,0.013372176144379161,0.037354145085857764,37,5,15,0.030405384649592034,paired_dataset_bootstrap_20000_seed41,selected_tree_fit_work,90.35137856458499
descriptive__D3_L1_Fsqrt__T200__pair_k2_k3_q10_vs_k1,D3_L1_Fsqrt__T200__pair_k2_k3_q10,D3_L1_Fsqrt__T200__pure_k1,descriptive,57,0.025078897581315193,0.012698412698412653,0.013723989038124423,0.037560188018043145,38,4,15,0.030773207900988926,paired_dataset_bootstrap_20000_seed41,selected_tree_fit_work,140.6026307920369
descriptive__D3_L1_Fsqrt__T200__pair_k2_k3_q25_vs_k1,D3_L1_Fsqrt__T200__pair_k2_k3_q25,D3_L1_Fsqrt__T200__pure_k1,descriptive,57,0.024982365139250208,0.01538461538461533,0.013519250218684426,0.03778483832697646,38,3,16,0.030273754616830666,paired_dataset_bootstrap_20000_seed41,selected_tree_fit_work,291.4653178992846
descriptive__D3_L1_Fsqrt__T200__pair_k2_k3_q50_vs_k1,D3_L1_Fsqrt__T200__pair_k2_k3_q50,D3_L1_Fsqrt__T200__pure_k1,descriptive,57,0.026237954443925574,0.008888888888888946,0.014166202706192519,0.039296047772076834,37,7,13,0.03253727748488819,paired_dataset_bootstrap_20000_seed41,selected_tree_fit_work,542.6224708430315
descriptive__D3_L1_Fsqrt__T200__triple_85_10_05_vs_k1,D3_L1_Fsqrt__T200__triple_85_10_05,D3_L1_Fsqrt__T200__pure_k1,descriptive,57,0.007809342744288545,0.0,0.002055834162779173,0.01461692866217842,24,18,15,0.008058769130576845,paired_dataset_bootstrap_20000_seed41,selected_tree_fit_work,56.205664637919256
descriptive__D3_L1_Fsqrt__single_k2_vs_cart,D3_L1_Fsqrt__single_k2,D3_L1_Fsqrt__cart,descriptive,57,0.035099140671303986,0.024999999999999994,0.02141289791897179,0.04910746713734335,38,3,16,0.04529580218760781,paired_dataset_bootstrap_20000_seed41,single_tree_fit_wall,35.84191495683431
descriptive__D3_L1_Fsqrt__single_k3_vs_cart,D3_L1_Fsqrt__single_k3,D3_L1_Fsqrt__cart,descriptive,57,0.042419229843604474,0.01799999999999996,0.026721011328060807,0.05907952359302929,39,1,17,0.05333970298103676,paired_dataset_bootstrap_20000_seed41,single_tree_fit_wall,1411.3237044508116
descriptive__D6_L1_Fall__T020__pure_k2_vs_k1,D6_L1_Fall__T020__pure_k2,D6_L1_Fall__T020__pure_k1,descriptive,57,-0.0064894821664981455,-0.007643312101910826,-0.02784999841836796,0.015747634752549568,23,0,34,-0.012199895386344297,paired_dataset_bootstrap_20000_seed41,selected_tree_fit_work,46.58943783058725
descriptive__D6_L1_Fall__T020__pure_k3_vs_k1,D6_L1_Fall__T020__pure_k3,D6_L1_Fall__T020__pure_k1,descriptive,57,-0.00816650338456815,-0.0078125,-0.03623358866707035,0.02356092052491981,20,2,35,-0.010353609628419871,paired_dataset_bootstrap_20000_seed41,selected_tree_fit_work,2476.8048778987
descriptive__D6_L1_Fall__T020__pair_k1_k2_q05_vs_k1,D6_L1_Fall__T020__pair_k1_k2_q05,D6_L1_Fall__T020__pure_k1,descriptive,57,0.0026221425360169574,0.0,0.0005136736014745117,0.004731448116140669,28,22,7,0.0025132012245408734,paired_dataset_bootstrap_20000_seed41,selected_tree_fit_work,3.3685115845184423
descriptive__D6_L1_Fall__T020__pair_k1_k2_q10_vs_k1,D6_L1_Fall__T020__pair_k1_k2_q10,D6_L1_Fall__T020__pure_k1,descriptive,57,0.005493688263806464,0.0,0.0015248765627202349,0.010712606932688697,28,17,12,0.004959191793825548,paired_dataset_bootstrap_20000_seed41,selected_tree_fit_work,5.659966494159586
descriptive__D6_L1_Fall__T020__pair_k1_k2_q25_vs_k1,D6_L1_Fall__T020__pair_k1_k2_q25,D6_L1_Fall__T020__pure_k1,descriptive,57,0.005061569018847052,0.0,-0.0018592095213477327,0.012935979989508765,24,13,20,0.0034827431077710247,paired_dataset_bootstrap_20000_seed41,selected_tree_fit_work,12.417275867295771
descriptive__D6_L1_Fall__T020__pair_k1_k2_q50_vs_k1,D6_L1_Fall__T020__pair_k1_k2_q50,D6_L1_Fall__T020__pure_k1,descriptive,57,0.005929453018011536,0.0,-0.006224761551401422,0.01843760201295346,28,5,24,0.003589323822764538,paired_dataset_bootstrap_20000_seed41,selected_tree_fit_work,23.88588993943732
descriptive__D6_L1_Fall__T020__pair_k1_k3_q05_vs_k1,D6_L1_Fall__T020__pair_k1_k3_q05,D6_L1_Fall__T020__pure_k1,descriptive,57,0.002013708788172424,0.00030864197530877657,-0.0008402465423605734,0.004972961945722024,29,15,13,0.0019739529022443692,paired_dataset_bootstrap_20000_seed41,selected_tree_fit_work,124.11017940041509
descriptive__D6_L1_Fall__T020__pair_k1_k3_q10_vs_k1,D6_L1_Fall__T020__pair_k1_k3_q10,D6_L1_Fall__T020__pure_k1,descriptive,57,0.0060398643964994355,0.0,0.0007658507195794082,0.012921309616169172,26,16,15,0.005840230193667988,paired_dataset_bootstrap_20000_seed41,selected_tree_fit_work,248.18605375229404
descriptive__D6_L1_Fall__T020__pair_k1_k3_q25_vs_k1,D6_L1_Fall__T020__pair_k1_k3_q25,D6_L1_Fall__T020__pure_k1,descriptive,57,0.008174608298380947,0.0,-0.0020407540510527507,0.019466521905841003,27,9,21,0.007200362037349401,paired_dataset_bootstrap_20000_seed41,selected_tree_fit_work,621.0545575036898
descriptive__D6_L1_Fall__T020__pair_k1_k3_q50_vs_k1,D6_L1_Fall__T020__pair_k1_k3_q50,D6_L1_Fall__T020__pure_k1,descriptive,57,0.009184065990181463,0.0,-0.009127374291248306,0.030377997429898145,25,5,27,0.00804857433688747,paired_dataset_bootstrap_20000_seed41,selected_tree_fit_work,1237.770427937268
descriptive__D6_L1_Fall__T020__pair_k2_k3_q05_vs_k1,D6_L1_Fall__T020__pair_k2_k3_q05,D6_L1_Fall__T020__pure_k1,descriptive,57,-0.007097559083745382,-0.008633093525179825,-0.02919654327638813,0.01575896348342933,22,1,34,-0.01210517403255907,paired_dataset_bootstrap_20000_seed41,selected_tree_fit_work,167.3311056464839
descriptive__D6_L1_Fall__T020__pair_k2_k3_q10_vs_k1,D6_L1_Fall__T020__pair_k2_k3_q10,D6_L1_Fall__T020__pure_k1,descriptive,57,-0.007299825932416129,-0.007250755287009025,-0.029976600408243997,0.0167087398086245,20,2,35,-0.012439942134733891,paired_dataset_bootstrap_20000_seed41,selected_tree_fit_work,289.1155250887218
descriptive__D6_L1_Fall__T020__pair_k2_k3_q25_vs_k1,D6_L1_Fall__T020__pair_k2_k3_q25,D6_L1_Fall__T020__pure_k1,descriptive,57,-0.00456904151671449,-0.008633093525179825,-0.02828348026968159,0.020648700670563763,19,2,36,-0.00965216223946286,paired_dataset_bootstrap_20000_seed41,selected_tree_fit_work,655.2267194669813
descriptive__D6_L1_Fall__T020__pair_k2_k3_q50_vs_k1,D6_L1_Fall__T020__pair_k2_k3_q50,D6_L1_Fall__T020__pure_k1,descriptive,57,-0.0038686644588381766,-0.008888888888888946,-0.02883079964498661,0.023895269263039653,19,3,35,-0.007075516784575913,paired_dataset_bootstrap_20000_seed41,selected_tree_fit_work,1260.473975828418
descriptive__D6_L1_Fall__T020__triple_85_10_05_vs_k1,D6_L1_Fall__T020__triple_85_10_05,D6_L1_Fall__T020__pure_k1,descriptive,57,0.006778658072069476,0.0015624999999999112,0.001282439403875913,0.013412059837367686,31,12,14,0.006180483913082189,paired_dataset_bootstrap_20000_seed41,selected_tree_fit_work,132.0439541062093
descriptive__D6_L1_Fall__T040__pure_k2_vs_k1,D6_L1_Fall__T040__pure_k2,D6_L1_Fall__T040__pure_k1,descriptive,57,-0.006971826544369789,-0.007407407407407418,-0.026645232856170972,0.013957246547241543,21,3,33,-0.010922347720858136,paired_dataset_bootstrap_20000_seed41,selected_tree_fit_work,46.66478040190272
descriptive__D6_L1_Fall__T040__pure_k3_vs_k1,D6_L1_Fall__T040__pure_k3,D6_L1_Fall__T040__pure_k1,descriptive,57,-0.007589527424019558,-0.014999999999999986,-0.03483948088717342,0.023716836825559664,19,4,34,-0.01053637172119362,paired_dataset_bootstrap_20000_seed41,selected_tree_fit_work,2488.983974707938
descriptive__D6_L1_Fall__T040__pair_k1_k2_q05_vs_k1,D6_L1_Fall__T040__pair_k1_k2_q05,D6_L1_Fall__T040__pure_k1,descriptive,57,0.0018212304523071276,0.0,-0.0007559352875116476,0.004670454281621117,21,23,13,0.0016837664370352762,paired_dataset_bootstrap_20000_seed41,selected_tree_fit_work,3.330502590986439
descriptive__D6_L1_Fall__T040__pair_k1_k2_q10_vs_k1,D6_L1_Fall__T040__pair_k1_k2_q10,D6_L1_Fall__T040__pure_k1,descriptive,57,0.0033751719467161544,0.0,-2.761246193283553e-05,0.007287556803471201,24,18,15,0.003006520262274376,paired_dataset_bootstrap_20000_seed41,selected_tree_fit_work,5.613139603501787
descriptive__D6_L1_Fall__T040__pair_k1_k2_q25_vs_k1,D6_L1_Fall__T040__pair_k1_k2_q25,D6_L1_Fall__T040__pure_k1,descriptive,57,0.006020667689048834,0.0,-0.001139616776881763,0.014316955039624856,23,15,19,0.004333809126452065,paired_dataset_bootstrap_20000_seed41,selected_tree_fit_work,12.380327517845876
descriptive__D6_L1_Fall__T040__pair_k1_k2_q50_vs_k1,D6_L1_Fall__T040__pair_k1_k2_q50,D6_L1_Fall__T040__pure_k1,descriptive,57,0.006939748374792578,0.0,-0.003091679511252846,0.01836364433341649,22,8,27,0.005390494640120593,paired_dataset_bootstrap_20000_seed41,selected_tree_fit_work,23.8411175832366
descriptive__D6_L1_Fall__T040__pair_k1_k3_q05_vs_k1,D6_L1_Fall__T040__pair_k1_k3_q05,D6_L1_Fall__T040__pure_k1,descriptive,57,0.0026286839198145276,0.0,-0.0004874571630050771,0.006222472424046607,26,19,12,0.00268554750834418,paired_dataset_bootstrap_20000_seed41,selected_tree_fit_work,125.98197326407148
descriptive__D6_L1_Fall__T040__pair_k1_k3_q10_vs_k1,D6_L1_Fall__T040__pair_k1_k3_q10,D6_L1_Fall__T040__pure_k1,descriptive,57,0.005507932212430328,0.0,0.000961184733298388,0.010908394794662872,27,18,12,0.005409632377715349,paired_dataset_bootstrap_20000_seed41,selected_tree_fit_work,249.6695233347126
descriptive__D6_L1_Fall__T040__pair_k1_k3_q25_vs_k1,D6_L1_Fall__T040__pair_k1_k3_q25,D6_L1_Fall__T040__pure_k1,descriptive,57,0.011429671300225807,0.0,0.0013139617520784431,0.024302964358777178,27,10,20,0.010050265160473689,paired_dataset_bootstrap_20000_seed41,selected_tree_fit_work,621.1004529965952
descriptive__D6_L1_Fall__T040__pair_k1_k3_q50_vs_k1,D6_L1_Fall__T040__pair_k1_k3_q50,D6_L1_Fall__T040__pure_k1,descriptive,57,0.014464324893235141,0.0,-0.0022673334068833923,0.03591810622102697,22,9,26,0.0131915835269392,paired_dataset_bootstrap_20000_seed41,selected_tree_fit_work,1243.6921916944855
descriptive__D6_L1_Fall__T040__pair_k2_k3_q05_vs_k1,D6_L1_Fall__T040__pair_k2_k3_q05,D6_L1_Fall__T040__pure_k1,descriptive,57,-0.006317432275761697,-0.007407407407407418,-0.026229135576683722,0.01495135472555235,21,3,33,-0.010106204192558997,paired_dataset_bootstrap_20000_seed41,selected_tree_fit_work,169.31625107498775
descriptive__D6_L1_Fall__T040__pair_k2_k3_q10_vs_k1,D6_L1_Fall__T040__pair_k2_k3_q10,D6_L1_Fall__T040__pure_k1,descriptive,57,-0.0048653472547186,-0.007317073170731825,-0.025419813437656747,0.01742851342760549,21,3,33,-0.008090515700070437,paired_dataset_bootstrap_20000_seed41,selected_tree_fit_work,290.72116413311346
descriptive__D6_L1_Fall__T040__pair_k2_k3_q25_vs_k1,D6_L1_Fall__T040__pair_k2_k3_q25,D6_L1_Fall__T040__pure_k1,descriptive,57,-0.0033179637281306406,-0.006250000000000089,-0.025304248797141216,0.02083140447966592,21,4,32,-0.0069661344119418996,paired_dataset_bootstrap_20000_seed41,selected_tree_fit_work,655.384905880652
descriptive__D6_L1_Fall__T040__pair_k2_k3_q50_vs_k1,D6_L1_Fall__T040__pair_k2_k3_q50,D6_L1_Fall__T040__pure_k1,descriptive,57,-0.005516898115813586,-0.010191082802547768,-0.029839918122998414,0.021668428831525144,19,3,35,-0.009433501350754332,paired_dataset_bootstrap_20000_seed41,selected_tree_fit_work,1266.515854513152
descriptive__D6_L1_Fall__T040__triple_85_10_05_vs_k1,D6_L1_Fall__T040__triple_85_10_05,D6_L1_Fall__T040__pure_k1,descriptive,57,0.007229306371932788,0.0,0.0026388294871183627,0.0128228977508076,28,17,12,0.00637050123540371,paired_dataset_bootstrap_20000_seed41,selected_tree_fit_work,130.10243838260538
descriptive__D6_L1_Fall__T060__pure_k2_vs_k1,D6_L1_Fall__T060__pure_k2,D6_L1_Fall__T060__pure_k1,descriptive,57,-0.006409203987863395,-0.008000000000000007,-0.027688663890559916,0.016190573730441363,21,5,31,-0.009211750135096642,paired_dataset_bootstrap_20000_seed41,selected_tree_fit_work,46.768467365846845
descriptive__D6_L1_Fall__T060__pure_k3_vs_k1,D6_L1_Fall__T060__pure_k3,D6_L1_Fall__T060__pure_k1,descriptive,57,-0.009525210954698845,-0.012195121951219634,-0.03736444670774728,0.021921841369458205,21,3,33,-0.01135724543012977,paired_dataset_bootstrap_20000_seed41,selected_tree_fit_work,2497.2764129012508
descriptive__D6_L1_Fall__T060__pair_k1_k2_q05_vs_k1,D6_L1_Fall__T060__pair_k1_k2_q05,D6_L1_Fall__T060__pure_k1,descriptive,57,0.0019755289330844286,0.0,-0.0009103547784791551,0.0046301223638659334,27,18,12,0.0013088387084879032,paired_dataset_bootstrap_20000_seed41,selected_tree_fit_work,3.3199600033603955
descriptive__D6_L1_Fall__T060__pair_k1_k2_q10_vs_k1,D6_L1_Fall__T060__pair_k1_k2_q10,D6_L1_Fall__T060__pure_k1,descriptive,57,0.00395090749497453,0.0,-0.0006837737024658286,0.009088973183131129,27,16,14,0.0030381907595673227,paired_dataset_bootstrap_20000_seed41,selected_tree_fit_work,5.609973143924754
descriptive__D6_L1_Fall__T060__pair_k1_k2_q25_vs_k1,D6_L1_Fall__T060__pair_k1_k2_q25,D6_L1_Fall__T060__pure_k1,descriptive,57,0.006322694381668407,0.0,-0.00028255020364145175,0.013657362492043216,26,12,19,0.0045617277486910135,paired_dataset_bootstrap_20000_seed41,selected_tree_fit_work,12.431837578945549
descriptive__D6_L1_Fall__T060__pair_k1_k2_q50_vs_k1,D6_L1_Fall__T060__pair_k1_k2_q50,D6_L1_Fall__T060__pure_k1,descriptive,57,0.006490313389424705,0.0,-0.004186230864405193,0.018289127990570694,27,7,23,0.005075004593036326,paired_dataset_bootstrap_20000_seed41,selected_tree_fit_work,23.90363879055862
descriptive__D6_L1_Fall__T060__pair_k1_k3_q05_vs_k1,D6_L1_Fall__T060__pair_k1_k3_q05,D6_L1_Fall__T060__pure_k1,descriptive,57,0.0019450979127987307,0.0,-0.001420839917328742,0.0055256945996041635,27,15,15,0.0012732660689927999,paired_dataset_bootstrap_20000_seed41,selected_tree_fit_work,126.55340804286008
descriptive__D6_L1_Fall__T060__pair_k1_k3_q10_vs_k1,D6_L1_Fall__T060__pair_k1_k3_q10,D6_L1_Fall__T060__pure_k1,descriptive,57,0.0047037247165922615,0.0007500000000000284,-0.000836477842705006,0.011548625166121766,30,14,13,0.004143655860795622,paired_dataset_bootstrap_20000_seed41,selected_tree_fit_work,251.18157813435553
descriptive__D6_L1_Fall__T060__pair_k1_k3_q25_vs_k1,D6_L1_Fall__T060__pair_k1_k3_q25,D6_L1_Fall__T060__pure_k1,descriptive,57,0.010753859019556994,0.0,0.00014774318265010854,0.02382928076232417,27,11,19,0.009879713115799302,paired_dataset_bootstrap_20000_seed41,selected_tree_fit_work,625.9988357219877
descriptive__D6_L1_Fall__T060__pair_k1_k3_q50_vs_k1,D6_L1_Fall__T060__pair_k1_k3_q50,D6_L1_Fall__T060__pure_k1,descriptive,57,0.014496178133523245,0.0,-0.003454815396023024,0.03742656445710373,26,6,25,0.013301979093647862,paired_dataset_bootstrap_20000_seed41,selected_tree_fit_work,1249.8372664384237
descriptive__D6_L1_Fall__T060__pair_k2_k3_q05_vs_k1,D6_L1_Fall__T060__pair_k2_k3_q05,D6_L1_Fall__T060__pure_k1,descriptive,57,-0.005118448694314672,-0.00303030303030305,-0.0268099955834161,0.01815866532155864,22,3,32,-0.008022487959782264,paired_dataset_bootstrap_20000_seed41,selected_tree_fit_work,170.0019154053465
descriptive__D6_L1_Fall__T060__pair_k2_k3_q10_vs_k1,D6_L1_Fall__T060__pair_k2_k3_q10,D6_L1_Fall__T060__pure_k1,descriptive,57,-0.006107668196486411,-0.0029850746268658135,-0.0284039250903419,0.017601207063648608,20,4,33,-0.009620410718413708,paired_dataset_bootstrap_20000_seed41,selected_tree_fit_work,292.3400723562776
descriptive__D6_L1_Fall__T060__pair_k2_k3_q25_vs_k1,D6_L1_Fall__T060__pair_k2_k3_q25,D6_L1_Fall__T060__pure_k1,descriptive,57,-0.005048122812326696,-0.0031250000000000444,-0.029113541005933198,0.020996169330109577,20,5,32,-0.00917845049717989,paired_dataset_bootstrap_20000_seed41,selected_tree_fit_work,660.3354655088889
descriptive__D6_L1_Fall__T060__pair_k2_k3_q50_vs_k1,D6_L1_Fall__T060__pair_k2_k3_q50,D6_L1_Fall__T060__pure_k1,descriptive,57,-0.00563145565945978,-0.008000000000000007,-0.032002564821403595,0.023584404500312316,19,3,35,-0.009069957026379371,paired_dataset_bootstrap_20000_seed41,selected_tree_fit_work,1272.7020950137119
descriptive__D6_L1_Fall__T060__triple_85_10_05_vs_k1,D6_L1_Fall__T060__triple_85_10_05,D6_L1_Fall__T060__pure_k1,descriptive,57,0.005905236143275751,0.00024999999999997247,0.0002748278997912328,0.012047811936027138,29,13,15,0.004714948176411055,paired_dataset_bootstrap_20000_seed41,selected_tree_fit_work,131.1031838883124
descriptive__D6_L1_Fall__T100__pure_k2_vs_k1,D6_L1_Fall__T100__pure_k2,D6_L1_Fall__T100__pure_k1,descriptive,57,-0.005841840179596159,-0.004687499999999956,-0.027472031280281715,0.018310156101297614,17,6,34,-0.00968437718533057,paired_dataset_bootstrap_20000_seed41,selected_tree_fit_work,46.931643998067386
descriptive__D6_L1_Fall__T100__pure_k3_vs_k1,D6_L1_Fall__T100__pure_k3,D6_L1_Fall__T100__pure_k1,descriptive,57,-0.010904087864617211,-0.014012738853503182,-0.038152944675306555,0.020380223817059975,17,4,36,-0.013173994562628496,paired_dataset_bootstrap_20000_seed41,selected_tree_fit_work,2514.3705783487408
descriptive__D6_L1_Fall__T100__pair_k1_k2_q05_vs_k1,D6_L1_Fall__T100__pair_k1_k2_q05,D6_L1_Fall__T100__pure_k1,descriptive,57,0.0027043474812982345,0.0,0.0003614906421449601,0.005193419359358038,26,19,12,0.002726295526530098,paired_dataset_bootstrap_20000_seed41,selected_tree_fit_work,3.3079922047087282
descriptive__D6_L1_Fall__T100__pair_k1_k2_q10_vs_k1,D6_L1_Fall__T100__pair_k1_k2_q10,D6_L1_Fall__T100__pure_k1,descriptive,57,0.0026944536358234944,0.0,-0.0006492161797354414,0.006409261512182129,22,18,17,0.0024061673838552265,paired_dataset_bootstrap_20000_seed41,selected_tree_fit_work,5.602752533817296
descriptive__D6_L1_Fall__T100__pair_k1_k2_q25_vs_k1,D6_L1_Fall__T100__pair_k1_k2_q25,D6_L1_Fall__T100__pure_k1,descriptive,57,0.00658465548526473,0.0,-7.008322212991997e-05,0.01447141440575931,26,10,21,0.005044441174114427,paired_dataset_bootstrap_20000_seed41,selected_tree_fit_work,12.459150662395206
descriptive__D6_L1_Fall__T100__pair_k1_k2_q50_vs_k1,D6_L1_Fall__T100__pair_k1_k2_q50,D6_L1_Fall__T100__pure_k1,descriptive,57,0.00845230670615987,0.0,-0.002066265642312354,0.021349764550755004,23,8,26,0.006233455500237553,paired_dataset_bootstrap_20000_seed41,selected_tree_fit_work,23.969162309025467
descriptive__D6_L1_Fall__T100__pair_k1_k3_q05_vs_k1,D6_L1_Fall__T100__pair_k1_k3_q05,D6_L1_Fall__T100__pure_k1,descriptive,57,0.0035902423174252115,0.0,0.0002820478684716687,0.0075364351820143725,22,25,10,0.003756704431378158,paired_dataset_bootstrap_20000_seed41,selected_tree_fit_work,127.16475759029524
descriptive__D6_L1_Fall__T100__pair_k1_k3_q10_vs_k1,D6_L1_Fall__T100__pair_k1_k3_q10,D6_L1_Fall__T100__pure_k1,descriptive,57,0.0058073908689154925,0.0,0.0006232558028794123,0.012486224231941607,22,24,11,0.00521986320875404,paired_dataset_bootstrap_20000_seed41,selected_tree_fit_work,252.55846194461307
descriptive__D6_L1_Fall__T100__pair_k1_k3_q25_vs_k1,D6_L1_Fall__T100__pair_k1_k3_q25,D6_L1_Fall__T100__pure_k1,descriptive,57,0.013955640996400915,0.0,0.0027956287105142213,0.028660843329134995,28,9,20,0.012669143101845817,paired_dataset_bootstrap_20000_seed41,selected_tree_fit_work,630.5317416013805
descriptive__D6_L1_Fall__T100__pair_k1_k3_q50_vs_k1,D6_L1_Fall__T100__pair_k1_k3_q50,D6_L1_Fall__T100__pure_k1,descriptive,57,0.014149201953892177,-0.0022500000000000853,-0.004518215638941195,0.03910767644578083,23,4,30,0.012331465535725951,paired_dataset_bootstrap_20000_seed41,selected_tree_fit_work,1258.5461398339357
descriptive__D6_L1_Fall__T100__pair_k2_k3_q05_vs_k1,D6_L1_Fall__T100__pair_k2_k3_q05,D6_L1_Fall__T100__pure_k1,descriptive,57,-0.0070402352057153455,-0.004687499999999956,-0.029566816823294692,0.01816142130646324,17,6,34,-0.011232949807434712,paired_dataset_bootstrap_20000_seed41,selected_tree_fit_work,170.78840938365386
descriptive__D6_L1_Fall__T100__pair_k2_k3_q10_vs_k1,D6_L1_Fall__T100__pair_k2_k3_q10,D6_L1_Fall__T100__pure_k1,descriptive,57,-0.006043753620920809,-0.006060606060606211,-0.028424438423076556,0.019235833834988936,17,6,34,-0.009510269839007917,paired_dataset_bootstrap_20000_seed41,selected_tree_fit_work,293.8873534088632
descriptive__D6_L1_Fall__T100__pair_k2_k3_q25_vs_k1,D6_L1_Fall__T100__pair_k2_k3_q25,D6_L1_Fall__T100__pure_k1,descriptive,57,-0.004981453263261666,-0.007194244604316502,-0.02877634809467172,0.022244305529107347,18,5,34,-0.00900670072429973,paired_dataset_bootstrap_20000_seed41,selected_tree_fit_work,665.0042349370527
descriptive__D6_L1_Fall__T100__pair_k2_k3_q50_vs_k1,D6_L1_Fall__T100__pair_k2_k3_q50,D6_L1_Fall__T100__pure_k1,descriptive,57,-0.005526807973942901,-0.007643312101910937,-0.031869347392036035,0.024148943212558106,17,2,38,-0.008763649556985324,paired_dataset_bootstrap_20000_seed41,selected_tree_fit_work,1281.5086215229778
descriptive__D6_L1_Fall__T100__triple_85_10_05_vs_k1,D6_L1_Fall__T100__triple_85_10_05,D6_L1_Fall__T100__pure_k1,descriptive,57,0.005447477937127398,0.0,4.297301425651713e-05,0.011944997306360733,23,13,21,0.004401434913738796,paired_dataset_bootstrap_20000_seed41,selected_tree_fit_work,131.53382158264552
descriptive__D6_L1_Fall__T200__pure_k2_vs_k1,D6_L1_Fall__T200__pure_k2,D6_L1_Fall__T200__pure_k1,descriptive,57,-0.004266723057907466,-0.007194244604316502,-0.02673624415047333,0.020497225923890482,19,4,34,-0.009549357277905143,paired_dataset_bootstrap_20000_seed41,selected_tree_fit_work,47.18357782397909
descriptive__D6_L1_Fall__T200__pure_k3_vs_k1,D6_L1_Fall__T200__pure_k3,D6_L1_Fall__T200__pure_k1,descriptive,57,-0.009759382366824457,-0.013333333333333308,-0.03645678453308622,0.02135283265578199,16,5,36,-0.012374165853537525,paired_dataset_bootstrap_20000_seed41,selected_tree_fit_work,2566.7138459516304
descriptive__D6_L1_Fall__T200__pair_k1_k2_q05_vs_k1,D6_L1_Fall__T200__pair_k1_k2_q05,D6_L1_Fall__T200__pure_k1,descriptive,57,0.002675718110379992,0.0,0.0006810824701769636,0.005018391270090046,18,29,10,0.0026056152757859066,paired_dataset_bootstrap_20000_seed41,selected_tree_fit_work,3.315627016831791
descriptive__D6_L1_Fall__T200__pair_k1_k2_q10_vs_k1,D6_L1_Fall__T200__pair_k1_k2_q10,D6_L1_Fall__T200__pure_k1,descriptive,57,0.003157250582377648,0.0,-0.00030166000019710284,0.007118043000732539,18,22,17,0.002521317255592432,paired_dataset_bootstrap_20000_seed41,selected_tree_fit_work,5.616138799161585
descriptive__D6_L1_Fall__T200__pair_k1_k2_q25_vs_k1,D6_L1_Fall__T200__pair_k1_k2_q25,D6_L1_Fall__T200__pure_k1,descriptive,57,0.007063866853293102,0.0,0.00022404793862875526,0.015549341940802727,22,13,22,0.00494623987348265,paired_dataset_bootstrap_20000_seed41,selected_tree_fit_work,12.53327337133739
descriptive__D6_L1_Fall__T200__pair_k1_k2_q50_vs_k1,D6_L1_Fall__T200__pair_k1_k2_q50,D6_L1_Fall__T200__pure_k1,descriptive,57,0.008985320687401162,0.0,-0.0022845677718712413,0.023005545246431128,25,11,21,0.006648705565209575,paired_dataset_bootstrap_20000_seed41,selected_tree_fit_work,24.096531002584797
descriptive__D6_L1_Fall__T200__pair_k1_k3_q05_vs_k1,D6_L1_Fall__T200__pair_k1_k3_q05,D6_L1_Fall__T200__pure_k1,descriptive,57,0.003948847194426189,0.0,0.0011572126247192463,0.00740965771798573,18,29,10,0.0039468641116628235,paired_dataset_bootstrap_20000_seed41,selected_tree_fit_work,129.84630769230947
descriptive__D6_L1_Fall__T200__pair_k1_k3_q10_vs_k1,D6_L1_Fall__T200__pair_k1_k3_q10,D6_L1_Fall__T200__pure_k1,descriptive,57,0.006348735781767321,0.0,0.0008873296933948845,0.013357558544049975,19,23,15,0.00564276165082674,paired_dataset_bootstrap_20000_seed41,selected_tree_fit_work,256.6514737314792
descriptive__D6_L1_Fall__T200__pair_k1_k3_q25_vs_k1,D6_L1_Fall__T200__pair_k1_k3_q25,D6_L1_Fall__T200__pure_k1,descriptive,57,0.014417828554001526,0.0,0.002248857190826198,0.030951054091468734,25,11,21,0.0122501098901137,paired_dataset_bootstrap_20000_seed41,selected_tree_fit_work,640.8391993329701
descriptive__D6_L1_Fall__T200__pair_k1_k3_q50_vs_k1,D6_L1_Fall__T200__pair_k1_k3_q50,D6_L1_Fall__T200__pure_k1,descriptive,57,0.013814470824090675,-0.0015000000000000568,-0.005483462791781305,0.03929578829042657,23,5,29,0.011220070387460998,paired_dataset_bootstrap_20000_seed41,selected_tree_fit_work,1281.5759276061112
descriptive__D6_L1_Fall__T200__pair_k2_k3_q05_vs_k1,D6_L1_Fall__T200__pair_k2_k3_q05,D6_L1_Fall__T200__pure_k1,descriptive,57,-0.003799281967963324,-0.007407407407407418,-0.026062307868872772,0.02147991894223689,18,5,34,-0.00895549535312799,paired_dataset_bootstrap_20000_seed41,selected_tree_fit_work,173.71425849945675
descriptive__D6_L1_Fall__T200__pair_k2_k3_q10_vs_k1,D6_L1_Fall__T200__pair_k2_k3_q10,D6_L1_Fall__T200__pure_k1,descriptive,57,-0.0038656454663104586,-0.007407407407407418,-0.02669120304557779,0.022473923146987023,19,4,34,-0.009052908039872408,paired_dataset_bootstrap_20000_seed41,selected_tree_fit_work,298.21891275629673
descriptive__D6_L1_Fall__T200__pair_k2_k3_q25_vs_k1,D6_L1_Fall__T200__pair_k2_k3_q25,D6_L1_Fall__T200__pure_k1,descriptive,57,-0.003647504557751401,-0.008000000000000007,-0.027815611939136547,0.024497271222514414,18,4,35,-0.008776621946308202,paired_dataset_bootstrap_20000_seed41,selected_tree_fit_work,675.4895037856119
descriptive__D6_L1_Fall__T200__pair_k2_k3_q50_vs_k1,D6_L1_Fall__T200__pair_k2_k3_q50,D6_L1_Fall__T200__pure_k1,descriptive,57,-0.0041961352647594576,-0.008633093525179936,-0.02949936484058162,0.025590970810020004,18,4,35,-0.008633752333092225,paired_dataset_bootstrap_20000_seed41,selected_tree_fit_work,1304.6629744275053
descriptive__D6_L1_Fall__T200__triple_85_10_05_vs_k1,D6_L1_Fall__T200__triple_85_10_05,D6_L1_Fall__T200__pure_k1,descriptive,57,0.006819891143573842,0.0,0.001407585695527925,0.013659432160693782,23,18,16,0.005834480719864932,paired_dataset_bootstrap_20000_seed41,selected_tree_fit_work,133.53498302641566
descriptive__D6_L1_Fall__single_k2_vs_cart,D6_L1_Fall__single_k2,D6_L1_Fall__cart,descriptive,57,0.0038921788239895555,-0.0048000000000000265,-0.018991930593761912,0.029851344765733288,21,5,31,0.0030248795320389128,paired_dataset_bootstrap_20000_seed41,single_tree_fit_wall,50.4415047101573
descriptive__D6_L1_Fall__single_k3_vs_cart,D6_L1_Fall__single_k3,D6_L1_Fall__cart,descriptive,57,0.005887576364086457,-0.012698412698412653,-0.019153134097384023,0.0352515336484622,18,4,35,0.0062032268580527366,paired_dataset_bootstrap_20000_seed41,single_tree_fit_wall,3343.51673762148
descriptive__D6_L1_Fsqrt__T020__pure_k2_vs_k1,D6_L1_Fsqrt__T020__pure_k2,D6_L1_Fsqrt__T020__pure_k1,descriptive,57,0.016131101972458553,0.005917159763313418,0.00587290059570824,0.027421021893032728,34,4,19,0.015234209751904338,paired_dataset_bootstrap_20000_seed41,selected_tree_fit_work,93.91028586532944
descriptive__D6_L1_Fsqrt__T020__pure_k3_vs_k1,D6_L1_Fsqrt__T020__pure_k3,D6_L1_Fsqrt__T020__pure_k1,descriptive,57,0.02081424069857732,0.004878048780487809,0.0069816179383854265,0.036214878450659974,33,4,20,0.018182433372296636,paired_dataset_bootstrap_20000_seed41,selected_tree_fit_work,2459.3877161821415
descriptive__D6_L1_Fsqrt__T020__pair_k1_k2_q05_vs_k1,D6_L1_Fsqrt__T020__pair_k1_k2_q05,D6_L1_Fsqrt__T020__pure_k1,descriptive,57,0.0030044663437702843,0.0,-0.0010810996594804742,0.007283095978168866,25,13,19,0.0026787935222145464,paired_dataset_bootstrap_20000_seed41,selected_tree_fit_work,5.654954278483477
descriptive__D6_L1_Fsqrt__T020__pair_k1_k2_q10_vs_k1,D6_L1_Fsqrt__T020__pair_k1_k2_q10,D6_L1_Fsqrt__T020__pure_k1,descriptive,57,0.005190748152171452,0.0,0.0011297818292861784,0.009643047031861507,26,9,22,0.0050462401170816105,paired_dataset_bootstrap_20000_seed41,selected_tree_fit_work,10.30238674140312
descriptive__D6_L1_Fsqrt__T020__pair_k1_k2_q25_vs_k1,D6_L1_Fsqrt__T020__pair_k1_k2_q25,D6_L1_Fsqrt__T020__pure_k1,descriptive,57,0.009990481493626427,0.0,0.003413136579110315,0.017157697319554868,28,14,15,0.010306175773617489,paired_dataset_bootstrap_20000_seed41,selected_tree_fit_work,24.16909108989869
descriptive__D6_L1_Fsqrt__T020__pair_k1_k2_q50_vs_k1,D6_L1_Fsqrt__T020__pair_k1_k2_q50,D6_L1_Fsqrt__T020__pure_k1,descriptive,57,0.01080734282576421,0.0,0.0029797695595384136,0.01989647620815296,28,11,18,0.010505298961659647,paired_dataset_bootstrap_20000_seed41,selected_tree_fit_work,47.322296752478294
descriptive__D6_L1_Fsqrt__T020__pair_k1_k3_q05_vs_k1,D6_L1_Fsqrt__T020__pair_k1_k3_q05,D6_L1_Fsqrt__T020__pure_k1,descriptive,57,0.0033875965024164146,0.0,0.00015866931324010314,0.006813427213050971,26,10,21,0.0024393208338963205,paired_dataset_bootstrap_20000_seed41,selected_tree_fit_work,125.57734651594279
descriptive__D6_L1_Fsqrt__T020__pair_k1_k3_q10_vs_k1,D6_L1_Fsqrt__T020__pair_k1_k3_q10,D6_L1_Fsqrt__T020__pure_k1,descriptive,57,0.007084185353984228,0.0,0.002052431990438394,0.012623955646068843,26,9,22,0.006238091338476075,paired_dataset_bootstrap_20000_seed41,selected_tree_fit_work,253.3833566592566
descriptive__D6_L1_Fsqrt__T020__pair_k1_k3_q25_vs_k1,D6_L1_Fsqrt__T020__pair_k1_k3_q25,D6_L1_Fsqrt__T020__pure_k1,descriptive,57,0.011314657252222537,0.001913580246913571,0.0033224985345356246,0.020302276692526322,30,8,19,0.011544591955703233,paired_dataset_bootstrap_20000_seed41,selected_tree_fit_work,619.1227989709977
descriptive__D6_L1_Fsqrt__T020__pair_k1_k3_q50_vs_k1,D6_L1_Fsqrt__T020__pair_k1_k3_q50,D6_L1_Fsqrt__T020__pure_k1,descriptive,57,0.018057630054926464,0.005555555555555536,0.0074762865474850716,0.02978826551643154,34,6,17,0.01723905012799766,paired_dataset_bootstrap_20000_seed41,selected_tree_fit_work,1237.6472506702064
descriptive__D6_L1_Fsqrt__T020__pair_k2_k3_q05_vs_k1,D6_L1_Fsqrt__T020__pair_k2_k3_q05,D6_L1_Fsqrt__T020__pure_k1,descriptive,57,0.014547047947056229,0.0016000000000000458,0.0037290216440346757,0.026422607043511192,32,5,20,0.013170119963052824,paired_dataset_bootstrap_20000_seed41,selected_tree_fit_work,213.83267810278878
descriptive__D6_L1_Fsqrt__T020__pair_k2_k3_q10_vs_k1,D6_L1_Fsqrt__T020__pair_k2_k3_q10,D6_L1_Fsqrt__T020__pure_k1,descriptive,57,0.01499101672766073,0.003278688524590123,0.0043649363477704295,0.026578776626944436,32,8,17,0.01321509329844458,paired_dataset_bootstrap_20000_seed41,selected_tree_fit_work,336.99125578318296
descriptive__D6_L1_Fsqrt__T020__pair_k2_k3_q25_vs_k1,D6_L1_Fsqrt__T020__pair_k2_k3_q25,D6_L1_Fsqrt__T020__pure_k1,descriptive,57,0.016998786477756128,0.0044444444444444176,0.005956198966292415,0.028969559939871523,33,6,18,0.016037596370483208,paired_dataset_bootstrap_20000_seed41,selected_tree_fit_work,688.8639937464284
descriptive__D6_L1_Fsqrt__T020__pair_k2_k3_q50_vs_k1,D6_L1_Fsqrt__T020__pair_k2_k3_q50,D6_L1_Fsqrt__T020__pure_k1,descriptive,57,0.017849876688288673,0.003278688524590123,0.005703718744163065,0.031086957904352248,33,5,19,0.01594025443067489,paired_dataset_bootstrap_20000_seed41,selected_tree_fit_work,1284.2352397830575
descriptive__D6_L1_Fsqrt__T020__triple_85_10_05_vs_k1,D6_L1_Fsqrt__T020__triple_85_10_05,D6_L1_Fsqrt__T020__pure_k1,descriptive,57,0.0075418914784056304,0.0011834319526625725,0.002378005782490378,0.013376098179717645,30,8,19,0.008431259879165617,paired_dataset_bootstrap_20000_seed41,selected_tree_fit_work,132.97035255990133
descriptive__D6_L1_Fsqrt__T040__pure_k2_vs_k1,D6_L1_Fsqrt__T040__pure_k2,D6_L1_Fsqrt__T040__pure_k1,descriptive,57,0.017044886904116343,0.0004999999999999449,0.006902964280571878,0.028047892916851107,29,9,19,0.018347106397282018,paired_dataset_bootstrap_20000_seed41,selected_tree_fit_work,95.59900309548983
descriptive__D6_L1_Fsqrt__T040__pure_k3_vs_k1,D6_L1_Fsqrt__T040__pure_k3,D6_L1_Fsqrt__T040__pure_k1,descriptive,57,0.021741689732101353,0.00275000000000003,0.007092669620333172,0.03792264797215049,32,5,20,0.02052016976156012,paired_dataset_bootstrap_20000_seed41,selected_tree_fit_work,2484.212485960892
descriptive__D6_L1_Fsqrt__T040__pair_k1_k2_q05_vs_k1,D6_L1_Fsqrt__T040__pair_k1_k2_q05,D6_L1_Fsqrt__T040__pure_k1,descriptive,57,0.0030219017169264297,0.0,8.494183040746668e-05,0.006037670085816401,25,16,16,0.003218159162391047,paired_dataset_bootstrap_20000_seed41,selected_tree_fit_work,5.70442456983009
descriptive__D6_L1_Fsqrt__T040__pair_k1_k2_q10_vs_k1,D6_L1_Fsqrt__T040__pair_k1_k2_q10,D6_L1_Fsqrt__T040__pure_k1,descriptive,57,0.003861097014163805,0.0,-0.00013534596461540227,0.008047869324537785,23,18,16,0.004114108622791511,paired_dataset_bootstrap_20000_seed41,selected_tree_fit_work,10.337541837915975
descriptive__D6_L1_Fsqrt__T040__pair_k1_k2_q25_vs_k1,D6_L1_Fsqrt__T040__pair_k1_k2_q25,D6_L1_Fsqrt__T040__pure_k1,descriptive,57,0.010761620567991176,0.0009999999999999731,0.0047083847475213,0.01769199101655177,30,14,13,0.01123766621480992,paired_dataset_bootstrap_20000_seed41,selected_tree_fit_work,24.31988545532168
descriptive__D6_L1_Fsqrt__T040__pair_k1_k2_q50_vs_k1,D6_L1_Fsqrt__T040__pair_k1_k2_q50,D6_L1_Fsqrt__T040__pure_k1,descriptive,57,0.014900079140294157,0.003030303030303161,0.007407611715032777,0.023341565996192727,33,12,12,0.016864207334065604,paired_dataset_bootstrap_20000_seed41,selected_tree_fit_work,48.178512698427184
descriptive__D6_L1_Fsqrt__T040__pair_k1_k3_q05_vs_k1,D6_L1_Fsqrt__T040__pair_k1_k3_q05,D6_L1_Fsqrt__T040__pure_k1,descriptive,57,0.0028868070573700283,0.0,-0.0003330831122540862,0.0064280853880000835,21,16,20,0.0025203150725308767,paired_dataset_bootstrap_20000_seed41,selected_tree_fit_work,126.44504735707835
descriptive__D6_L1_Fsqrt__T040__pair_k1_k3_q10_vs_k1,D6_L1_Fsqrt__T040__pair_k1_k3_q10,D6_L1_Fsqrt__T040__pure_k1,descriptive,57,0.006934521246349006,0.0,0.002117616673584103,0.012378454197914921,25,9,23,0.007057417332301389,paired_dataset_bootstrap_20000_seed41,selected_tree_fit_work,252.92214699141078
descriptive__D6_L1_Fsqrt__T040__pair_k1_k3_q25_vs_k1,D6_L1_Fsqrt__T040__pair_k1_k3_q25,D6_L1_Fsqrt__T040__pure_k1,descriptive,57,0.012109414533023785,0.0,0.004734430011870334,0.02061781491478634,27,13,17,0.012437080055875018,paired_dataset_bootstrap_20000_seed41,selected_tree_fit_work,618.6245840266338
descriptive__D6_L1_Fsqrt__T040__pair_k1_k3_q50_vs_k1,D6_L1_Fsqrt__T040__pair_k1_k3_q50,D6_L1_Fsqrt__T040__pure_k1,descriptive,57,0.019011112540341876,0.0050925925925925375,0.009307005626342693,0.029876380721615144,35,10,12,0.020169662578363615,paired_dataset_bootstrap_20000_seed41,selected_tree_fit_work,1241.8715574082432
descriptive__D6_L1_Fsqrt__T040__pair_k2_k3_q05_vs_k1,D6_L1_Fsqrt__T040__pair_k2_k3_q05,D6_L1_Fsqrt__T040__pure_k1,descriptive,57,0.017060134406698506,0.0,0.006736376422388838,0.02820159641007741,28,11,18,0.017898554601781663,paired_dataset_bootstrap_20000_seed41,selected_tree_fit_work,216.33962588273812
descriptive__D6_L1_Fsqrt__T040__pair_k2_k3_q10_vs_k1,D6_L1_Fsqrt__T040__pair_k2_k3_q10,D6_L1_Fsqrt__T040__pure_k1,descriptive,57,0.017133871682606217,0.0016393442622950616,0.006542070180183585,0.02855494050725681,29,10,18,0.01756322824075053,paired_dataset_bootstrap_20000_seed41,selected_tree_fit_work,338.1836082489846
descriptive__D6_L1_Fsqrt__T040__pair_k2_k3_q25_vs_k1,D6_L1_Fsqrt__T040__pair_k2_k3_q25,D6_L1_Fsqrt__T040__pure_k1,descriptive,57,0.016719686119374407,0.0004629629629629983,0.005943433032377406,0.0283464619634431,29,10,18,0.017212819645641402,paired_dataset_bootstrap_20000_seed41,selected_tree_fit_work,689.9037016668021
descriptive__D6_L1_Fsqrt__T040__pair_k2_k3_q50_vs_k1,D6_L1_Fsqrt__T040__pair_k2_k3_q50,D6_L1_Fsqrt__T040__pure_k1,descriptive,57,0.019136964591095863,0.0021739130434783593,0.007214385678064071,0.0321759642798864,30,11,16,0.020038849304287065,paired_dataset_bootstrap_20000_seed41,selected_tree_fit_work,1289.2920478053063
descriptive__D6_L1_Fsqrt__T040__triple_85_10_05_vs_k1,D6_L1_Fsqrt__T040__triple_85_10_05,D6_L1_Fsqrt__T040__pure_k1,descriptive,57,0.008519175772285581,0.0,0.0036467258197811466,0.014109221396276574,27,19,11,0.0089068979291661,paired_dataset_bootstrap_20000_seed41,selected_tree_fit_work,132.9580478140374
descriptive__D6_L1_Fsqrt__T060__pure_k2_vs_k1,D6_L1_Fsqrt__T060__pure_k2,D6_L1_Fsqrt__T060__pure_k1,descriptive,57,0.015381431769314282,0.0020000000000000018,0.004568414521934623,0.02662357213937661,30,9,18,0.016382957937337433,paired_dataset_bootstrap_20000_seed41,selected_tree_fit_work,94.71167676397293
descriptive__D6_L1_Fsqrt__T060__pure_k3_vs_k1,D6_L1_Fsqrt__T060__pure_k3,D6_L1_Fsqrt__T060__pure_k1,descriptive,57,0.018513049898875606,0.0,0.0034917058420617787,0.034996327456604887,28,6,23,0.01918380444029295,paired_dataset_bootstrap_20000_seed41,selected_tree_fit_work,2483.939139315379
descriptive__D6_L1_Fsqrt__T060__pair_k1_k2_q05_vs_k1,D6_L1_Fsqrt__T060__pair_k1_k2_q05,D6_L1_Fsqrt__T060__pure_k1,descriptive,57,0.0037701333549883176,0.0,0.001350903553477829,0.0065996104927197,25,21,11,0.0041096973358673485,paired_dataset_bootstrap_20000_seed41,selected_tree_fit_work,5.66701337908189
descriptive__D6_L1_Fsqrt__T060__pair_k1_k2_q10_vs_k1,D6_L1_Fsqrt__T060__pair_k1_k2_q10,D6_L1_Fsqrt__T060__pure_k1,descriptive,57,0.005581665201717831,0.0,0.001567623723119523,0.010024659212677004,28,15,14,0.006328948469652438,paired_dataset_bootstrap_20000_seed41,selected_tree_fit_work,10.327013332205528
descriptive__D6_L1_Fsqrt__T060__pair_k1_k2_q25_vs_k1,D6_L1_Fsqrt__T060__pair_k1_k2_q25,D6_L1_Fsqrt__T060__pure_k1,descriptive,57,0.00827303049901064,0.0009999999999999731,0.0017646190371544822,0.015572458653766445,29,14,14,0.008616795867778393,paired_dataset_bootstrap_20000_seed41,selected_tree_fit_work,24.26039071876052
descriptive__D6_L1_Fsqrt__T060__pair_k1_k2_q50_vs_k1,D6_L1_Fsqrt__T060__pair_k1_k2_q50,D6_L1_Fsqrt__T060__pure_k1,descriptive,57,0.013361510364046992,0.004749999999999921,0.005136078410504601,0.022360269301457635,32,11,14,0.014866596137035561,paired_dataset_bootstrap_20000_seed41,selected_tree_fit_work,47.8291029093549
descriptive__D6_L1_Fsqrt__T060__pair_k1_k3_q05_vs_k1,D6_L1_Fsqrt__T060__pair_k1_k3_q05,D6_L1_Fsqrt__T060__pure_k1,descriptive,57,0.005279326733285771,0.0,0.002168106953602953,0.008787056801383001,28,18,11,0.0051013814643668335,paired_dataset_bootstrap_20000_seed41,selected_tree_fit_work,126.66019577581037
descriptive__D6_L1_Fsqrt__T060__pair_k1_k3_q10_vs_k1,D6_L1_Fsqrt__T060__pair_k1_k3_q10,D6_L1_Fsqrt__T060__pure_k1,descriptive,57,0.00831729371866213,0.0004999999999999449,0.003235542886080628,0.014038644149822614,29,18,10,0.00873263194191201,paired_dataset_bootstrap_20000_seed41,selected_tree_fit_work,253.13891122932853
descriptive__D6_L1_Fsqrt__T060__pair_k1_k3_q25_vs_k1,D6_L1_Fsqrt__T060__pair_k1_k3_q25,D6_L1_Fsqrt__T060__pure_k1,descriptive,57,0.014013848370770588,0.0023809523809523725,0.0062245439705187235,0.022837820662926223,30,13,14,0.014796892103412302,paired_dataset_bootstrap_20000_seed41,selected_tree_fit_work,623.2300718543927
descriptive__D6_L1_Fsqrt__T060__pair_k1_k3_q50_vs_k1,D6_L1_Fsqrt__T060__pair_k1_k3_q50,D6_L1_Fsqrt__T060__pure_k1,descriptive,57,0.01841108535155253,0.0052631578947367474,0.00806465321088479,0.029599388961369537,35,6,16,0.01999987878346952,paired_dataset_bootstrap_20000_seed41,selected_tree_fit_work,1248.9642790350435
descriptive__D6_L1_Fsqrt__T060__pair_k2_k3_q05_vs_k1,D6_L1_Fsqrt__T060__pair_k2_k3_q05,D6_L1_Fsqrt__T060__pure_k1,descriptive,57,0.0155871422290293,0.0029999999999998916,0.004843974817934269,0.026726299117914812,31,9,17,0.01646116681595681,paired_dataset_bootstrap_20000_seed41,selected_tree_fit_work,215.70485916070143
descriptive__D6_L1_Fsqrt__T060__pair_k2_k3_q10_vs_k1,D6_L1_Fsqrt__T060__pair_k2_k3_q10,D6_L1_Fsqrt__T060__pure_k1,descriptive,57,0.015603304381085797,0.003030303030302939,0.004961800019527398,0.02683725170975332,30,9,18,0.016436227534682338,paired_dataset_bootstrap_20000_seed41,selected_tree_fit_work,337.52357466109595
descriptive__D6_L1_Fsqrt__T060__pair_k2_k3_q25_vs_k1,D6_L1_Fsqrt__T060__pair_k2_k3_q25,D6_L1_Fsqrt__T060__pure_k1,descriptive,57,0.016458487398913257,0.0009999999999999731,0.0050468940486206775,0.028330358794841665,29,10,18,0.017581338084248218,paired_dataset_bootstrap_20000_seed41,selected_tree_fit_work,693.6813578996049
descriptive__D6_L1_Fsqrt__T060__pair_k2_k3_q50_vs_k1,D6_L1_Fsqrt__T060__pair_k2_k3_q50,D6_L1_Fsqrt__T060__pure_k1,descriptive,57,0.017223389969384714,0.0004629629629629983,0.004982226766173513,0.030317396633207226,29,4,24,0.018451955584757825,paired_dataset_bootstrap_20000_seed41,selected_tree_fit_work,1295.8468528896612
descriptive__D6_L1_Fsqrt__T060__triple_85_10_05_vs_k1,D6_L1_Fsqrt__T060__triple_85_10_05,D6_L1_Fsqrt__T060__pure_k1,descriptive,57,0.007835918593695783,0.0,0.002565225393738535,0.013837886514440192,28,17,12,0.008888981286492886,paired_dataset_bootstrap_20000_seed41,selected_tree_fit_work,134.67411435066282
descriptive__D6_L1_Fsqrt__T100__pure_k2_vs_k1,D6_L1_Fsqrt__T100__pure_k2,D6_L1_Fsqrt__T100__pure_k1,descriptive,57,0.012701379572393406,0.0016393442622950616,0.0032999394297116777,0.02256174380681561,31,6,20,0.013876799794610694,paired_dataset_bootstrap_20000_seed41,selected_tree_fit_work,94.6235204970078
descriptive__D6_L1_Fsqrt__T100__pure_k3_vs_k1,D6_L1_Fsqrt__T100__pure_k3,D6_L1_Fsqrt__T100__pure_k1,descriptive,57,0.019551882429623944,0.0014388489208633226,0.005611312850775775,0.035153297191592554,29,5,23,0.021111724073136537,paired_dataset_bootstrap_20000_seed41,selected_tree_fit_work,2487.3156840185325
descriptive__D6_L1_Fsqrt__T100__pair_k1_k2_q05_vs_k1,D6_L1_Fsqrt__T100__pair_k1_k2_q05,D6_L1_Fsqrt__T100__pure_k1,descriptive,57,0.001586767041876277,0.0,-0.000564710122751345,0.0038830843290434285,19,23,15,0.0017046097418878846,paired_dataset_bootstrap_20000_seed41,selected_tree_fit_work,5.6455874480960215
descriptive__D6_L1_Fsqrt__T100__pair_k1_k2_q10_vs_k1,D6_L1_Fsqrt__T100__pair_k1_k2_q10,D6_L1_Fsqrt__T100__pure_k1,descriptive,57,0.004084742169705775,0.0,0.0010364913639207384,0.007460950643524356,22,20,15,0.004770185951731761,paired_dataset_bootstrap_20000_seed41,selected_tree_fit_work,10.305538872044197
descriptive__D6_L1_Fsqrt__T100__pair_k1_k2_q25_vs_k1,D6_L1_Fsqrt__T100__pair_k1_k2_q25,D6_L1_Fsqrt__T100__pure_k1,descriptive,57,0.008158325333868718,0.0,0.003061620718043517,0.013967395621922379,25,19,13,0.009082387456735572,paired_dataset_bootstrap_20000_seed41,selected_tree_fit_work,24.315729829421
descriptive__D6_L1_Fsqrt__T100__pair_k1_k2_q50_vs_k1,D6_L1_Fsqrt__T100__pair_k1_k2_q50,D6_L1_Fsqrt__T100__pure_k1,descriptive,57,0.009573899882931293,0.0,0.0019284503584886166,0.01790470468545091,27,12,18,0.011068875125739975,paired_dataset_bootstrap_20000_seed41,selected_tree_fit_work,47.76895730552091
descriptive__D6_L1_Fsqrt__T100__pair_k1_k3_q05_vs_k1,D6_L1_Fsqrt__T100__pair_k1_k3_q05,D6_L1_Fsqrt__T100__pure_k1,descriptive,57,0.0015086929928988723,0.0,-0.0012714092075112235,0.0045547353531364115,16,24,17,0.002034161648636881,paired_dataset_bootstrap_20000_seed41,selected_tree_fit_work,125.64749557622869
descriptive__D6_L1_Fsqrt__T100__pair_k1_k3_q10_vs_k1,D6_L1_Fsqrt__T100__pair_k1_k3_q10,D6_L1_Fsqrt__T100__pure_k1,descriptive,57,0.005772399032042505,0.0,0.0015391123638214526,0.010574241078304965,23,16,18,0.006574702259472772,paired_dataset_bootstrap_20000_seed41,selected_tree_fit_work,250.6459117040042
descriptive__D6_L1_Fsqrt__T100__pair_k1_k3_q25_vs_k1,D6_L1_Fsqrt__T100__pair_k1_k3_q25,D6_L1_Fsqrt__T100__pure_k1,descriptive,57,0.01286594988260297,0.0015625000000000222,0.0059862570490903065,0.02084718041476503,30,15,12,0.014017039594235545,paired_dataset_bootstrap_20000_seed41,selected_tree_fit_work,620.5357560840221
descriptive__D6_L1_Fsqrt__T100__pair_k1_k3_q50_vs_k1,D6_L1_Fsqrt__T100__pair_k1_k3_q50,D6_L1_Fsqrt__T100__pure_k1,descriptive,57,0.015191837995985733,0.0014388489208633226,0.00597474136549556,0.025375592066449983,29,11,17,0.017009842247977386,paired_dataset_bootstrap_20000_seed41,selected_tree_fit_work,1246.6289530652525
descriptive__D6_L1_Fsqrt__T100__pair_k2_k3_q05_vs_k1,D6_L1_Fsqrt__T100__pair_k2_k3_q05,D6_L1_Fsqrt__T100__pure_k1,descriptive,57,0.013673685433712784,0.0014388489208633226,0.0043118129794342385,0.023618467995919056,31,10,16,0.014786915708066898,paired_dataset_bootstrap_20000_seed41,selected_tree_fit_work,214.62542862514044
descriptive__D6_L1_Fsqrt__T100__pair_k2_k3_q10_vs_k1,D6_L1_Fsqrt__T100__pair_k2_k3_q10,D6_L1_Fsqrt__T100__pure_k1,descriptive,57,0.014267709000199419,0.002999999999999975,0.0047706150852276,0.02431758913699566,32,6,19,0.015783228845973264,paired_dataset_bootstrap_20000_seed41,selected_tree_fit_work,334.96389332896774
descriptive__D6_L1_Fsqrt__T100__pair_k2_k3_q25_vs_k1,D6_L1_Fsqrt__T100__pair_k2_k3_q25,D6_L1_Fsqrt__T100__pure_k1,descriptive,57,0.016164196310878703,0.004444444444444473,0.0062386783265610465,0.02667126876773423,32,8,17,0.01729135303102246,paired_dataset_bootstrap_20000_seed41,selected_tree_fit_work,690.8435467516089
descriptive__D6_L1_Fsqrt__T100__pair_k2_k3_q50_vs_k1,D6_L1_Fsqrt__T100__pair_k2_k3_q50,D6_L1_Fsqrt__T100__pure_k1,descriptive,57,0.016749792145008355,0.002999999999999975,0.005467148778404144,0.028935418626280282,32,6,19,0.01832950143187502,paired_dataset_bootstrap_20000_seed41,selected_tree_fit_work,1293.4835162567397
descriptive__D6_L1_Fsqrt__T100__triple_85_10_05_vs_k1,D6_L1_Fsqrt__T100__triple_85_10_05,D6_L1_Fsqrt__T100__pure_k1,descriptive,57,0.007554412463704269,0.0,0.0033633065229709542,0.012438780968428452,27,15,15,0.0086879070062134,paired_dataset_bootstrap_20000_seed41,selected_tree_fit_work,134.41796346870277
descriptive__D6_L1_Fsqrt__T200__pure_k2_vs_k1,D6_L1_Fsqrt__T200__pure_k2,D6_L1_Fsqrt__T200__pure_k1,descriptive,57,0.013192162680705648,0.0023809523809523725,0.004210679256621658,0.02253202452400109,30,10,17,0.013716922209714032,paired_dataset_bootstrap_20000_seed41,selected_tree_fit_work,94.53172005364175
descriptive__D6_L1_Fsqrt__T200__pure_k3_vs_k1,D6_L1_Fsqrt__T200__pure_k3,D6_L1_Fsqrt__T200__pure_k1,descriptive,57,0.017604490981687045,0.0050000000000001155,0.003957386164685408,0.03314395412653857,29,7,21,0.018741874868085165,paired_dataset_bootstrap_20000_seed41,selected_tree_fit_work,2485.869229221247
descriptive__D6_L1_Fsqrt__T200__pair_k1_k2_q05_vs_k1,D6_L1_Fsqrt__T200__pair_k1_k2_q05,D6_L1_Fsqrt__T200__pure_k1,descriptive,57,0.0030554941940163596,0.0,0.0015697660096204015,0.004684478537947039,23,28,6,0.0033332809382964827,paired_dataset_bootstrap_20000_seed41,selected_tree_fit_work,5.6572363574854
descriptive__D6_L1_Fsqrt__T200__pair_k1_k2_q10_vs_k1,D6_L1_Fsqrt__T200__pair_k1_k2_q10,D6_L1_Fsqrt__T200__pure_k1,descriptive,57,0.004135870747072813,0.0,0.001520146446318175,0.007085456825784523,27,19,11,0.004652166489345753,paired_dataset_bootstrap_20000_seed41,selected_tree_fit_work,10.282033039017213
descriptive__D6_L1_Fsqrt__T200__pair_k1_k2_q25_vs_k1,D6_L1_Fsqrt__T200__pair_k1_k2_q25,D6_L1_Fsqrt__T200__pure_k1,descriptive,57,0.008050488289429156,0.0024390243902440156,0.003226305863273693,0.013244558299553247,32,13,12,0.008878859488660738,paired_dataset_bootstrap_20000_seed41,selected_tree_fit_work,24.33397020402446
descriptive__D6_L1_Fsqrt__T200__pair_k1_k2_q50_vs_k1,D6_L1_Fsqrt__T200__pair_k1_k2_q50,D6_L1_Fsqrt__T200__pure_k1,descriptive,57,0.01028672973117152,0.0018518518518518823,0.003503543463686521,0.017667184077927566,30,11,16,0.011815512947072835,paired_dataset_bootstrap_20000_seed41,selected_tree_fit_work,47.706291309737665
descriptive__D6_L1_Fsqrt__T200__pair_k1_k3_q05_vs_k1,D6_L1_Fsqrt__T200__pair_k1_k3_q05,D6_L1_Fsqrt__T200__pure_k1,descriptive,57,0.0035493943105749746,0.0,0.001095825430435217,0.006307343561953673,20,27,10,0.0037415345479470305,paired_dataset_bootstrap_20000_seed41,selected_tree_fit_work,125.76274315220317
descriptive__D6_L1_Fsqrt__T200__pair_k1_k3_q10_vs_k1,D6_L1_Fsqrt__T200__pair_k1_k3_q10,D6_L1_Fsqrt__T200__pure_k1,descriptive,57,0.00740497912848532,0.0,0.0036265823726369735,0.011749839359697322,28,22,7,0.008073044857120994,paired_dataset_bootstrap_20000_seed41,selected_tree_fit_work,249.01459227929823
descriptive__D6_L1_Fsqrt__T200__pair_k1_k3_q25_vs_k1,D6_L1_Fsqrt__T200__pair_k1_k3_q25,D6_L1_Fsqrt__T200__pure_k1,descriptive,57,0.012430003062507132,0.002877697841726534,0.005424110678646773,0.020199796214046543,31,13,13,0.0133931724784048,paired_dataset_bootstrap_20000_seed41,selected_tree_fit_work,619.6699952596754
descriptive__D6_L1_Fsqrt__T200__pair_k1_k3_q50_vs_k1,D6_L1_Fsqrt__T200__pair_k1_k3_q50,D6_L1_Fsqrt__T200__pure_k1,descriptive,57,0.014525402830508917,0.0023809523809523725,0.005389214443697315,0.02450180819345531,30,9,18,0.01609105703289623,paired_dataset_bootstrap_20000_seed41,selected_tree_fit_work,1242.6272170014029
descriptive__D6_L1_Fsqrt__T200__pair_k2_k3_q05_vs_k1,D6_L1_Fsqrt__T200__pair_k2_k3_q05,D6_L1_Fsqrt__T200__pure_k1,descriptive,57,0.01353277509273378,0.0018518518518516602,0.0045055138948538985,0.022988100737951205,29,11,17,0.014415021335711636,paired_dataset_bootstrap_20000_seed41,selected_tree_fit_work,214.63722684835955
descriptive__D6_L1_Fsqrt__T200__pair_k2_k3_q10_vs_k1,D6_L1_Fsqrt__T200__pair_k2_k3_q10,D6_L1_Fsqrt__T200__pure_k1,descriptive,57,0.014006680699888597,0.0035502958579883837,0.004726882194729237,0.02370927181829654,31,9,17,0.015500657668837946,paired_dataset_bootstrap_20000_seed41,selected_tree_fit_work,333.26427929392275
descriptive__D6_L1_Fsqrt__T200__pair_k2_k3_q25_vs_k1,D6_L1_Fsqrt__T200__pair_k2_k3_q25,D6_L1_Fsqrt__T200__pure_k1,descriptive,57,0.0161931454504574,0.0023809523809523725,0.00614688974842894,0.02678390021775342,30,8,19,0.017705146948815587,paired_dataset_bootstrap_20000_seed41,selected_tree_fit_work,689.8677451092927
descriptive__D6_L1_Fsqrt__T200__pair_k2_k3_q50_vs_k1,D6_L1_Fsqrt__T200__pair_k2_k3_q50,D6_L1_Fsqrt__T200__pure_k1,descriptive,57,0.01574119148829119,0.002777777777777657,0.0044687311875626105,0.027793489629681332,30,8,19,0.017455712138127435,paired_dataset_bootstrap_20000_seed41,selected_tree_fit_work,1289.4526457453067
descriptive__D6_L1_Fsqrt__T200__triple_85_10_05_vs_k1,D6_L1_Fsqrt__T200__triple_85_10_05,D6_L1_Fsqrt__T200__pure_k1,descriptive,57,0.008715453786683485,0.0021739130434782483,0.00454452876747792,0.013310577211001885,31,19,7,0.009515077846517617,paired_dataset_bootstrap_20000_seed41,selected_tree_fit_work,134.54459659866484
descriptive__D6_L1_Fsqrt__single_k2_vs_cart,D6_L1_Fsqrt__single_k2,D6_L1_Fsqrt__cart,descriptive,57,0.0301893320778181,0.017910447761193993,0.017235304070973408,0.04324466425714046,39,3,15,0.03431754560239804,paired_dataset_bootstrap_20000_seed41,single_tree_fit_wall,66.86504450660247
descriptive__D6_L1_Fsqrt__single_k3_vs_cart,D6_L1_Fsqrt__single_k3,D6_L1_Fsqrt__cart,descriptive,57,0.03169185439738156,0.022222222222222254,0.013458771899875344,0.05071316698281138,39,3,15,0.03467383609195275,paired_dataset_bootstrap_20000_seed41,single_tree_fit_wall,2477.7583952643777
descriptive__DNone_L1_Fall__T020__pure_k2_vs_k1,DNone_L1_Fall__T020__pure_k2,DNone_L1_Fall__T020__pure_k1,descriptive,57,-0.06280326370920317,-0.027272727272727226,-0.09923371192369868,-0.029967702046145454,15,1,41,-0.07919808511857007,paired_dataset_bootstrap_20000_seed41,selected_tree_fit_work,88.04266369729368
descriptive__DNone_L1_Fall__T020__pure_k3_vs_k1,DNone_L1_Fall__T020__pure_k3,DNone_L1_Fall__T020__pure_k1,descriptive,57,-0.09312674563217868,-0.054676258992805815,-0.13596122182940748,-0.052098545208297306,12,3,42,-0.1110931493567966,paired_dataset_bootstrap_20000_seed41,selected_tree_fit_work,3524.6093956306377
descriptive__DNone_L1_Fall__T020__pair_k1_k2_q05_vs_k1,DNone_L1_Fall__T020__pair_k1_k2_q05,DNone_L1_Fall__T020__pure_k1,descriptive,57,0.001115321002786558,0.0,-0.0009792384791384573,0.003242069176482847,22,20,15,0.0006755168523829272,paired_dataset_bootstrap_20000_seed41,selected_tree_fit_work,5.335246608489336
descriptive__DNone_L1_Fall__T020__pair_k1_k2_q10_vs_k1,DNone_L1_Fall__T020__pair_k1_k2_q10,DNone_L1_Fall__T020__pure_k1,descriptive,57,0.0008815732228331019,0.0,-0.0026907755181373263,0.0050861367482517485,24,17,16,-6.7232011066592e-05,paired_dataset_bootstrap_20000_seed41,selected_tree_fit_work,10.012819583958814
descriptive__DNone_L1_Fall__T020__pair_k1_k2_q25_vs_k1,DNone_L1_Fall__T020__pair_k1_k2_q25,DNone_L1_Fall__T020__pure_k1,descriptive,57,0.0005415024079651439,0.0,-0.006287320801155252,0.007924351940497934,26,9,22,-0.002661266962254002,paired_dataset_bootstrap_20000_seed41,selected_tree_fit_work,22.894828617323494
descriptive__DNone_L1_Fall__T020__pair_k1_k2_q50_vs_k1,DNone_L1_Fall__T020__pair_k1_k2_q50,DNone_L1_Fall__T020__pure_k1,descriptive,57,-0.009536833428004253,-0.006557377049180246,-0.023054325459734088,0.004523519390205864,19,4,34,-0.01693920629317963,paired_dataset_bootstrap_20000_seed41,selected_tree_fit_work,44.9201649948339
descriptive__DNone_L1_Fall__T020__pair_k1_k3_q05_vs_k1,DNone_L1_Fall__T020__pair_k1_k3_q05,DNone_L1_Fall__T020__pure_k1,descriptive,57,0.0009882831693810532,0.0,-0.001627423931355836,0.003608018342649327,23,19,15,0.0007603131972678753,paired_dataset_bootstrap_20000_seed41,selected_tree_fit_work,177.29278557342874
descriptive__DNone_L1_Fall__T020__pair_k1_k3_q10_vs_k1,DNone_L1_Fall__T020__pair_k1_k3_q10,DNone_L1_Fall__T020__pure_k1,descriptive,57,0.0019684425197423155,0.0,-0.0023434081185636267,0.0072289651934085,23,15,19,0.0007215458110798708,paired_dataset_bootstrap_20000_seed41,selected_tree_fit_work,347.052337364857
descriptive__DNone_L1_Fall__T020__pair_k1_k3_q25_vs_k1,DNone_L1_Fall__T020__pair_k1_k3_q25,DNone_L1_Fall__T020__pure_k1,descriptive,57,0.0006600794541385617,0.0,-0.008891824225863439,0.011807735260450198,24,10,23,-0.0029419975192493024,paired_dataset_bootstrap_20000_seed41,selected_tree_fit_work,887.1099147908336
descriptive__DNone_L1_Fall__T020__pair_k1_k3_q50_vs_k1,DNone_L1_Fall__T020__pair_k1_k3_q50,DNone_L1_Fall__T020__pure_k1,descriptive,57,-0.018751162826035467,-0.013333333333333197,-0.037050433340662166,0.0014820875531980876,16,2,39,-0.029345763923314207,paired_dataset_bootstrap_20000_seed41,selected_tree_fit_work,1765.8175335839892
descriptive__DNone_L1_Fall__T020__pair_k2_k3_q05_vs_k1,DNone_L1_Fall__T020__pair_k2_k3_q05,DNone_L1_Fall__T020__pure_k1,descriptive,57,-0.06349901124382071,-0.02777777777777768,-0.10000050555683082,-0.030319884199315073,13,3,41,-0.0804974385332152,paired_dataset_bootstrap_20000_seed41,selected_tree_fit_work,260.00020266223305
descriptive__DNone_L1_Fall__T020__pair_k2_k3_q10_vs_k1,DNone_L1_Fall__T020__pair_k2_k3_q10,DNone_L1_Fall__T020__pure_k1,descriptive,57,-0.06537473695595902,-0.033333333333333215,-0.102379763747142,-0.03112662349209899,14,0,43,-0.08307792596479388,paired_dataset_bootstrap_20000_seed41,selected_tree_fit_work,425.0821814781918
descriptive__DNone_L1_Fall__T020__pair_k2_k3_q25_vs_k1,DNone_L1_Fall__T020__pair_k2_k3_q25,DNone_L1_Fall__T020__pure_k1,descriptive,57,-0.0681571991303752,-0.03888888888888886,-0.1059840419818318,-0.03297420399039086,16,0,41,-0.08616844806307747,paired_dataset_bootstrap_20000_seed41,selected_tree_fit_work,952.257749870804
descriptive__DNone_L1_Fall__T020__pair_k2_k3_q50_vs_k1,DNone_L1_Fall__T020__pair_k2_k3_q50,DNone_L1_Fall__T020__pure_k1,descriptive,57,-0.07592627626271291,-0.042424242424242586,-0.1155059577282688,-0.038945909388977885,15,0,42,-0.09438777877451801,paired_dataset_bootstrap_20000_seed41,selected_tree_fit_work,1808.9400322864494
descriptive__DNone_L1_Fall__T020__triple_85_10_05_vs_k1,DNone_L1_Fall__T020__triple_85_10_05,DNone_L1_Fall__T020__pure_k1,descriptive,57,0.0012051966766904493,0.0,-0.004102151814465501,0.007285196113433215,24,15,18,-0.0007108782879470055,paired_dataset_bootstrap_20000_seed41,selected_tree_fit_work,195.0510483249176
descriptive__DNone_L1_Fall__T040__pure_k2_vs_k1,DNone_L1_Fall__T040__pure_k2,DNone_L1_Fall__T040__pure_k1,descriptive,57,-0.06752399564607202,-0.04074074074074063,-0.10152635232618339,-0.03730107942923974,10,3,44,-0.0822084023764877,paired_dataset_bootstrap_20000_seed41,selected_tree_fit_work,47.731194521935855
descriptive__DNone_L1_Fall__T040__pure_k3_vs_k1,DNone_L1_Fall__T040__pure_k3,DNone_L1_Fall__T040__pure_k1,descriptive,57,-0.09775954739545586,-0.05899280575539567,-0.1386460572932221,-0.058769052244294594,11,1,45,-0.11641245138578399,paired_dataset_bootstrap_20000_seed41,selected_tree_fit_work,1885.2187306746343
descriptive__DNone_L1_Fall__T040__pair_k1_k2_q05_vs_k1,DNone_L1_Fall__T040__pair_k1_k2_q05,DNone_L1_Fall__T040__pure_k1,descriptive,57,-2.9071011546372443e-05,0.0,-0.001674981798125395,0.0016723710316647227,14,28,15,-0.0006784246680951086,paired_dataset_bootstrap_20000_seed41,selected_tree_fit_work,3.3435979175481054
descriptive__DNone_L1_Fall__T040__pair_k1_k2_q10_vs_k1,DNone_L1_Fall__T040__pair_k1_k2_q10,DNone_L1_Fall__T040__pure_k1,descriptive,57,0.0011418583399224113,0.0,-0.001077741861624282,0.003666053741515991,21,22,14,0.000489632568947755,paired_dataset_bootstrap_20000_seed41,selected_tree_fit_work,5.760251772440412
descriptive__DNone_L1_Fall__T040__pair_k1_k2_q25_vs_k1,DNone_L1_Fall__T040__pair_k1_k2_q25,DNone_L1_Fall__T040__pure_k1,descriptive,57,0.0009286391369674248,0.0,-0.00405155979670841,0.00674667649275792,23,11,23,-0.0015070542796450253,paired_dataset_bootstrap_20000_seed41,selected_tree_fit_work,12.785149069528464
descriptive__DNone_L1_Fall__T040__pair_k1_k2_q50_vs_k1,DNone_L1_Fall__T040__pair_k1_k2_q50,DNone_L1_Fall__T040__pure_k1,descriptive,57,-0.008363290752685451,-0.009063444108761254,-0.017617122349972508,0.0014344628506741338,17,5,35,-0.014534916551395903,paired_dataset_bootstrap_20000_seed41,selected_tree_fit_work,24.602555305717182
descriptive__DNone_L1_Fall__T040__pair_k1_k3_q05_vs_k1,DNone_L1_Fall__T040__pair_k1_k3_q05,DNone_L1_Fall__T040__pure_k1,descriptive,57,0.0005499317000133237,0.0,-0.0016621779166894949,0.003107699158484484,17,21,19,3.152431333110972e-06,paired_dataset_bootstrap_20000_seed41,selected_tree_fit_work,96.11941312201417
descriptive__DNone_L1_Fall__T040__pair_k1_k3_q10_vs_k1,DNone_L1_Fall__T040__pair_k1_k3_q10,DNone_L1_Fall__T040__pure_k1,descriptive,57,0.0023138814222110468,0.0,-0.0008305381849485419,0.006726929879242613,20,22,15,0.0018410202751825066,paired_dataset_bootstrap_20000_seed41,selected_tree_fit_work,186.47977571763127
descriptive__DNone_L1_Fall__T040__pair_k1_k3_q25_vs_k1,DNone_L1_Fall__T040__pair_k1_k3_q25,DNone_L1_Fall__T040__pure_k1,descriptive,57,0.0017513844540204345,0.0,-0.006049415304212854,0.012295640870290125,26,7,24,-0.000498700859364155,paired_dataset_bootstrap_20000_seed41,selected_tree_fit_work,472.22483941984143
descriptive__DNone_L1_Fall__T040__pair_k1_k3_q50_vs_k1,DNone_L1_Fall__T040__pair_k1_k3_q50,DNone_L1_Fall__T040__pure_k1,descriptive,57,-0.016472699751227865,-0.013897280966767456,-0.03149066851226122,0.0006344399044793513,14,4,39,-0.026143702842984905,paired_dataset_bootstrap_20000_seed41,selected_tree_fit_work,943.1470701725364
descriptive__DNone_L1_Fall__T040__pair_k2_k3_q05_vs_k1,DNone_L1_Fall__T040__pair_k2_k3_q05,DNone_L1_Fall__T040__pure_k1,descriptive,57,-0.06962470966354882,-0.04146341463414649,-0.10395172102144234,-0.03885160080613208,10,3,44,-0.08443161935452347,paired_dataset_bootstrap_20000_seed41,selected_tree_fit_work,140.5070097264019
descriptive__DNone_L1_Fall__T040__pair_k2_k3_q10_vs_k1,DNone_L1_Fall__T040__pair_k2_k3_q10,DNone_L1_Fall__T040__pure_k1,descriptive,57,-0.0705727903298082,-0.036363636363636376,-0.1060987605598021,-0.038471172089336376,10,3,44,-0.08586129000098137,paired_dataset_bootstrap_20000_seed41,selected_tree_fit_work,228.45071846712668
descriptive__DNone_L1_Fall__T040__pair_k2_k3_q25_vs_k1,DNone_L1_Fall__T040__pair_k2_k3_q25,DNone_L1_Fall__T040__pure_k1,descriptive,57,-0.072077581197987,-0.040000000000000036,-0.10825586680368596,-0.03888178964074438,10,3,44,-0.08885939852580171,paired_dataset_bootstrap_20000_seed41,selected_tree_fit_work,507.17088487224873
descriptive__DNone_L1_Fall__T040__pair_k2_k3_q50_vs_k1,DNone_L1_Fall__T040__pair_k2_k3_q50,DNone_L1_Fall__T040__pure_k1,descriptive,57,-0.08117839370732971,-0.050000000000000044,-0.11921590699469395,-0.04572827496135389,11,3,43,-0.1003653271134104,paired_dataset_bootstrap_20000_seed41,selected_tree_fit_work,966.2757093887549
descriptive__DNone_L1_Fall__T040__triple_85_10_05_vs_k1,DNone_L1_Fall__T040__triple_85_10_05,DNone_L1_Fall__T040__pure_k1,descriptive,57,0.0013418449571715538,0.0,-0.002187783483930997,0.005678686103515423,24,13,20,-0.0005470195982417831,paired_dataset_bootstrap_20000_seed41,selected_tree_fit_work,101.0663383419307
descriptive__DNone_L1_Fall__T060__pure_k2_vs_k1,DNone_L1_Fall__T060__pure_k2,DNone_L1_Fall__T060__pure_k1,descriptive,57,-0.06668098813833495,-0.03809523809523818,-0.1011930762018475,-0.035662882872998,10,4,43,-0.0801087569185011,paired_dataset_bootstrap_20000_seed41,selected_tree_fit_work,56.778561001431854
descriptive__DNone_L1_Fall__T060__pure_k3_vs_k1,DNone_L1_Fall__T060__pure_k3,DNone_L1_Fall__T060__pure_k1,descriptive,57,-0.09609497929681463,-0.05333333333333323,-0.1377115941154096,-0.056616724903069536,9,2,46,-0.11424487139222894,paired_dataset_bootstrap_20000_seed41,selected_tree_fit_work,2240.402176309412
descriptive__DNone_L1_Fall__T060__pair_k1_k2_q05_vs_k1,DNone_L1_Fall__T060__pair_k1_k2_q05,DNone_L1_Fall__T060__pure_k1,descriptive,57,0.0008987309139914081,0.0,-0.001989495147417763,0.003943800194288056,16,27,14,7.281209749193102e-06,paired_dataset_bootstrap_20000_seed41,selected_tree_fit_work,3.8228633880795453
descriptive__DNone_L1_Fall__T060__pair_k1_k2_q10_vs_k1,DNone_L1_Fall__T060__pair_k1_k2_q10,DNone_L1_Fall__T060__pure_k1,descriptive,57,0.00026354182608275646,0.0,-0.003197600755485549,0.004160862107641126,20,17,20,-0.0012442399846410942,paired_dataset_bootstrap_20000_seed41,selected_tree_fit_work,6.678101173282424
descriptive__DNone_L1_Fall__T060__pair_k1_k2_q25_vs_k1,DNone_L1_Fall__T060__pair_k1_k2_q25,DNone_L1_Fall__T060__pure_k1,descriptive,57,-0.0007118259011275529,0.0,-0.006908071010959177,0.006180341900783408,21,12,24,-0.0031369284660631444,paired_dataset_bootstrap_20000_seed41,selected_tree_fit_work,15.041654231824783
descriptive__DNone_L1_Fall__T060__pair_k1_k2_q50_vs_k1,DNone_L1_Fall__T060__pair_k1_k2_q50,DNone_L1_Fall__T060__pure_k1,descriptive,57,-0.007841293785539246,-0.005970149253731405,-0.018351643452038893,0.003512449546203154,17,6,34,-0.013494152393896279,paired_dataset_bootstrap_20000_seed41,selected_tree_fit_work,29.095568854437534
descriptive__DNone_L1_Fall__T060__pair_k1_k3_q05_vs_k1,DNone_L1_Fall__T060__pair_k1_k3_q05,DNone_L1_Fall__T060__pure_k1,descriptive,57,0.00040785875664186877,0.0,-0.0026480781518775434,0.004419073237701793,14,23,20,-0.0006979972737477845,paired_dataset_bootstrap_20000_seed41,selected_tree_fit_work,114.50971318823876
descriptive__DNone_L1_Fall__T060__pair_k1_k3_q10_vs_k1,DNone_L1_Fall__T060__pair_k1_k3_q10,DNone_L1_Fall__T060__pure_k1,descriptive,57,-0.0009572972521813394,0.0,-0.005552812637688685,0.00489164710626469,12,18,27,-0.00228747445556845,paired_dataset_bootstrap_20000_seed41,selected_tree_fit_work,223.52345243735692
descriptive__DNone_L1_Fall__T060__pair_k1_k3_q25_vs_k1,DNone_L1_Fall__T060__pair_k1_k3_q25,DNone_L1_Fall__T060__pure_k1,descriptive,57,0.0006177093889716078,0.0,-0.007926912450475188,0.011950890177092333,19,12,26,-0.0013698739574556425,paired_dataset_bootstrap_20000_seed41,selected_tree_fit_work,563.8169671512238
descriptive__DNone_L1_Fall__T060__pair_k1_k3_q50_vs_k1,DNone_L1_Fall__T060__pair_k1_k3_q50,DNone_L1_Fall__T060__pure_k1,descriptive,57,-0.01523379382253011,-0.010869565217391464,-0.032124260017261874,0.003425911050915309,15,3,39,-0.02429228374743968,paired_dataset_bootstrap_20000_seed41,selected_tree_fit_work,1122.2524064084203
descriptive__DNone_L1_Fall__T060__pair_k2_k3_q05_vs_k1,DNone_L1_Fall__T060__pair_k2_k3_q05,DNone_L1_Fall__T060__pure_k1,descriptive,57,-0.06889047887871855,-0.040000000000000036,-0.10384145860502676,-0.036964682326542,11,3,43,-0.08322102783324571,paired_dataset_bootstrap_20000_seed41,selected_tree_fit_work,167.46541080159102
descriptive__DNone_L1_Fall__T060__pair_k2_k3_q10_vs_k1,DNone_L1_Fall__T060__pair_k2_k3_q10,DNone_L1_Fall__T060__pure_k1,descriptive,57,-0.070320037732272,-0.037837837837837895,-0.10603606008114515,-0.03788486676883652,11,4,42,-0.0857964536242743,paired_dataset_bootstrap_20000_seed41,selected_tree_fit_work,273.62391226550636
descriptive__DNone_L1_Fall__T060__pair_k2_k3_q25_vs_k1,DNone_L1_Fall__T060__pair_k2_k3_q25,DNone_L1_Fall__T060__pure_k1,descriptive,57,-0.07322432664960274,-0.03703703703703698,-0.10985252758632635,-0.0395617297112646,10,2,45,-0.09008026079498097,paired_dataset_bootstrap_20000_seed41,selected_tree_fit_work,605.5538739208307
descriptive__DNone_L1_Fall__T060__pair_k2_k3_q50_vs_k1,DNone_L1_Fall__T060__pair_k2_k3_q50,DNone_L1_Fall__T060__pure_k1,descriptive,57,-0.08011710240018691,-0.042424242424242586,-0.11879592669899193,-0.043935499454680574,11,3,43,-0.09837037582902702,paired_dataset_bootstrap_20000_seed41,selected_tree_fit_work,1149.9353985554146
descriptive__DNone_L1_Fall__T060__triple_85_10_05_vs_k1,DNone_L1_Fall__T060__triple_85_10_05,DNone_L1_Fall__T060__pure_k1,descriptive,57,0.0007953746341923359,0.0,-0.0044642701888598845,0.007209313267165231,22,15,20,-0.00135482789370046,paired_dataset_bootstrap_20000_seed41,selected_tree_fit_work,120.07752386639703
descriptive__DNone_L1_Fall__T100__pure_k2_vs_k1,DNone_L1_Fall__T100__pure_k2,DNone_L1_Fall__T100__pure_k1,descriptive,57,-0.06838483538931904,-0.030327868852459083,-0.10356979764689515,-0.03669670642280005,10,3,44,-0.08357609930316252,paired_dataset_bootstrap_20000_seed41,selected_tree_fit_work,66.67902452376124
descriptive__DNone_L1_Fall__T100__pure_k3_vs_k1,DNone_L1_Fall__T100__pure_k3,DNone_L1_Fall__T100__pure_k1,descriptive,57,-0.09680371566903567,-0.050000000000000044,-0.13820821635412606,-0.05737287719550533,11,2,44,-0.11481088933056141,paired_dataset_bootstrap_20000_seed41,selected_tree_fit_work,2642.1009524778024
descriptive__DNone_L1_Fall__T100__pair_k1_k2_q05_vs_k1,DNone_L1_Fall__T100__pair_k1_k2_q05,DNone_L1_Fall__T100__pure_k1,descriptive,57,0.0010613716475449443,0.0,-0.000946438191130155,0.0034634888392968224,16,28,13,6.276268278862189e-05,paired_dataset_bootstrap_20000_seed41,selected_tree_fit_work,4.312261711880122
descriptive__DNone_L1_Fall__T100__pair_k1_k2_q25_vs_k1,DNone_L1_Fall__T100__pair_k1_k2_q25,DNone_L1_Fall__T100__pure_k1,descriptive,57,0.002042241795456926,0.0,-0.003877021247523114,0.009424741787950459,20,13,24,-5.992260338630756e-06,paired_dataset_bootstrap_20000_seed41,selected_tree_fit_work,17.467147803895074
descriptive__DNone_L1_Fall__T100__pair_k1_k2_q50_vs_k1,DNone_L1_Fall__T100__pair_k1_k2_q50,DNone_L1_Fall__T100__pure_k1,descriptive,57,-0.005815656004077629,-0.004444444444444529,-0.01607664121534736,0.006111153350209973,20,6,31,-0.011148627372999544,paired_dataset_bootstrap_20000_seed41,selected_tree_fit_work,33.970334822243885
descriptive__DNone_L1_Fall__T100__pair_k1_k3_q05_vs_k1,DNone_L1_Fall__T100__pair_k1_k3_q05,DNone_L1_Fall__T100__pure_k1,descriptive,57,-0.0003399238944111984,0.0,-0.002656256155854129,0.0028299251041422847,15,23,19,-0.001285221616289762,paired_dataset_bootstrap_20000_seed41,selected_tree_fit_work,133.45295269452288
descriptive__DNone_L1_Fall__T100__pair_k1_k3_q25_vs_k1,DNone_L1_Fall__T100__pair_k1_k3_q25,DNone_L1_Fall__T100__pure_k1,descriptive,57,0.002760914772151645,-2.220446049250313e-16,-0.005925794124462759,0.01480107286454643,21,8,28,0.0002755273598091226,paired_dataset_bootstrap_20000_seed41,selected_tree_fit_work,663.3523373117753
descriptive__DNone_L1_Fall__T100__pair_k1_k3_q50_vs_k1,DNone_L1_Fall__T100__pair_k1_k3_q50,DNone_L1_Fall__T100__pure_k1,descriptive,57,-0.015885987617160056,-0.010810810810810922,-0.033945907053771276,0.0038001000386678335,13,6,38,-0.02488194847216994,paired_dataset_bootstrap_20000_seed41,selected_tree_fit_work,1323.1605608026946
descriptive__DNone_L1_Fall__T100__pair_k2_k3_q05_vs_k1,DNone_L1_Fall__T100__pair_k2_k3_q05,DNone_L1_Fall__T100__pure_k1,descriptive,57,-0.0702438524132304,-0.034146341463414664,-0.10567796183340503,-0.03805040891701773,10,4,43,-0.08595853369575746,paired_dataset_bootstrap_20000_seed41,selected_tree_fit_work,195.81971550640404
descriptive__DNone_L1_Fall__T100__pair_k2_k3_q10_vs_k1,DNone_L1_Fall__T100__pair_k2_k3_q10,DNone_L1_Fall__T100__pure_k1,descriptive,57,-0.07089731636550646,-0.031967213114754145,-0.10704467066483585,-0.03804925007195599,11,3,43,-0.08682543443959333,paired_dataset_bootstrap_20000_seed41,selected_tree_fit_work,321.84730066430234
descriptive__DNone_L1_Fall__T100__pair_k2_k3_q25_vs_k1,DNone_L1_Fall__T100__pair_k2_k3_q25,DNone_L1_Fall__T100__pure_k1,descriptive,57,-0.07420021696122148,-0.03884892086330949,-0.1112335020221699,-0.040219713869878986,10,3,44,-0.09226000727494896,paired_dataset_bootstrap_20000_seed41,selected_tree_fit_work,712.5642140316414
descriptive__DNone_L1_Fall__T100__pair_k2_k3_q50_vs_k1,DNone_L1_Fall__T100__pair_k2_k3_q50,DNone_L1_Fall__T100__pure_k1,descriptive,57,-0.08029114902211851,-0.04761904761904767,-0.11936117491645744,-0.044127879253165664,8,5,44,-0.09901283553113728,paired_dataset_bootstrap_20000_seed41,selected_tree_fit_work,1355.8692505042118
descriptive__DNone_L1_Fall__T100__triple_85_10_05_vs_k1,DNone_L1_Fall__T100__triple_85_10_05,DNone_L1_Fall__T100__pure_k1,descriptive,57,-0.00022337750800374066,0.0,-0.005115911385289959,0.005543658108924186,17,16,24,-0.0018378219576053601,paired_dataset_bootstrap_20000_seed41,selected_tree_fit_work,140.38777253425374
descriptive__DNone_L1_Fall__T200__pure_k2_vs_k1,DNone_L1_Fall__T200__pure_k2,DNone_L1_Fall__T200__pure_k1,descriptive,57,-0.06663542956657395,-0.02666666666666684,-0.10149787376646535,-0.03515128800584827,11,2,44,-0.08259393522509254,paired_dataset_bootstrap_20000_seed41,selected_tree_fit_work,77.66818806982712
descriptive__DNone_L1_Fall__T200__pure_k3_vs_k1,DNone_L1_Fall__T200__pure_k3,DNone_L1_Fall__T200__pure_k1,descriptive,57,-0.09622015947032633,-0.050000000000000044,-0.13776044834966922,-0.05689306581749868,10,3,44,-0.11444736103490873,paired_dataset_bootstrap_20000_seed41,selected_tree_fit_work,3076.816129546742
descriptive__DNone_L1_Fall__T200__pair_k1_k2_q05_vs_k1,DNone_L1_Fall__T200__pair_k1_k2_q05,DNone_L1_Fall__T200__pure_k1,descriptive,57,0.0024656845351665535,0.0,0.0006032864582075555,0.004643775796823193,20,24,13,0.0019874433238184935,paired_dataset_bootstrap_20000_seed41,selected_tree_fit_work,5.1419927151267775
descriptive__DNone_L1_Fall__T200__pair_k1_k2_q10_vs_k1,DNone_L1_Fall__T200__pair_k1_k2_q10,DNone_L1_Fall__T200__pure_k1,descriptive,57,0.0022587989521815114,0.0,-0.0017566720046115491,0.006083434243448753,20,26,11,0.001427912167974966,paired_dataset_bootstrap_20000_seed41,selected_tree_fit_work,8.980230459711942
descriptive__DNone_L1_Fall__T200__pair_k1_k2_q25_vs_k1,DNone_L1_Fall__T200__pair_k1_k2_q25,DNone_L1_Fall__T200__pure_k1,descriptive,57,0.002859007006375194,0.0,-0.002573181222132825,0.00912132911991199,22,15,20,0.00040727625312594933,paired_dataset_bootstrap_20000_seed41,selected_tree_fit_work,20.50285762928146
descriptive__DNone_L1_Fall__T200__pair_k1_k2_q50_vs_k1,DNone_L1_Fall__T200__pair_k1_k2_q50,DNone_L1_Fall__T200__pure_k1,descriptive,57,-0.005165541260457402,-1.1102230246251565e-16,-0.015493582188036597,0.006244170792885555,21,8,28,-0.0109732381637275,paired_dataset_bootstrap_20000_seed41,selected_tree_fit_work,39.53591946277132
descriptive__DNone_L1_Fall__T200__pair_k1_k3_q05_vs_k1,DNone_L1_Fall__T200__pair_k1_k3_q05,DNone_L1_Fall__T200__pure_k1,descriptive,57,0.0027174509763061056,0.0,0.0006030965521674561,0.005392659755318866,19,29,9,0.0021395801200249096,paired_dataset_bootstrap_20000_seed41,selected_tree_fit_work,155.45509150728466
descriptive__DNone_L1_Fall__T200__pair_k1_k3_q10_vs_k1,DNone_L1_Fall__T200__pair_k1_k3_q10,DNone_L1_Fall__T200__pure_k1,descriptive,57,0.002223515002353644,0.0,-0.002547511415367856,0.007544118981670603,21,22,14,0.0010108924321156926,paired_dataset_bootstrap_20000_seed41,selected_tree_fit_work,306.52446108154317
descriptive__DNone_L1_Fall__T200__pair_k1_k3_q25_vs_k1,DNone_L1_Fall__T200__pair_k1_k3_q25,DNone_L1_Fall__T200__pure_k1,descriptive,57,0.004149288948809634,0.0,-0.0036039027452095056,0.014774523398704246,22,11,24,0.0012160142944795905,paired_dataset_bootstrap_20000_seed41,selected_tree_fit_work,770.2179173319922
descriptive__DNone_L1_Fall__T200__pair_k1_k3_q50_vs_k1,DNone_L1_Fall__T200__pair_k1_k3_q50,DNone_L1_Fall__T200__pure_k1,descriptive,57,-0.012395046226310396,-0.008333333333333304,-0.028772578765909242,0.006043613074853446,16,5,36,-0.02155840453424724,paired_dataset_bootstrap_20000_seed41,selected_tree_fit_work,1535.8770839989136
descriptive__DNone_L1_Fall__T200__pair_k2_k3_q05_vs_k1,DNone_L1_Fall__T200__pair_k2_k3_q05,DNone_L1_Fall__T200__pure_k1,descriptive,57,-0.06793693483531872,-0.03170731707317065,-0.10321777611459751,-0.03594019081667792,10,4,43,-0.08450350681473934,paired_dataset_bootstrap_20000_seed41,selected_tree_fit_work,227.981286861985
descriptive__DNone_L1_Fall__T200__pair_k2_k3_q10_vs_k1,DNone_L1_Fall__T200__pair_k2_k3_q10,DNone_L1_Fall__T200__pure_k1,descriptive,57,-0.06847840904266136,-0.03360655737704921,-0.10454917077691786,-0.03564700473314617,11,3,43,-0.08540443487702591,paired_dataset_bootstrap_20000_seed41,selected_tree_fit_work,375.21241869165834
descriptive__DNone_L1_Fall__T200__pair_k2_k3_q25_vs_k1,DNone_L1_Fall__T200__pair_k2_k3_q25,DNone_L1_Fall__T200__pure_k1,descriptive,57,-0.07240719726461116,-0.037410071942446166,-0.10934344020168726,-0.03839572905241911,10,2,45,-0.0899233351116658,paired_dataset_bootstrap_20000_seed41,selected_tree_fit_work,827.3832477725379
descriptive__DNone_L1_Fall__T200__pair_k2_k3_q50_vs_k1,DNone_L1_Fall__T200__pair_k2_k3_q50,DNone_L1_Fall__T200__pure_k1,descriptive,57,-0.0805946956838578,-0.040000000000000036,-0.1193903236023975,-0.04428080475316971,11,3,43,-0.10023964180202664,paired_dataset_bootstrap_20000_seed41,selected_tree_fit_work,1574.0093526059688
descriptive__DNone_L1_Fall__T200__triple_85_10_05_vs_k1,DNone_L1_Fall__T200__triple_85_10_05,DNone_L1_Fall__T200__pure_k1,descriptive,57,0.0019911294948295475,0.0,-0.0025470794494620156,0.007298239706455374,19,20,18,0.00044047657557749216,paired_dataset_bootstrap_20000_seed41,selected_tree_fit_work,162.83620824344393
descriptive__DNone_L1_Fall__single_k2_vs_cart,DNone_L1_Fall__single_k2,DNone_L1_Fall__cart,descriptive,57,-0.051289458567360495,-0.032024169184290074,-0.0869304599194637,-0.018421310625434152,17,2,38,-0.06157093458087756,paired_dataset_bootstrap_20000_seed41,single_tree_fit_wall,94.19564839540826
descriptive__DNone_L1_Fall__single_k3_vs_cart,DNone_L1_Fall__single_k3,DNone_L1_Fall__cart,descriptive,57,-0.08291246332829011,-0.039393939393939426,-0.12450996408246713,-0.04389057312115343,15,2,40,-0.09861730607641428,paired_dataset_bootstrap_20000_seed41,single_tree_fit_wall,4712.467614922091
descriptive__DNone_L1_Fsqrt__T020__pure_k2_vs_k1,DNone_L1_Fsqrt__T020__pure_k2,DNone_L1_Fsqrt__T020__pure_k1,descriptive,57,0.010305623550617392,0.0023809523809523725,0.0015191646945986212,0.01965740884818591,31,6,20,0.008156379603239736,paired_dataset_bootstrap_20000_seed41,selected_tree_fit_work,179.19045515116878
descriptive__DNone_L1_Fsqrt__T020__pure_k3_vs_k1,DNone_L1_Fsqrt__T020__pure_k3,DNone_L1_Fsqrt__T020__pure_k1,descriptive,57,0.007161864371798789,0.002777777777777879,-0.007113552743960707,0.021789457323640394,33,4,20,-0.0004236693196279146,paired_dataset_bootstrap_20000_seed41,selected_tree_fit_work,3611.507739772192
descriptive__DNone_L1_Fsqrt__T020__pair_k1_k2_q05_vs_k1,DNone_L1_Fsqrt__T020__pair_k1_k2_q05,DNone_L1_Fsqrt__T020__pure_k1,descriptive,57,-0.00020555406003995702,0.0,-0.0030224552188621427,0.0023043942603266144,20,19,18,-0.0005799054934458938,paired_dataset_bootstrap_20000_seed41,selected_tree_fit_work,9.823106621496294
descriptive__DNone_L1_Fsqrt__T020__pair_k1_k2_q10_vs_k1,DNone_L1_Fsqrt__T020__pair_k1_k2_q10,DNone_L1_Fsqrt__T020__pure_k1,descriptive,57,0.0016651020879131701,0.0,-0.0009754423646072252,0.004613567719514387,23,16,18,0.0016652865691170213,paired_dataset_bootstrap_20000_seed41,selected_tree_fit_work,18.740767082815232
descriptive__DNone_L1_Fsqrt__T020__pair_k1_k2_q25_vs_k1,DNone_L1_Fsqrt__T020__pair_k1_k2_q25,DNone_L1_Fsqrt__T020__pure_k1,descriptive,57,0.0031780123473983597,0.00024999999999997247,-0.0010082930206579547,0.007761967205694621,29,13,15,0.0030426328590846432,paired_dataset_bootstrap_20000_seed41,selected_tree_fit_work,45.44261210514443
descriptive__DNone_L1_Fsqrt__T020__pair_k1_k2_q50_vs_k1,DNone_L1_Fsqrt__T020__pair_k1_k2_q50,DNone_L1_Fsqrt__T020__pure_k1,descriptive,57,0.005143297553695765,0.0016000000000000458,-0.0001981356509837556,0.010776136344987669,32,8,17,0.005379210657966189,paired_dataset_bootstrap_20000_seed41,selected_tree_fit_work,89.66466840250274
descriptive__DNone_L1_Fsqrt__T020__pair_k1_k3_q05_vs_k1,DNone_L1_Fsqrt__T020__pair_k1_k3_q05,DNone_L1_Fsqrt__T020__pure_k1,descriptive,57,0.00019891356584089107,0.0,-0.002322977171677968,0.0025468813976853607,23,18,16,-0.0006517097783698937,paired_dataset_bootstrap_20000_seed41,selected_tree_fit_work,181.686873199269
descriptive__DNone_L1_Fsqrt__T020__pair_k1_k3_q10_vs_k1,DNone_L1_Fsqrt__T020__pair_k1_k3_q10,DNone_L1_Fsqrt__T020__pure_k1,descriptive,57,-0.0009471278446046259,0.0,-0.0037925426083803486,0.001850544899527644,20,15,22,-0.0016625042382770296,paired_dataset_bootstrap_20000_seed41,selected_tree_fit_work,368.455785654139
descriptive__DNone_L1_Fsqrt__T020__pair_k1_k3_q25_vs_k1,DNone_L1_Fsqrt__T020__pair_k1_k3_q25,DNone_L1_Fsqrt__T020__pure_k1,descriptive,57,0.0017862317936634476,0.0,-0.0033698411548705185,0.007105301699528431,24,13,20,0.0003917748458407587,paired_dataset_bootstrap_20000_seed41,selected_tree_fit_work,922.4402458209566
descriptive__DNone_L1_Fsqrt__T020__pair_k1_k3_q50_vs_k1,DNone_L1_Fsqrt__T020__pair_k1_k3_q50,DNone_L1_Fsqrt__T020__pure_k1,descriptive,57,0.004921711900956228,0.0,-0.00264774891451437,0.013034723748296433,26,7,24,0.0023701047207848203,paired_dataset_bootstrap_20000_seed41,selected_tree_fit_work,1823.3231030471086
descriptive__DNone_L1_Fsqrt__T020__pair_k2_k3_q05_vs_k1,DNone_L1_Fsqrt__T020__pair_k2_k3_q05,DNone_L1_Fsqrt__T020__pure_k1,descriptive,57,0.00875094313673985,0.0028776978417266452,0.0002066506053656151,0.017347399754377664,31,7,19,0.006884704824579107,paired_dataset_bootstrap_20000_seed41,selected_tree_fit_work,351.05422172894146
descriptive__DNone_L1_Fsqrt__T020__pair_k2_k3_q10_vs_k1,DNone_L1_Fsqrt__T020__pair_k2_k3_q10,DNone_L1_Fsqrt__T020__pure_k1,descriptive,57,0.007952211941440001,0.0018126888217523396,-0.0004665212509624123,0.016395737383978596,31,8,18,0.004971034816443491,paired_dataset_bootstrap_20000_seed41,selected_tree_fit_work,528.9054737224925
descriptive__DNone_L1_Fsqrt__T020__pair_k2_k3_q25_vs_k1,DNone_L1_Fsqrt__T020__pair_k2_k3_q25,DNone_L1_Fsqrt__T020__pure_k1,descriptive,57,0.009785592257736418,0.0018126888217521175,0.0010658641503919254,0.01892727742262647,31,4,22,0.006157795947231313,paired_dataset_bootstrap_20000_seed41,selected_tree_fit_work,1056.1880888669812
descriptive__DNone_L1_Fsqrt__T020__pair_k2_k3_q50_vs_k1,DNone_L1_Fsqrt__T020__pair_k2_k3_q50,DNone_L1_Fsqrt__T020__pure_k1,descriptive,57,0.008883313984478707,0.0008196721311474198,-0.0010056633152800577,0.01952818270496637,29,5,23,0.004284349149802332,paired_dataset_bootstrap_20000_seed41,selected_tree_fit_work,1912.8488897957748
descriptive__DNone_L1_Fsqrt__T020__triple_85_10_05_vs_k1,DNone_L1_Fsqrt__T020__triple_85_10_05,DNone_L1_Fsqrt__T020__pure_k1,descriptive,57,0.0026337031126609663,0.0,-0.0006690977076748622,0.00597212986283431,27,16,14,0.0020026491771006154,paired_dataset_bootstrap_20000_seed41,selected_tree_fit_work,203.390133472619
descriptive__DNone_L1_Fsqrt__T040__pure_k2_vs_k1,DNone_L1_Fsqrt__T040__pure_k2,DNone_L1_Fsqrt__T040__pure_k1,descriptive,57,0.013022737508275775,0.0015624999999999112,0.004493464987757487,0.02205311669296298,30,8,19,0.012847676543569709,paired_dataset_bootstrap_20000_seed41,selected_tree_fit_work,179.97403227383234
descriptive__DNone_L1_Fsqrt__T040__pure_k3_vs_k1,DNone_L1_Fsqrt__T040__pure_k3,DNone_L1_Fsqrt__T040__pure_k1,descriptive,57,0.010590540556121679,1.1102230246251565e-16,-0.003520881317656308,0.025923396314044733,28,7,22,0.002790333852320325,paired_dataset_bootstrap_20000_seed41,selected_tree_fit_work,3646.013679218569
descriptive__DNone_L1_Fsqrt__T040__pair_k1_k2_q05_vs_k1,DNone_L1_Fsqrt__T040__pair_k1_k2_q05,DNone_L1_Fsqrt__T040__pure_k1,descriptive,57,0.001219554643085499,0.0,-0.0008907633512992517,0.003316233598125184,20,24,13,0.0014268901455100499,paired_dataset_bootstrap_20000_seed41,selected_tree_fit_work,9.93457654531284
descriptive__DNone_L1_Fsqrt__T040__pair_k1_k2_q10_vs_k1,DNone_L1_Fsqrt__T040__pair_k1_k2_q10,DNone_L1_Fsqrt__T040__pure_k1,descriptive,57,0.002342442811665505,0.0,-0.0009317699750765806,0.0054618884035473655,27,15,15,0.002580247073856027,paired_dataset_bootstrap_20000_seed41,selected_tree_fit_work,18.878952399146595
descriptive__DNone_L1_Fsqrt__T040__pair_k1_k2_q25_vs_k1,DNone_L1_Fsqrt__T040__pair_k1_k2_q25,DNone_L1_Fsqrt__T040__pure_k1,descriptive,57,0.005677343798479359,0.0021739130434783593,0.0021219203819833744,0.009426527613587251,31,14,12,0.005614268688886195,paired_dataset_bootstrap_20000_seed41,selected_tree_fit_work,45.77205954735578
descriptive__DNone_L1_Fsqrt__T040__pair_k1_k2_q50_vs_k1,DNone_L1_Fsqrt__T040__pair_k1_k2_q50,DNone_L1_Fsqrt__T040__pure_k1,descriptive,57,0.008915393299682425,0.0023809523809523725,0.004201906645863701,0.01361849313756122,32,13,12,0.009743390064123598,paired_dataset_bootstrap_20000_seed41,selected_tree_fit_work,90.33422526780575
descriptive__DNone_L1_Fsqrt__T040__pair_k1_k3_q05_vs_k1,DNone_L1_Fsqrt__T040__pair_k1_k3_q05,DNone_L1_Fsqrt__T040__pure_k1,descriptive,57,2.046460589156281e-05,0.0,-0.0018689191235241865,0.00182139809542732,19,21,17,0.00024186553410139954,paired_dataset_bootstrap_20000_seed41,selected_tree_fit_work,186.0782770919553
descriptive__DNone_L1_Fsqrt__T040__pair_k1_k3_q10_vs_k1,DNone_L1_Fsqrt__T040__pair_k1_k3_q10,DNone_L1_Fsqrt__T040__pure_k1,descriptive,57,0.0032944042780930476,0.0,0.0003669360319808947,0.006417561841934451,25,15,17,0.0028597322233496598,paired_dataset_bootstrap_20000_seed41,selected_tree_fit_work,371.5309853405777
descriptive__DNone_L1_Fsqrt__T040__pair_k1_k3_q25_vs_k1,DNone_L1_Fsqrt__T040__pair_k1_k3_q25,DNone_L1_Fsqrt__T040__pure_k1,descriptive,57,0.006303632464772087,0.0,0.0013144310993426674,0.011831855986628502,26,16,15,0.006662771149749677,paired_dataset_bootstrap_20000_seed41,selected_tree_fit_work,913.3795657096324
descriptive__DNone_L1_Fsqrt__T040__pair_k1_k3_q50_vs_k1,DNone_L1_Fsqrt__T040__pair_k1_k3_q50,DNone_L1_Fsqrt__T040__pure_k1,descriptive,57,0.011051134337761826,0.0,0.0034954294631755227,0.019619521435112846,28,12,17,0.009056789094483965,paired_dataset_bootstrap_20000_seed41,selected_tree_fit_work,1822.930450983348
descriptive__DNone_L1_Fsqrt__T040__pair_k2_k3_q05_vs_k1,DNone_L1_Fsqrt__T040__pair_k2_k3_q05,DNone_L1_Fsqrt__T040__pure_k1,descriptive,57,0.012600200207749344,0.0023809523809523725,0.004638027831922217,0.020769132787794093,32,8,17,0.012425283029583331,paired_dataset_bootstrap_20000_seed41,selected_tree_fit_work,356.1177328204748
descriptive__DNone_L1_Fsqrt__T040__pair_k2_k3_q10_vs_k1,DNone_L1_Fsqrt__T040__pair_k2_k3_q10,DNone_L1_Fsqrt__T040__pure_k1,descriptive,57,0.013717237376402657,0.0030211480362538623,0.005507935673663167,0.0223227509576892,31,9,17,0.012640241539707029,paired_dataset_bootstrap_20000_seed41,selected_tree_fit_work,532.6260652152635
descriptive__DNone_L1_Fsqrt__T040__pair_k2_k3_q25_vs_k1,DNone_L1_Fsqrt__T040__pair_k2_k3_q25,DNone_L1_Fsqrt__T040__pure_k1,descriptive,57,0.013832912128879915,0.0024169184290031565,0.0054155179410880485,0.022957436926159522,31,10,16,0.012825411794804377,paired_dataset_bootstrap_20000_seed41,selected_tree_fit_work,1047.581538436109
descriptive__DNone_L1_Fsqrt__T040__pair_k2_k3_q50_vs_k1,DNone_L1_Fsqrt__T040__pair_k2_k3_q50,DNone_L1_Fsqrt__T040__pure_k1,descriptive,57,0.013962785509348805,0.0029850746268654804,0.0038121863332874427,0.02522631994301217,31,9,17,0.012569711100097119,paired_dataset_bootstrap_20000_seed41,selected_tree_fit_work,1912.5702579893746
descriptive__DNone_L1_Fsqrt__T040__triple_85_10_05_vs_k1,DNone_L1_Fsqrt__T040__triple_85_10_05,DNone_L1_Fsqrt__T040__pure_k1,descriptive,57,0.0052965772410675585,0.0012499999999999734,0.0017998343697445051,0.008939468874967866,31,16,10,0.005369216892529975,paired_dataset_bootstrap_20000_seed41,selected_tree_fit_work,198.30950171664756
descriptive__DNone_L1_Fsqrt__T060__pure_k2_vs_k1,DNone_L1_Fsqrt__T060__pure_k2,DNone_L1_Fsqrt__T060__pure_k1,descriptive,57,0.01203408115696175,0.0019753086419752597,0.003126986835641902,0.021235809600206015,29,8,20,0.010943489518192857,paired_dataset_bootstrap_20000_seed41,selected_tree_fit_work,180.84309094606667
descriptive__DNone_L1_Fsqrt__T060__pure_k3_vs_k1,DNone_L1_Fsqrt__T060__pure_k3,DNone_L1_Fsqrt__T060__pure_k1,descriptive,57,0.009439741174367829,0.0,-0.0050592505400406974,0.024987370621630926,26,6,25,0.0030683200119406315,paired_dataset_bootstrap_20000_seed41,selected_tree_fit_work,3673.230997370547
descriptive__DNone_L1_Fsqrt__T060__pair_k1_k2_q05_vs_k1,DNone_L1_Fsqrt__T060__pair_k1_k2_q05,DNone_L1_Fsqrt__T060__pure_k1,descriptive,57,0.0011238922296406793,0.0,-0.0006200566568871684,0.0029820713363119884,17,27,13,0.0007616089848899594,paired_dataset_bootstrap_20000_seed41,selected_tree_fit_work,10.020573846381446
descriptive__DNone_L1_Fsqrt__T060__pair_k1_k2_q10_vs_k1,DNone_L1_Fsqrt__T060__pair_k1_k2_q10,DNone_L1_Fsqrt__T060__pure_k1,descriptive,57,0.002213731253872959,0.0,-0.0005544360088930293,0.005328831362835332,23,18,16,0.0027440240433979583,paired_dataset_bootstrap_20000_seed41,selected_tree_fit_work,19.02284610144716
descriptive__DNone_L1_Fsqrt__T060__pair_k1_k2_q25_vs_k1,DNone_L1_Fsqrt__T060__pair_k1_k2_q25,DNone_L1_Fsqrt__T060__pure_k1,descriptive,57,0.004060759806131627,0.0002500000000000835,-1.6758417920082815e-05,0.007994755378825836,29,15,13,0.0043899306275495,paired_dataset_bootstrap_20000_seed41,selected_tree_fit_work,46.00737816311407
descriptive__DNone_L1_Fsqrt__T060__pair_k1_k2_q50_vs_k1,DNone_L1_Fsqrt__T060__pair_k1_k2_q50,DNone_L1_Fsqrt__T060__pure_k1,descriptive,57,0.009241789454642987,0.004999999999999893,0.004264852238097345,0.014229129611057491,36,10,11,0.01015407829678894,paired_dataset_bootstrap_20000_seed41,selected_tree_fit_work,90.91844216205519
descriptive__DNone_L1_Fsqrt__T060__pair_k1_k3_q05_vs_k1,DNone_L1_Fsqrt__T060__pair_k1_k3_q05,DNone_L1_Fsqrt__T060__pure_k1,descriptive,57,0.001919072606872196,0.0,0.00012188840656613351,0.0037585345256069373,25,17,15,0.0017017889266401373,paired_dataset_bootstrap_20000_seed41,selected_tree_fit_work,184.21391322434536
descriptive__DNone_L1_Fsqrt__T060__pair_k1_k3_q10_vs_k1,DNone_L1_Fsqrt__T060__pair_k1_k3_q10,DNone_L1_Fsqrt__T060__pure_k1,descriptive,57,0.0027299953747893543,0.0,8.024116407286797e-05,0.005372406245328775,28,13,16,0.0022648190484597986,paired_dataset_bootstrap_20000_seed41,selected_tree_fit_work,373.2455435527001
descriptive__DNone_L1_Fsqrt__T060__pair_k1_k3_q25_vs_k1,DNone_L1_Fsqrt__T060__pair_k1_k3_q25,DNone_L1_Fsqrt__T060__pure_k1,descriptive,57,0.007652690780751171,0.0012962962962962399,0.002558262940361857,0.012959161514123076,31,12,14,0.00738289584657677,paired_dataset_bootstrap_20000_seed41,selected_tree_fit_work,925.3178856896318
descriptive__DNone_L1_Fsqrt__T060__pair_k1_k3_q50_vs_k1,DNone_L1_Fsqrt__T060__pair_k1_k3_q50,DNone_L1_Fsqrt__T060__pure_k1,descriptive,57,0.011214962697105486,0.0,0.00331015264940194,0.019786242874436023,27,8,22,0.008794054320257505,paired_dataset_bootstrap_20000_seed41,selected_tree_fit_work,1850.7549470433028
descriptive__DNone_L1_Fsqrt__T060__pair_k2_k3_q05_vs_k1,DNone_L1_Fsqrt__T060__pair_k2_k3_q05,DNone_L1_Fsqrt__T060__pure_k1,descriptive,57,0.01082954424849157,0.0,0.002222526579364235,0.019593088743975712,27,11,19,0.00983081712100613,paired_dataset_bootstrap_20000_seed41,selected_tree_fit_work,355.03643032403056
descriptive__DNone_L1_Fsqrt__T060__pair_k2_k3_q10_vs_k1,DNone_L1_Fsqrt__T060__pair_k2_k3_q10,DNone_L1_Fsqrt__T060__pure_k1,descriptive,57,0.010000381270955145,0.0,0.0016745652998599904,0.018499399277373124,27,10,20,0.009205363008598814,paired_dataset_bootstrap_20000_seed41,selected_tree_fit_work,535.0657883973196
descriptive__DNone_L1_Fsqrt__T060__pair_k2_k3_q25_vs_k1,DNone_L1_Fsqrt__T060__pair_k2_k3_q25,DNone_L1_Fsqrt__T060__pure_k1,descriptive,57,0.01165651693165244,0.0,0.0024836035667335867,0.02125629617257839,27,11,19,0.010573673921349839,paired_dataset_bootstrap_20000_seed41,selected_tree_fit_work,1060.1535984725845
descriptive__DNone_L1_Fsqrt__T060__pair_k2_k3_q50_vs_k1,DNone_L1_Fsqrt__T060__pair_k2_k3_q50,DNone_L1_Fsqrt__T060__pure_k1,descriptive,57,0.013182605553937932,0.0,0.003323623424911554,0.023875023496239815,28,10,19,0.011728599615769551,paired_dataset_bootstrap_20000_seed41,selected_tree_fit_work,1940.6795958273142
descriptive__DNone_L1_Fsqrt__T060__triple_85_10_05_vs_k1,DNone_L1_Fsqrt__T060__triple_85_10_05,DNone_L1_Fsqrt__T060__pure_k1,descriptive,57,0.004207141328503933,0.0,0.0005598295750319778,0.00793718181266294,28,15,14,0.004348979174662006,paired_dataset_bootstrap_20000_seed41,selected_tree_fit_work,203.31668733178648
descriptive__DNone_L1_Fsqrt__T100__pure_k2_vs_k1,DNone_L1_Fsqrt__T100__pure_k2,DNone_L1_Fsqrt__T100__pure_k1,descriptive,57,0.010761308184989776,0.0028776978417267562,0.0034521478281552657,0.018757713797477503,31,7,19,0.010723279733935366,paired_dataset_bootstrap_20000_seed41,selected_tree_fit_work,180.62037532736315
descriptive__DNone_L1_Fsqrt__T100__pure_k3_vs_k1,DNone_L1_Fsqrt__T100__pure_k3,DNone_L1_Fsqrt__T100__pure_k1,descriptive,57,0.007846346503665327,0.0,-0.007541062130937624,0.02438177267305672,24,10,23,0.0021536348038019622,paired_dataset_bootstrap_20000_seed41,selected_tree_fit_work,3648.28889183731
descriptive__DNone_L1_Fsqrt__T100__pair_k1_k2_q05_vs_k1,DNone_L1_Fsqrt__T100__pair_k1_k2_q05,DNone_L1_Fsqrt__T100__pure_k1,descriptive,57,0.0024736903322440415,0.0,0.0007158769636566714,0.004556140783567644,20,24,13,0.002760097027214929,paired_dataset_bootstrap_20000_seed41,selected_tree_fit_work,9.961185100615396
descriptive__DNone_L1_Fsqrt__T100__pair_k1_k2_q25_vs_k1,DNone_L1_Fsqrt__T100__pair_k1_k2_q25,DNone_L1_Fsqrt__T100__pure_k1,descriptive,57,0.004213436303193192,0.0,0.00023302222738881762,0.008350326149932644,26,13,18,0.004492899556336267,paired_dataset_bootstrap_20000_seed41,selected_tree_fit_work,45.82702944411469
descriptive__DNone_L1_Fsqrt__T100__pair_k1_k2_q50_vs_k1,DNone_L1_Fsqrt__T100__pair_k1_k2_q50,DNone_L1_Fsqrt__T100__pure_k1,descriptive,57,0.0076222545053673514,0.0014197530864198393,0.002700470171406418,0.01275232760457704,29,12,16,0.007856407905749523,paired_dataset_bootstrap_20000_seed41,selected_tree_fit_work,90.7140061286157
descriptive__DNone_L1_Fsqrt__T100__pair_k1_k3_q05_vs_k1,DNone_L1_Fsqrt__T100__pair_k1_k3_q05,DNone_L1_Fsqrt__T100__pure_k1,descriptive,57,0.0014473028590453099,0.0,-0.0003724632558846875,0.0034309110624710687,19,20,18,0.0020182246837927346,paired_dataset_bootstrap_20000_seed41,selected_tree_fit_work,182.12464358382272
descriptive__DNone_L1_Fsqrt__T100__pair_k1_k3_q25_vs_k1,DNone_L1_Fsqrt__T100__pair_k1_k3_q25,DNone_L1_Fsqrt__T100__pure_k1,descriptive,57,0.007143817107517168,0.0,0.0022803362015787506,0.01304293357048045,26,15,16,0.006822542931562002,paired_dataset_bootstrap_20000_seed41,selected_tree_fit_work,913.4964591765938
descriptive__DNone_L1_Fsqrt__T100__pair_k1_k3_q50_vs_k1,DNone_L1_Fsqrt__T100__pair_k1_k3_q50,DNone_L1_Fsqrt__T100__pure_k1,descriptive,57,0.009508315077409478,0.0,0.0015889291129311746,0.018775968997218808,24,14,19,0.008475143767667198,paired_dataset_bootstrap_20000_seed41,selected_tree_fit_work,1834.022857456096
descriptive__DNone_L1_Fsqrt__T100__pair_k2_k3_q05_vs_k1,DNone_L1_Fsqrt__T100__pair_k2_k3_q05,DNone_L1_Fsqrt__T100__pure_k1,descriptive,57,0.010178486978508776,0.002749999999999919,0.002745049228056199,0.018260073688633936,30,8,19,0.009411749850867015,paired_dataset_bootstrap_20000_seed41,selected_tree_fit_work,352.7838338105704
descriptive__DNone_L1_Fsqrt__T100__pair_k2_k3_q10_vs_k1,DNone_L1_Fsqrt__T100__pair_k2_k3_q10,DNone_L1_Fsqrt__T100__pure_k1,descriptive,57,0.009997401574911262,0.0011728395061729735,0.002278514787696931,0.018368267125472147,29,10,18,0.009710760176707052,paired_dataset_bootstrap_20000_seed41,selected_tree_fit_work,528.7597157695429
descriptive__DNone_L1_Fsqrt__T100__pair_k2_k3_q25_vs_k1,DNone_L1_Fsqrt__T100__pair_k2_k3_q25,DNone_L1_Fsqrt__T100__pure_k1,descriptive,57,0.011604415142423987,0.0019753086419753707,0.0031680892461288623,0.021019393325418342,29,9,19,0.011020861775202381,paired_dataset_bootstrap_20000_seed41,selected_tree_fit_work,1048.2898050598421
descriptive__DNone_L1_Fsqrt__T100__pair_k2_k3_q50_vs_k1,DNone_L1_Fsqrt__T100__pair_k2_k3_q50,DNone_L1_Fsqrt__T100__pure_k1,descriptive,57,0.010166964082808235,0.0,6.44337670141072e-05,0.021780838457784345,27,11,19,0.00864818766149198,paired_dataset_bootstrap_20000_seed41,selected_tree_fit_work,1923.9292266548437
descriptive__DNone_L1_Fsqrt__T100__triple_85_10_05_vs_k1,DNone_L1_Fsqrt__T100__triple_85_10_05,DNone_L1_Fsqrt__T100__pure_k1,descriptive,57,0.002785792347287328,0.0,-0.00023522449042804165,0.006040579367099558,22,17,18,0.002871164308111534,paired_dataset_bootstrap_20000_seed41,selected_tree_fit_work,202.3418503798031
descriptive__DNone_L1_Fsqrt__T200__pure_k2_vs_k1,DNone_L1_Fsqrt__T200__pure_k2,DNone_L1_Fsqrt__T200__pure_k1,descriptive,57,0.010189916352793827,0.0023809523809523725,0.0028176052864866147,0.017797257842686272,31,8,18,0.00934992636142379,paired_dataset_bootstrap_20000_seed41,selected_tree_fit_work,182.9568779460002
descriptive__DNone_L1_Fsqrt__T200__pure_k3_vs_k1,DNone_L1_Fsqrt__T200__pure_k3,DNone_L1_Fsqrt__T200__pure_k1,descriptive,57,0.00935148682436751,0.0028776978417267562,-0.006091786189760002,0.025281783549215866,32,5,20,0.0039561573013256095,paired_dataset_bootstrap_20000_seed41,selected_tree_fit_work,3622.189074254921
descriptive__DNone_L1_Fsqrt__T200__pair_k1_k2_q05_vs_k1,DNone_L1_Fsqrt__T200__pair_k1_k2_q05,DNone_L1_Fsqrt__T200__pure_k1,descriptive,57,0.0012418983727240714,0.0,-4.432422387977617e-05,0.002622261850335037,17,31,9,0.0014600602175303455,paired_dataset_bootstrap_20000_seed41,selected_tree_fit_work,10.149936726214932
descriptive__DNone_L1_Fsqrt__T200__pair_k1_k2_q10_vs_k1,DNone_L1_Fsqrt__T200__pair_k1_k2_q10,DNone_L1_Fsqrt__T200__pure_k1,descriptive,57,0.003240242318551849,0.0,0.0012951117952828346,0.005330628367463464,26,21,10,0.00350630773419702,paired_dataset_bootstrap_20000_seed41,selected_tree_fit_work,19.25006466764052
descriptive__DNone_L1_Fsqrt__T200__pair_k1_k2_q25_vs_k1,DNone_L1_Fsqrt__T200__pair_k1_k2_q25,DNone_L1_Fsqrt__T200__pure_k1,descriptive,57,0.005355522232893791,0.0013245033112582183,0.0020006903709655017,0.00883814298448354,30,16,11,0.005236815089338735,paired_dataset_bootstrap_20000_seed41,selected_tree_fit_work,46.53021915421627
descriptive__DNone_L1_Fsqrt__T200__pair_k1_k2_q50_vs_k1,DNone_L1_Fsqrt__T200__pair_k1_k2_q50,DNone_L1_Fsqrt__T200__pure_k1,descriptive,57,0.009718616196162185,0.0037037037037035425,0.005379558440412941,0.014377987250593577,35,11,11,0.010271861490740209,paired_dataset_bootstrap_20000_seed41,selected_tree_fit_work,91.99522222806857
descriptive__DNone_L1_Fsqrt__T200__pair_k1_k3_q05_vs_k1,DNone_L1_Fsqrt__T200__pair_k1_k3_q05,DNone_L1_Fsqrt__T200__pure_k1,descriptive,57,0.0011203322562829078,0.0,-0.0004857958457099667,0.0027900162709299688,18,25,14,0.0011891047829186375,paired_dataset_bootstrap_20000_seed41,selected_tree_fit_work,182.31362056350966
descriptive__DNone_L1_Fsqrt__T200__pair_k1_k3_q10_vs_k1,DNone_L1_Fsqrt__T200__pair_k1_k3_q10,DNone_L1_Fsqrt__T200__pure_k1,descriptive,57,0.0035891960054075392,0.0,0.0013144274976960555,0.006061749917501162,26,18,13,0.003774239926510739,paired_dataset_bootstrap_20000_seed41,selected_tree_fit_work,363.51836436645937
descriptive__DNone_L1_Fsqrt__T200__pair_k1_k3_q25_vs_k1,DNone_L1_Fsqrt__T200__pair_k1_k3_q25,DNone_L1_Fsqrt__T200__pure_k1,descriptive,57,0.00862633337614597,0.0050000000000001155,0.004125231158668786,0.013759288344923137,32,13,12,0.008058915581984771,paired_dataset_bootstrap_20000_seed41,selected_tree_fit_work,903.5405057028412
descriptive__DNone_L1_Fsqrt__T200__pair_k1_k3_q50_vs_k1,DNone_L1_Fsqrt__T200__pair_k1_k3_q50,DNone_L1_Fsqrt__T200__pure_k1,descriptive,57,0.012538469713645074,0.004687499999999956,0.004886570373360806,0.021168952372819343,34,10,13,0.011589231154663149,paired_dataset_bootstrap_20000_seed41,selected_tree_fit_work,1811.5686516656383
descriptive__DNone_L1_Fsqrt__T200__pair_k2_k3_q05_vs_k1,DNone_L1_Fsqrt__T200__pair_k2_k3_q05,DNone_L1_Fsqrt__T200__pure_k1,descriptive,57,0.009654950581424815,0.0023809523809523725,0.0022324888081228585,0.0175465058366428,32,7,18,0.00865668377575866,paired_dataset_bootstrap_20000_seed41,selected_tree_fit_work,355.1205617832948
descriptive__DNone_L1_Fsqrt__T200__pair_k2_k3_q10_vs_k1,DNone_L1_Fsqrt__T200__pair_k2_k3_q10,DNone_L1_Fsqrt__T200__pure_k1,descriptive,57,0.00986210458185457,0.0023809523809523725,0.002404120543235121,0.017979628747337384,31,9,17,0.009463840318068883,paired_dataset_bootstrap_20000_seed41,selected_tree_fit_work,527.2251776448192
descriptive__DNone_L1_Fsqrt__T200__pair_k2_k3_q25_vs_k1,DNone_L1_Fsqrt__T200__pair_k2_k3_q25,DNone_L1_Fsqrt__T200__pure_k1,descriptive,57,0.010257906629183019,0.0012084592145014117,0.0015585587137256537,0.019904626735184474,30,9,18,0.009920308287196148,paired_dataset_bootstrap_20000_seed41,selected_tree_fit_work,1039.967164494625
descriptive__DNone_L1_Fsqrt__T200__pair_k2_k3_q50_vs_k1,DNone_L1_Fsqrt__T200__pair_k2_k3_q50,DNone_L1_Fsqrt__T200__pure_k1,descriptive,57,0.01007670660474217,0.0028776978417267562,0.00012665083502156612,0.021305583768026156,32,6,19,0.009096880152098148,paired_dataset_bootstrap_20000_seed41,selected_tree_fit_work,1902.53030738357
descriptive__DNone_L1_Fsqrt__T200__triple_85_10_05_vs_k1,DNone_L1_Fsqrt__T200__triple_85_10_05,DNone_L1_Fsqrt__T200__pure_k1,descriptive,57,0.0045043040746710755,0.00037037037037035425,0.002034285879213023,0.007060422301286851,30,16,11,0.0048057923057011065,paired_dataset_bootstrap_20000_seed41,selected_tree_fit_work,199.4214029057088
descriptive__DNone_L1_Fsqrt__single_k2_vs_cart,DNone_L1_Fsqrt__single_k2,DNone_L1_Fsqrt__cart,descriptive,57,0.01953756432976165,0.015384615384615441,0.00851709676250811,0.03092662462297884,35,6,16,0.019981242865240306,paired_dataset_bootstrap_20000_seed41,single_tree_fit_wall,167.50359503314274
descriptive__DNone_L1_Fsqrt__single_k3_vs_cart,DNone_L1_Fsqrt__single_k3,DNone_L1_Fsqrt__cart,descriptive,57,0.008209428805229887,0.011940298507462699,-0.006564323901795202,0.022741697666864232,32,2,23,0.0019609946538340353,paired_dataset_bootstrap_20000_seed41,single_tree_fit_wall,4409.504548434227
