stage,model_id,n_datasets,repeats_per_dataset,aggregation,task_depth,max_features,composition_id,composition_twentieths,accuracy,balanced_accuracy,fit_work_s,median_dataset_fit_work_s,prediction_work_s,median_dataset_prediction_work_s,mean_actual_depth,mean_n_leaves,n_estimators,mean_horizon,accuracy_ci_low,accuracy_ci_high,direct_fit_time_s,median_dataset_direct_fit_time_s,test_prediction_wall_s,median_dataset_test_prediction_wall_s
fixed_forest,D3_L1_Fall__T020__pair_k1_k2_q05,57,5,repeat_mean_then_equal_dataset_mean,3,all,pair_k1_k2_q05,"[19,1,0]",0.7278366845256843,0.6722021675364611,0.030620315509211075,0.019421449676156045,0.00198520394695694,0.0017316925339400768,2.936140350877193,6.454035087719298,20.0,1.0499999999999998,0.6787770856723211,0.7742795337066719,,,,
fixed_forest,D3_L1_Fall__T020__pair_k1_k2_q10,57,5,repeat_mean_then_equal_dataset_mean,3,all,pair_k1_k2_q10,"[18,2,0]",0.7337271196501336,0.6778982118766755,0.04700391138822101,0.026854459196329117,0.0023025272054630415,0.001793399266898632,2.939298245614035,6.503508771929825,20.0,1.0999999999999999,0.6853158381896144,0.7795403529061784,,,,
fixed_forest,D3_L1_Fall__T020__pair_k1_k2_q25,57,5,repeat_mean_then_equal_dataset_mean,3,all,pair_k1_k2_q25,"[15,5,0]",0.7406357818456335,0.6850835907435039,0.09546021775489574,0.0479467574506998,0.0032936953449327695,0.0023133075796067716,2.95,6.655614035087719,20.0,1.25,0.6910635322492912,0.7870970877699918,,,,
fixed_forest,D3_L1_Fall__T020__pair_k1_k2_q50,57,5,repeat_mean_then_equal_dataset_mean,3,all,pair_k1_k2_q50,"[10,10,0]",0.745330487699666,0.6906481110651885,0.1769183927869195,0.0780753256753087,0.00499203716355719,0.0033225581981241705,2.966842105263158,6.916315789473685,20.0,1.5,0.6943369398178315,0.7922051894725851,,,,
fixed_forest,D3_L1_Fall__T020__pair_k1_k3_q05,57,5,repeat_mean_then_equal_dataset_mean,3,all,pair_k1_k3_q05,"[19,0,1]",0.7292030097423545,0.6732764427678328,0.8347361484346423,0.16500868350267411,0.0020682835167175847,0.0017632744275033474,2.936140350877193,6.461052631578947,20.0,1.0999999999999999,0.6804908211106544,0.7756118557227174,,,,
fixed_forest,D3_L1_Fall__T020__pair_k1_k3_q10,57,5,repeat_mean_then_equal_dataset_mean,3,all,pair_k1_k3_q10,"[18,0,2]",0.7353372869415102,0.6795276055686944,1.653873797876989,0.3217874669469893,0.0024577418652673563,0.001966007146984339,2.939298245614035,6.518070175438596,20.0,1.2000000000000002,0.6869113873194161,0.7813229657749318,,,,
fixed_forest,D3_L1_Fall__T020__pair_k1_k3_q25,57,5,repeat_mean_then_equal_dataset_mean,3,all,pair_k1_k3_q25,"[15,0,5]",0.744060426997623,0.6879670481112696,4.052388851529216,0.7899779174476862,0.003609081867494081,0.0026497491635382175,2.95,6.690877192982456,20.0,1.5,0.6952220885766873,0.7900856413856947,,,,
fixed_forest,D3_L1_Fall__T020__pair_k1_k3_q50,57,5,repeat_mean_then_equal_dataset_mean,3,all,pair_k1_k3_q50,"[10,0,10]",0.7482698246941254,0.6931129162985032,8.05545021737027,1.532889334205538,0.005450314312781156,0.003672783449292183,2.966842105263158,6.977894736842106,20.0,2.0,0.697758638731241,0.7954326917436597,,,,
fixed_forest,D3_L1_Fall__T020__pair_k2_k3_q05,57,5,repeat_mean_then_equal_dataset_mean,3,all,pair_k2_k3_q05,"[0,19,1]",0.7468042209381204,0.6918180489085389,1.1422496092799854,0.2622247586026788,0.008365364763232176,0.005024668015539646,3.0,7.437368421052632,20.0,2.0500000000000003,0.6963636303224713,0.7935171555684971,,,,
fixed_forest,D3_L1_Fall__T020__pair_k2_k3_q10,57,5,repeat_mean_then_equal_dataset_mean,3,all,pair_k2_k3_q10,"[0,18,2]",0.747569297593085,0.6916728095892846,1.9450036628433223,0.4083890086039901,0.008437499853275847,0.005055191833525896,3.0,7.444912280701755,20.0,2.0999999999999996,0.6965590110941768,0.7944966785689013,,,,
fixed_forest,D3_L1_Fall__T020__pair_k2_k3_q25,57,5,repeat_mean_then_equal_dataset_mean,3,all,pair_k2_k3_q25,"[0,15,5]",0.7464834612346424,0.6899418004436495,4.2950624101288755,0.8629512422718107,0.008597671716032844,0.00527291763573885,3.0,7.46561403508772,20.0,2.25,0.6945690506551281,0.7941937462685178,,,,
fixed_forest,D3_L1_Fall__T020__pair_k2_k3_q50,57,5,repeat_mean_then_equal_dataset_mean,3,all,pair_k2_k3_q50,"[0,10,10]",0.7466906333446958,0.690394510241312,8.216665600937905,1.5830000928603112,0.0087405623426955,0.005321150459349155,3.0,7.491929824561403,20.0,2.5,0.6957336255130357,0.7937947973093293,,,,
fixed_forest,D3_L1_Fall__T020__pure_k1,57,5,repeat_mean_then_equal_dataset_mean,3,all,pure_k1,"[20,0,0]",0.7215456072611308,0.6653658843173218,0.014227090740020862,0.012318815663456916,0.0016534739517067608,0.0015525758266448975,2.933333333333333,6.404912280701754,20.0,1.0,0.6721051598455943,0.7688553382424299,,,,
fixed_forest,D3_L1_Fall__T020__pure_k2,57,5,repeat_mean_then_equal_dataset_mean,3,all,pure_k2,"[0,20,0]",0.7479038187273203,0.6939695631798894,0.33813377635455444,0.12697994140908123,0.008282285193471533,0.004963492974638939,3.0,7.430350877192983,20.0,2.0,0.6973729205361692,0.7945426341945626,,,,
fixed_forest,D3_L1_Fall__T020__pure_k3,57,5,repeat_mean_then_equal_dataset_mean,3,all,pure_k3,"[0,0,20]",0.7474051727665381,0.6911551357888784,16.078760557009005,3.093178700748831,0.009154389128742512,0.005891582183539868,3.0,7.552807017543859,20.0,3.0,0.6962047039146704,0.7948345784146,,,,
fixed_forest,D3_L1_Fall__T020__triple_85_10_05,57,5,repeat_mean_then_equal_dataset_mean,3,all,triple_85_10_05,"[17,2,1]",0.7361363194992577,0.6803914595030843,0.8612745612091794,0.17455840865150093,0.002684360017117701,0.0020340739749372004,2.943333333333333,6.563508771929825,20.0,1.2000000000000002,0.6868309367769668,0.7824811567530394,,,,
fixed_forest,D3_L1_Fall__T040__pair_k1_k2_q05,57,5,repeat_mean_then_equal_dataset_mean,3,all,pair_k1_k2_q05,"[19,1,0]",0.7303468367110272,0.6748239517147376,0.06055269706830905,0.04119727462530136,0.003975455814220926,0.0033569243736565114,2.93859649122807,6.457982456140352,40.0,1.0499999999999998,0.6800621934227369,0.7774394480345105,,,,
fixed_forest,D3_L1_Fall__T040__pair_k1_k2_q10,57,5,repeat_mean_then_equal_dataset_mean,3,all,pair_k1_k2_q10,"[18,2,0]",0.7336841120951874,0.6779448126688657,0.09279718592338132,0.05406372528523207,0.004614807912066841,0.003594440221786499,2.9417543859649125,6.511228070175438,40.0,1.0999999999999999,0.6833725287729946,0.7804815092351349,,,,
fixed_forest,D3_L1_Fall__T040__pair_k1_k2_q25,57,5,repeat_mean_then_equal_dataset_mean,3,all,pair_k1_k2_q25,"[15,5,0]",0.7412101659829144,0.6843254102112025,0.18909405969867582,0.09269051542505621,0.006589495955982753,0.004741275776177644,2.9512280701754388,6.663947368421053,40.0,1.25,0.6900943649066181,0.7885389772647732,,,,
fixed_forest,D3_L1_Fall__T040__pair_k1_k2_q50,57,5,repeat_mean_then_equal_dataset_mean,3,all,pair_k1_k2_q50,"[10,10,0]",0.7445104588426005,0.6889412252265849,0.3504826793822934,0.1520168349146843,0.009861688807672053,0.006402351148426533,2.9671929824561403,6.9229824561403515,40.0,1.5,0.6931869579599644,0.7915655228558117,,,,
fixed_forest,D3_L1_Fall__T040__pair_k1_k3_q05,57,5,repeat_mean_then_equal_dataset_mean,3,all,pair_k1_k3_q05,"[19,0,1]",0.7299115074177208,0.6729250842061224,1.6523675517767276,0.3190895991399884,0.004114415918133761,0.0034760657697916033,2.93859649122807,6.464736842105263,40.0,1.0999999999999999,0.6793320903077885,0.7770708781378567,,,,
fixed_forest,D3_L1_Fall__T040__pair_k1_k3_q10,57,5,repeat_mean_then_equal_dataset_mean,3,all,pair_k1_k3_q10,"[18,0,2]",0.7364345121533912,0.6797789579300391,3.2623439048498613,0.633482890855521,0.004883431427572904,0.003901299647986889,2.9417543859649125,6.525,40.0,1.2000000000000002,0.6864430073119625,0.7831474056283605,,,,
fixed_forest,D3_L1_Fall__T040__pair_k1_k3_q25,57,5,repeat_mean_then_equal_dataset_mean,3,all,pair_k1_k3_q25,"[15,0,5]",0.7439026999253189,0.6867810825546645,7.998279193517541,1.5234902830794455,0.007080795522779224,0.005403824709355831,2.9512280701754388,6.69921052631579,40.0,1.5,0.6934871409525101,0.7906590215901405,,,,
fixed_forest,D3_L1_Fall__T040__pair_k1_k3_q50,57,5,repeat_mean_then_equal_dataset_mean,3,all,pair_k1_k3_q50,"[10,0,10]",0.7523421112572027,0.6959717170987837,16.005567639633163,3.021401791740209,0.010765345987716788,0.0073163328692317006,2.9671929824561403,6.986578947368422,40.0,2.0,0.7019115080141157,0.7987404428450265,,,,
fixed_forest,D3_L1_Fall__T040__pair_k2_k3_q05,57,5,repeat_mean_then_equal_dataset_mean,3,all,pair_k2_k3_q05,"[0,19,1]",0.7431638155902691,0.6872809940611807,2.264569350227452,0.5340223914012313,0.01656104932261402,0.009581351280212402,3.0,7.437105263157894,40.0,2.0500000000000003,0.6913586184484394,0.790837816787579,,,,
fixed_forest,D3_L1_Fall__T040__pair_k2_k3_q10,57,5,repeat_mean_then_equal_dataset_mean,3,all,pair_k2_k3_q10,"[0,18,2]",0.746086327677429,0.6902229357736498,3.8423012144455133,0.7989285667426884,0.01669071273420725,0.00991329262033105,3.0,7.444122807017544,40.0,2.0999999999999996,0.694511228866692,0.7933564584325145,,,,
fixed_forest,D3_L1_Fall__T040__pair_k2_k3_q25,57,5,repeat_mean_then_equal_dataset_mean,3,all,pair_k2_k3_q25,"[0,15,5]",0.7464580495007695,0.6905081443610462,8.481939629337898,1.6628597671166063,0.01691338878549766,0.010347834322601557,3.0,7.465614035087719,40.0,2.25,0.6948233623636213,0.7939268033026551,,,,
fixed_forest,D3_L1_Fall__T040__pair_k2_k3_q50,57,5,repeat_mean_then_equal_dataset_mean,3,all,pair_k2_k3_q50,"[0,10,10]",0.7466417890183668,0.690043831462089,16.327839455769904,3.115166450291872,0.01732574639874592,0.010688733216375113,3.0,7.493947368421052,40.0,2.5,0.6949788020448765,0.7940529270214888,,,,
fixed_forest,D3_L1_Fall__T040__pure_k1,57,5,repeat_mean_then_equal_dataset_mean,3,all,pure_k1,"[20,0,0]",0.7236518161396561,0.6672204290915427,0.02803595546927107,0.023832550272345543,0.003323818950734118,0.0030350768007338046,2.9357894736842107,6.407982456140351,40.0,1.0,0.6732710864089736,0.7708569213036883,,,,
fixed_forest,D3_L1_Fall__T040__pure_k2,57,5,repeat_mean_then_equal_dataset_mean,3,all,pure_k2,"[0,20,0]",0.7426458259178893,0.6869616323248562,0.6727544955190337,0.25474105793982743,0.016422089218701186,0.009475341811776162,3.0,7.430350877192982,40.0,2.0,0.691004971143949,0.7902298067748899,,,,
fixed_forest,D3_L1_Fall__T040__pure_k3,57,5,repeat_mean_then_equal_dataset_mean,3,all,pure_k3,"[0,0,20]",0.7491700563045688,0.692270605093865,32.02312076531122,6.072431025281548,0.01835328433989433,0.012592883221805096,3.0,7.557894736842105,40.0,3.0,0.6985871129096348,0.7958435601441637,,,,
fixed_forest,D3_L1_Fall__T040__triple_85_10_05,57,5,repeat_mean_then_equal_dataset_mean,3,all,triple_85_10_05,"[17,2,1]",0.7380085048420058,0.6825133157865907,1.6796398289910142,0.332693740632385,0.005373046001452103,0.004075240157544613,2.9454385964912277,6.568596491228069,40.0,1.2000000000000002,0.6878813960496059,0.7848241385701193,,,,
fixed_forest,D3_L1_Fall__T060__pair_k1_k2_q05,57,5,repeat_mean_then_equal_dataset_mean,3,all,pair_k1_k2_q05,"[19,1,0]",0.7315473848369853,0.6755675917603544,0.09000911637813899,0.06159699112176895,0.005820657133141107,0.005086031462997198,2.938187134502924,6.452222222222222,60.0,1.0499999999999998,0.6811004010978284,0.7785391771918648,,,,
fixed_forest,D3_L1_Fall__T060__pair_k1_k2_q10,57,5,repeat_mean_then_equal_dataset_mean,3,all,pair_k1_k2_q10,"[18,2,0]",0.7358721071847029,0.6799174896929315,0.13847344776027298,0.08248981488868594,0.006780503374900212,0.005551972799003125,2.9414035087719297,6.504561403508772,60.0,1.0999999999999999,0.6853189233952726,0.7826415173995468,,,,
fixed_forest,D3_L1_Fall__T060__pair_k1_k2_q25,57,5,repeat_mean_then_equal_dataset_mean,3,all,pair_k1_k2_q25,"[15,5,0]",0.7432759422378875,0.6876157435640213,0.2835820231799102,0.13636614196002483,0.009730265560772337,0.007117141969501972,2.9509356725146194,6.657543859649123,60.0,1.25,0.6924475613214297,0.790238130950753,,,,
fixed_forest,D3_L1_Fall__T060__pair_k1_k2_q50,57,5,repeat_mean_then_equal_dataset_mean,3,all,pair_k1_k2_q50,"[10,10,0]",0.7463476846730613,0.6915424907629685,0.5252481464868444,0.22459224369376898,0.014682876924869782,0.009711232781410218,2.967017543859649,6.915730994152048,60.0,1.5,0.695353712376245,0.7934507806003165,,,,
fixed_forest,D3_L1_Fall__T060__pair_k1_k3_q05,57,5,repeat_mean_then_equal_dataset_mean,3,all,pair_k1_k3_q05,"[19,0,1]",0.733761174118794,0.6780589032012699,2.458309896535387,0.5065447840839624,0.006017046016559266,0.005190805718302727,2.938187134502924,6.458771929824561,60.0,1.0999999999999999,0.6835733090489526,0.7805617247554361,,,,
fixed_forest,D3_L1_Fall__T060__pair_k1_k3_q10,57,5,repeat_mean_then_equal_dataset_mean,3,all,pair_k1_k3_q10,"[18,0,2]",0.7384850169114376,0.6822445385434012,4.859129885505689,0.9959903235547245,0.007173501152806638,0.005993623752146959,2.9414035087719297,6.51766081871345,60.0,1.2000000000000002,0.6882021954252752,0.7853841712562599,,,,
fixed_forest,D3_L1_Fall__T060__pair_k1_k3_q25,57,5,repeat_mean_then_equal_dataset_mean,3,all,pair_k1_k3_q25,"[15,0,5]",0.749229192096773,0.6934997310978568,12.023866247055693,2.4058891010470687,0.01054031239626439,0.008044199552386999,2.9509356725146194,6.69157894736842,60.0,1.5,0.6988672787365822,0.7956939763205683,,,,
fixed_forest,D3_L1_Fall__T060__pair_k1_k3_q50,57,5,repeat_mean_then_equal_dataset_mean,3,all,pair_k1_k3_q50,"[10,0,10]",0.7532026045180403,0.6981702553179041,24.05781251555799,4.729322682786733,0.016186348301472895,0.010850882157683372,2.967017543859649,6.98,60.0,2.0,0.7027006886421472,0.7995931105754933,,,,
fixed_forest,D3_L1_Fall__T060__pair_k2_k3_q05,57,5,repeat_mean_then_equal_dataset_mean,3,all,pair_k2_k3_q05,"[0,19,1]",0.7466393169836916,0.691816691470021,3.376859764849538,0.7926127004437149,0.024877178224555235,0.01507750041782856,3.0,7.431286549707603,60.0,2.0500000000000003,0.6954621519996631,0.7936169183427074,,,,
fixed_forest,D3_L1_Fall__T060__pair_k2_k3_q10,57,5,repeat_mean_then_equal_dataset_mean,3,all,pair_k2_k3_q10,"[0,18,2]",0.7479944488786778,0.6925158434266753,5.729215422437706,1.2827654751949011,0.0250737871190435,0.015211941953748465,3.0,7.437836257309942,60.0,2.0999999999999996,0.6970824690740667,0.7948196736972879,,,,
fixed_forest,D3_L1_Fall__T060__pair_k2_k3_q25,57,5,repeat_mean_then_equal_dataset_mean,3,all,pair_k2_k3_q25,"[0,15,5]",0.7502932477304622,0.6952898626234595,12.748843208568072,2.612354491930455,0.025490836176629127,0.015719942189753054,3.0,7.458771929824561,60.0,2.25,0.6999228775908335,0.7965949021458913,,,,
fixed_forest,D3_L1_Fall__T060__pair_k2_k3_q50,57,5,repeat_mean_then_equal_dataset_mean,3,all,pair_k2_k3_q50,"[0,10,10]",0.7513336656319753,0.6953184558939765,24.541123353763435,4.961569641437381,0.02618426071774018,0.016137515287846328,3.0,7.489005847953217,60.0,2.5,0.6999817634792594,0.7984182267316862,,,,
fixed_forest,D3_L1_Fall__T060__pure_k1,57,5,repeat_mean_then_equal_dataset_mean,3,all,pure_k1,"[20,0,0]",0.7260463763246335,0.6698005018358871,0.04138904409319685,0.03541959198191762,0.004840252239649233,0.00448359977453947,2.935380116959064,6.4016959064327486,60.0,1.0,0.6760345941039495,0.7730057118256317,,,,
fixed_forest,D3_L1_Fall__T060__pure_k2,57,5,repeat_mean_then_equal_dataset_mean,3,all,pure_k2,"[0,20,0]",0.7464745412508579,0.691719500231302,1.0085589846922902,0.38590618344023825,0.02468078934113707,0.015028392523527145,3.0,7.424736842105263,60.0,2.0,0.695513020251633,0.7934218961698586,,,,
fixed_forest,D3_L1_Fall__T060__pure_k3,57,5,repeat_mean_then_equal_dataset_mean,3,all,pure_k3,"[0,0,20]",0.7491822631420854,0.6926427422596202,48.05792316316317,9.430726176034659,0.027689983132050223,0.01872569415718317,3.0,7.552573099415205,60.0,3.0,0.6986045491228515,0.795872418549613,,,,
fixed_forest,D3_L1_Fall__T060__triple_85_10_05,57,5,repeat_mean_then_equal_dataset_mean,3,all,triple_85_10_05,"[17,2,1]",0.7412859044992575,0.6852461802472967,2.5436912858025416,0.519420241843909,0.007938033067866376,0.006210965290665627,2.9449122807017547,6.563567251461988,60.0,1.2000000000000002,0.6914736474502193,0.7875814198881658,,,,
fixed_forest,D3_L1_Fall__T100__pair_k1_k2_q05,57,5,repeat_mean_then_equal_dataset_mean,3,all,pair_k1_k2_q05,"[19,1,0]",0.7328621071553328,0.6761826236506939,0.1485177370131408,0.09711611848324538,0.009507896102507388,0.008264134079217911,2.9381052631578943,6.447684210526316,100.0,1.0499999999999998,0.6826472722763776,0.7797494857941109,,,,
fixed_forest,D3_L1_Fall__T100__pair_k1_k2_q10,57,5,repeat_mean_then_equal_dataset_mean,3,all,pair_k1_k2_q10,"[18,2,0]",0.7393487051314181,0.6835240491847818,0.2293337105953118,0.13694007555022836,0.011140686433696955,0.009051490668207407,2.9414736842105267,6.5004561403508765,100.0,1.0999999999999999,0.6888183908823718,0.7863588308982932,,,,
fixed_forest,D3_L1_Fall__T100__pair_k1_k2_q25,57,5,repeat_mean_then_equal_dataset_mean,3,all,pair_k1_k2_q25,"[15,5,0]",0.7457259471362797,0.6892221577119982,0.4708810293850931,0.2253974168561399,0.016134396125154014,0.011672033183276653,2.9511929824561407,6.652,100.0,1.25,0.6943183712003635,0.7931607149898336,,,,
fixed_forest,D3_L1_Fall__T100__pair_k1_k2_q50,57,5,repeat_mean_then_equal_dataset_mean,3,all,pair_k1_k2_q50,"[10,10,0]",0.7465119753779905,0.6907227167859826,0.874283223540375,0.3761143784970045,0.02448444981781537,0.015945783536881208,2.967614035087719,6.91340350877193,100.0,1.5,0.695364598599781,0.7938575873400473,,,,
fixed_forest,D3_L1_Fall__T100__pair_k1_k3_q05,57,5,repeat_mean_then_equal_dataset_mean,3,all,pair_k1_k3_q05,"[19,0,1]",0.7352991537987019,0.6791316152108287,4.090988734454374,0.8449230408295989,0.0097660622151013,0.008474083337932824,2.9381052631578943,6.454421052631579,100.0,1.0999999999999999,0.6851875406858392,0.7818895978679195,,,,
fixed_forest,D3_L1_Fall__T100__pair_k1_k3_q10,57,5,repeat_mean_then_equal_dataset_mean,3,all,pair_k1_k3_q10,"[18,0,2]",0.7414988798070705,0.6853051484003112,8.093312075417163,1.6472002341412009,0.011669868219382408,0.009629624616354703,2.9414736842105267,6.514,100.0,1.2000000000000002,0.6910819452769181,0.7884330872772832,,,,
fixed_forest,D3_L1_Fall__T100__pair_k1_k3_q25,57,5,repeat_mean_then_equal_dataset_mean,3,all,pair_k1_k3_q25,"[15,0,5]",0.7505122499834602,0.694274161292699,20.06417954505764,4.01930263210088,0.017339142176665757,0.013385582249611616,2.9511929824561407,6.68680701754386,100.0,1.5,0.6998346323955502,0.7972927561258657,,,,
fixed_forest,D3_L1_Fall__T100__pair_k1_k3_q50,57,5,repeat_mean_then_equal_dataset_mean,3,all,pair_k1_k3_q50,"[10,0,10]",0.7561452495686657,0.7002558544042753,40.105476115127665,7.9287847183644775,0.0267988705746176,0.018464898597449063,2.967614035087719,6.978140350877194,100.0,2.0,0.7058782503473143,0.8021288585212656,,,,
fixed_forest,D3_L1_Fall__T100__pair_k2_k3_q05,57,5,repeat_mean_then_equal_dataset_mean,3,all,pair_k2_k3_q05,"[0,19,1]",0.749152299339796,0.6949775428055621,5.623173264554588,1.3064282996580006,0.04154254864868627,0.024363066256046294,3.0,7.431649122807017,100.0,2.0500000000000003,0.6977241545927082,0.796469755227599,,,,
fixed_forest,D3_L1_Fall__T100__pair_k2_k3_q10,57,5,repeat_mean_then_equal_dataset_mean,3,all,pair_k2_k3_q10,"[0,18,2]",0.7495959891937197,0.6940021615863712,9.544680631935206,2.0962862082757057,0.041813564321777796,0.025085300859063863,3.0,7.438456140350877,100.0,2.0999999999999996,0.6980553299351785,0.7968849707228489,,,,
fixed_forest,D3_L1_Fall__T100__pair_k2_k3_q25,57,5,repeat_mean_then_equal_dataset_mean,3,all,pair_k2_k3_q25,"[0,15,5]",0.7512811994677314,0.6951560118581807,21.274000782785905,4.360114999581128,0.042489128587604084,0.025126800499856473,3.0,7.459719298245613,100.0,2.25,0.7000305863793181,0.7983846680624936,,,,
fixed_forest,D3_L1_Fall__T100__pair_k2_k3_q50,57,5,repeat_mean_then_equal_dataset_mean,3,all,pair_k2_k3_q50,"[0,10,10]",0.7534664094747899,0.6979820881841156,40.911895158700645,8.307376949395984,0.04359880329289457,0.026693903282284735,3.0,7.489649122807018,100.0,2.5,0.7025511809895162,0.8000567308106524,,,,
fixed_forest,D3_L1_Fall__T100__pure_k1,57,5,repeat_mean_then_equal_dataset_mean,3,all,pure_k1,"[20,0,0]",0.7287716775515345,0.6720522063282598,0.06771316103343117,0.058219064492732286,0.007815335311910561,0.007309581525623799,2.9350526315789476,6.397017543859649,100.0,1.0,0.679100499381957,0.7757293217178379,,,,
fixed_forest,D3_L1_Fall__T100__pure_k2,57,5,repeat_mean_then_equal_dataset_mean,3,all,pure_k2,"[0,20,0]",0.7477685321801238,0.6931235587955188,1.6807022671133542,0.6467430849559606,0.04128438253609235,0.024282399378716946,3.0,7.424912280701754,100.0,2.0,0.6962015982086754,0.7951541373406505,,,,
fixed_forest,D3_L1_Fall__T100__pure_k3,57,5,repeat_mean_then_equal_dataset_mean,3,all,pure_k3,"[0,0,20]",0.7521528873848412,0.6959271042472257,80.23073942369798,15.754732251632959,0.04609416983694884,0.030431944690644742,3.0,7.553824561403508,100.0,3.0,0.7013382226746877,0.7989899711345834,,,,
fixed_forest,D3_L1_Fall__T100__triple_85_10_05,57,5,repeat_mean_then_equal_dataset_mean,3,all,triple_85_10_05,"[17,2,1]",0.7423553093273895,0.6869999958139164,4.226033849403132,0.8720592322759331,0.013057255315218577,0.010141899809241295,2.944982456140351,6.559087719298245,100.0,1.2000000000000002,0.6916965435950512,0.7893631179966676,,,,
fixed_forest,D3_L1_Fall__T200__pair_k1_k2_q05,57,5,repeat_mean_then_equal_dataset_mean,3,all,pair_k1_k2_q05,"[19,1,0]",0.7344787618306858,0.6785465511394663,0.2960499754861782,0.19376549422740935,0.01869380908054218,0.016224158089607955,2.9388596491228074,6.452228070175439,200.0,1.0499999999999998,0.6843715290311593,0.7809664156082099,,,,
fixed_forest,D3_L1_Fall__T200__pair_k1_k2_q10,57,5,repeat_mean_then_equal_dataset_mean,3,all,pair_k1_k2_q10,"[18,2,0]",0.7384556615575569,0.682626025185445,0.4573671810786452,0.2731912518851459,0.022068828220168743,0.017872266843914984,2.9421052631578943,6.504140350877193,200.0,1.0999999999999999,0.6883045373208263,0.7849106984978678,,,,
fixed_forest,D3_L1_Fall__T200__pair_k1_k2_q25,57,5,repeat_mean_then_equal_dataset_mean,3,all,pair_k1_k2_q25,"[15,5,0]",0.7454882671853731,0.6901597946077909,0.9407473763696066,0.45166300758719446,0.03214677500522189,0.02316345265135169,2.951859649122807,6.657736842105263,200.0,1.25,0.6947506432440415,0.7923162313800093,,,,
fixed_forest,D3_L1_Fall__T200__pair_k1_k2_q50,57,5,repeat_mean_then_equal_dataset_mean,3,all,pair_k1_k2_q50,"[10,10,0]",0.7471145100770776,0.6916657981870515,1.7511083157863796,0.745159016083926,0.04896466530401978,0.03211914729326963,2.968017543859649,6.914789473684211,200.0,1.5,0.6959775969132707,0.7942873963486575,,,,
fixed_forest,D3_L1_Fall__T200__pair_k1_k3_q05,57,5,repeat_mean_then_equal_dataset_mean,3,all,pair_k1_k3_q05,"[19,0,1]",0.7363439455586446,0.6805380438384316,8.164120157242737,1.7043272492475807,0.019151845556406078,0.01684270901605487,2.9388596491228074,6.458807017543859,200.0,1.0999999999999999,0.6865834415892317,0.7825189961299169,,,,
fixed_forest,D3_L1_Fall__T200__pair_k1_k3_q10,57,5,repeat_mean_then_equal_dataset_mean,3,all,pair_k1_k3_q10,"[18,0,2]",0.7405002320757803,0.6844370199694965,16.074961439038123,3.310638832580298,0.02294177379001651,0.01908071618527174,2.9421052631578943,6.517263157894736,200.0,1.2000000000000002,0.6906760109797507,0.7869417998592287,,,,
fixed_forest,D3_L1_Fall__T200__pair_k1_k3_q25,57,5,repeat_mean_then_equal_dataset_mean,3,all,pair_k1_k3_q25,"[15,0,5]",0.7515642508712509,0.6962876975367585,39.943432155421426,8.029295324534178,0.03444702062396365,0.026027750317007305,2.951859649122807,6.690631578947368,200.0,1.5,0.701593050760511,0.7973902724933813,,,,
fixed_forest,D3_L1_Fall__T200__pair_k1_k3_q50,57,5,repeat_mean_then_equal_dataset_mean,3,all,pair_k1_k3_q50,"[10,0,10]",0.7557509312868316,0.7006629557969021,79.87519818933093,16.03650669520721,0.0536315762356185,0.036989116575568914,2.968017543859649,6.978631578947368,200.0,2.0,0.7050405222788825,0.8019984963242498,,,,
fixed_forest,D3_L1_Fall__T200__pair_k2_k3_q05,57,5,repeat_mean_then_equal_dataset_mean,3,all,pair_k2_k3_q05,"[0,19,1]",0.7488708169065124,0.6948325088639965,11.239333791472017,2.6085007320158184,0.08367851313791777,0.04994324175640941,3.0,7.43361403508772,200.0,2.0500000000000003,0.6971018363771051,0.7960930365938895,,,,
fixed_forest,D3_L1_Fall__T200__pair_k2_k3_q10,57,5,repeat_mean_then_equal_dataset_mean,3,all,pair_k2_k3_q10,"[0,18,2]",0.7491985893310789,0.6947857691526236,18.98885786767493,4.095259135682136,0.08409342223190162,0.05044100815430284,3.0,7.440157894736842,200.0,2.0999999999999996,0.6977544546304053,0.7963419189205208,,,,
fixed_forest,D3_L1_Fall__T200__pair_k2_k3_q25,57,5,repeat_mean_then_equal_dataset_mean,3,all,pair_k2_k3_q25,"[0,15,5]",0.7512601010176841,0.6958894551530915,42.37394838876728,8.68774384194985,0.08552072228079564,0.05263045942410827,3.0,7.459929824561404,200.0,2.25,0.7006879420011322,0.7978739371775433,,,,
fixed_forest,D3_L1_Fall__T200__pair_k2_k3_q50,57,5,repeat_mean_then_equal_dataset_mean,3,all,pair_k2_k3_q50,"[0,10,10]",0.752436572947098,0.6968843056819563,81.49535348326002,16.554314192477612,0.0878873875936526,0.05454279202967882,3.0,7.490877192982456,200.0,2.5,0.7011187078714987,0.7992400387482529,,,,
fixed_forest,D3_L1_Fall__T200__pure_k1,57,5,repeat_mean_then_equal_dataset_mean,3,all,pure_k1,"[20,0,0]",0.7302036001187833,0.6736592791045026,0.13382634017616513,0.11761745857074857,0.015277732588481484,0.014476771187037229,2.9357719298245613,6.400666666666667,200.0,1.0,0.6807547049676523,0.7769172380323182,,,,
fixed_forest,D3_L1_Fall__T200__pure_k2,57,5,repeat_mean_then_equal_dataset_mean,3,all,pure_k2,"[0,20,0]",0.7475742620347181,0.6924690842416813,3.3712636097154602,1.297418115567416,0.08322047666205389,0.04960273206233978,3.0,7.4270350877192985,200.0,2.0,0.6959280070566201,0.794693843243602,,,,
fixed_forest,D3_L1_Fall__T200__pure_k3,57,5,repeat_mean_then_equal_dataset_mean,3,all,pure_k3,"[0,0,20]",0.7513347557867275,0.6952756225235965,160.04796749613686,31.77925889119506,0.09230621673428176,0.05866508362814784,3.0,7.5536315789473685,200.0,3.0,0.7005939515988179,0.7982025150046879,,,,
fixed_forest,D3_L1_Fall__T200__triple_85_10_05,57,5,repeat_mean_then_equal_dataset_mean,3,all,triple_85_10_05,"[17,2,1]",0.7440861037271312,0.6884735050331797,8.42151472942675,1.788238714262843,0.025962007913346356,0.02011144198477268,2.9455438596491232,6.562263157894737,200.0,1.2000000000000002,0.6939135909339769,0.7903860636581881,,,,
fixed_forest,D3_L1_Fsqrt__T020__pair_k1_k2_q05,57,5,repeat_mean_then_equal_dataset_mean,3,sqrt,pair_k1_k2_q05,"[19,1,0]",0.7222426509928941,0.6582225786031041,0.03313457911932155,0.023318099789321423,0.0018541231310289156,0.0016794675961136819,2.978421052631579,6.755087719298245,20.0,1.0499999999999998,0.6713975487687488,0.7708575207427127,,,,
fixed_forest,D3_L1_Fsqrt__T020__pair_k1_k2_q10,57,5,repeat_mean_then_equal_dataset_mean,3,sqrt,pair_k1_k2_q10,"[18,2,0]",0.7249454109481794,0.6611986744065756,0.05425923991327484,0.03663522507995367,0.002178999670503432,0.0018064087256789208,2.979298245614035,6.783157894736842,20.0,1.0999999999999999,0.6743688370189761,0.773073337649503,,,,
fixed_forest,D3_L1_Fsqrt__T020__pair_k1_k2_q25,57,5,repeat_mean_then_equal_dataset_mean,3,sqrt,pair_k1_k2_q25,"[15,5,0]",0.7299868103159355,0.6672745352502897,0.11719782047398518,0.0712144086137414,0.003188614583198439,0.0022787508554756642,2.982456140350877,6.87280701754386,20.0,1.25,0.6804419560752246,0.7771795058166079,,,,
fixed_forest,D3_L1_Fsqrt__T020__pair_k1_k2_q50,57,5,repeat_mean_then_equal_dataset_mean,3,sqrt,pair_k1_k2_q50,"[10,10,0]",0.7351344809381404,0.6738109877441995,0.22156593275926356,0.1358128826133907,0.00487105936923048,0.0030484658665955065,2.9835087719298246,7.004385964912281,20.0,1.5,0.6841335170271251,0.7830850023386302,,,,
fixed_forest,D3_L1_Fsqrt__T020__pair_k1_k3_q05,57,5,repeat_mean_then_equal_dataset_mean,3,sqrt,pair_k1_k3_q05,"[19,0,1]",0.7235299119134002,0.6597229130055735,0.6055854131549335,0.07279472658410668,0.0018760611254133677,0.0017134918831288814,2.9785964912280707,6.7585964912280705,20.0,1.0999999999999999,0.6724452486507644,0.771839652486143,,,,
fixed_forest,D3_L1_Fsqrt__T020__pair_k1_k3_q10,57,5,repeat_mean_then_equal_dataset_mean,3,sqrt,pair_k1_k3_q10,"[18,0,2]",0.7289123188152292,0.6654211012428897,1.210062091706092,0.1228661515749991,0.0022306855000032667,0.0018882486037909985,2.9794736842105265,6.794912280701754,20.0,1.2000000000000002,0.6788939186965524,0.7765812532303472,,,,
fixed_forest,D3_L1_Fsqrt__T020__pair_k1_k3_q25,57,5,repeat_mean_then_equal_dataset_mean,3,sqrt,pair_k1_k3_q25,"[15,0,5]",0.7347795957363061,0.6712807495387778,2.9052649282833984,0.2949763346463442,0.0033052381765293452,0.0023619751445949078,2.9833333333333334,6.901578947368421,20.0,1.5,0.6839299245688794,0.782276728701221,,,,
fixed_forest,D3_L1_Fsqrt__T020__pair_k1_k3_q50,57,5,repeat_mean_then_equal_dataset_mean,3,sqrt,pair_k1_k3_q50,"[10,0,10]",0.7417152869549696,0.6802831065357121,5.722342617370253,0.5704675432294607,0.005063947803226479,0.0033526426181197167,2.985087719298246,7.0643859649122795,20.0,2.0,0.6904005032962317,0.7893781181297813,,,,
fixed_forest,D3_L1_Fsqrt__T020__pair_k2_k3_q05,57,5,repeat_mean_then_equal_dataset_mean,3,sqrt,pair_k2_k3_q05,"[0,19,1]",0.7423801506674358,0.6851983589856883,1.0051716511186801,0.27976059122011065,0.00821305981657484,0.004667449928820133,2.989122807017544,7.288596491228071,20.0,2.0500000000000003,0.6914550800472252,0.789782331260478,,,,
fixed_forest,D3_L1_Fsqrt__T020__pair_k2_k3_q10,57,5,repeat_mean_then_equal_dataset_mean,3,sqrt,pair_k2_k3_q10,"[0,18,2]",0.7417483316822799,0.6843571129712173,1.5885236688758853,0.3232353232800961,0.008242807651690224,0.004695916920900345,2.989122807017544,7.296842105263157,20.0,2.0999999999999996,0.6904306286071494,0.7895752817086278,,,,
fixed_forest,D3_L1_Fsqrt__T020__pair_k2_k3_q25,57,5,repeat_mean_then_equal_dataset_mean,3,sqrt,pair_k2_k3_q25,"[0,15,5]",0.7430823869634119,0.684838071865974,3.2207879248924813,0.45552004147320985,0.008307745415521296,0.004788908455520868,2.989824561403509,7.313859649122807,20.0,2.25,0.6912162984418957,0.7912933138549755,,,,
fixed_forest,D3_L1_Fsqrt__T020__pair_k2_k3_q50,57,5,repeat_mean_then_equal_dataset_mean,3,sqrt,pair_k2_k3_q50,"[0,10,10]",0.7426501752644175,0.6856280013246445,5.933497501694059,0.6739240108057857,0.008384010256186389,0.004964867141097784,2.9905263157894737,7.345087719298245,20.0,2.5,0.690665716296386,0.7909893660118444,,,,
fixed_forest,D3_L1_Fsqrt__T020__pure_k1,57,5,repeat_mean_then_equal_dataset_mean,3,sqrt,pure_k1,"[20,0,0]",0.7195640388145568,0.6554644508404329,0.0112105814184536,0.01070638271048665,0.0015209162722161988,0.0014492755755782128,2.9785964912280707,6.724736842105263,20.0,1.0,0.6679117795903212,0.7689646275786564,,,,
fixed_forest,D3_L1_Fsqrt__T020__pure_k2,57,5,repeat_mean_then_equal_dataset_mean,3,sqrt,pure_k2,"[0,20,0]",0.7402304732212586,0.6825116266903307,0.43272081708306803,0.24525496624410154,0.00819112182219039,0.004631199780851603,2.988947368421053,7.285087719298246,20.0,2.0,0.6893292397097469,0.7877848774664916,,,,
fixed_forest,D3_L1_Fsqrt__T020__pure_k3,57,5,repeat_mean_then_equal_dataset_mean,3,sqrt,pure_k3,"[0,0,20]",0.7447472550685346,0.6854838683468473,11.551415651211547,1.1171151186339556,0.00866756218959365,0.005331967864185572,2.9935087719298243,7.395614035087719,20.0,3.0,0.6930368018811559,0.7926489958554674,,,,
fixed_forest,D3_L1_Fsqrt__T020__triple_85_10_05,57,5,repeat_mean_then_equal_dataset_mean,3,sqrt,triple_85_10_05,"[17,2,1]",0.7290372099704442,0.6660880150373208,0.6016417131367091,0.09413234321400524,0.002541507318158422,0.0019766999408602714,2.9808771929824562,6.819473684210527,20.0,1.2000000000000002,0.6793048048334481,0.7761793374436148,,,,
fixed_forest,D3_L1_Fsqrt__T040__pair_k1_k2_q05,57,5,repeat_mean_then_equal_dataset_mean,3,sqrt,pair_k1_k2_q05,"[19,1,0]",0.7204044156326879,0.6561963606444474,0.0653082899798296,0.04671921711415052,0.0036947804290735934,0.003329067304730415,2.979912280701755,6.760175438596491,40.0,1.0499999999999998,0.6680361506536453,0.7700431142336088,,,,
fixed_forest,D3_L1_Fsqrt__T040__pair_k1_k2_q10,57,5,repeat_mean_then_equal_dataset_mean,3,sqrt,pair_k1_k2_q10,"[18,2,0]",0.7242483523997659,0.6605308513951563,0.10818037972050278,0.07272837506607174,0.004345275252534632,0.00350627526640892,2.980175438596491,6.787105263157895,40.0,1.0999999999999999,0.6724447799281723,0.7732765528531745,,,,
fixed_forest,D3_L1_Fsqrt__T040__pair_k1_k2_q25,57,5,repeat_mean_then_equal_dataset_mean,3,sqrt,pair_k1_k2_q25,"[15,5,0]",0.7292670483044148,0.6666527103573523,0.23513664040681825,0.14359514266252518,0.006333500349469352,0.004539218731224537,2.9823684210526316,6.869649122807016,40.0,1.25,0.677164515923971,0.7779616558332894,,,,
fixed_forest,D3_L1_Fsqrt__T040__pair_k1_k2_q50,57,5,repeat_mean_then_equal_dataset_mean,3,sqrt,pair_k1_k2_q50,"[10,10,0]",0.7360239740347196,0.6741039664119655,0.44455156016670033,0.2681447167880833,0.00974341308730736,0.0061139996163547036,2.984561403508772,7.0063157894736845,40.0,1.5,0.6839709283560896,0.78473805547141,,,,
fixed_forest,D3_L1_Fsqrt__T040__pair_k1_k3_q05,57,5,repeat_mean_then_equal_dataset_mean,3,sqrt,pair_k1_k3_q05,"[19,0,1]",0.7243600388943389,0.6600516982427315,1.2097301389646242,0.13238683314993976,0.0037373561771553857,0.003393833991140127,2.980175438596491,6.765087719298246,40.0,1.0999999999999999,0.6719869824762069,0.7732295531469651,,,,
fixed_forest,D3_L1_Fsqrt__T040__pair_k1_k3_q10,57,5,repeat_mean_then_equal_dataset_mean,3,sqrt,pair_k1_k3_q10,"[18,0,2]",0.7293090951411062,0.6656461149582308,2.3845489822752906,0.24881365951150655,0.004441390229029613,0.003663000836968422,2.980526315789474,6.800614035087719,40.0,1.2000000000000002,0.6777367309003646,0.7774807891503493,,,,
fixed_forest,D3_L1_Fsqrt__T040__pair_k1_k3_q25,57,5,repeat_mean_then_equal_dataset_mean,3,sqrt,pair_k1_k3_q25,"[15,0,5]",0.7362936870960389,0.6737496921108975,5.796570167435626,0.5792453104630113,0.0065877199581448435,0.004777926858514548,2.98359649122807,6.903070175438597,40.0,1.5,0.6852442506826473,0.7839554903542568,,,,
fixed_forest,D3_L1_Fsqrt__T040__pair_k1_k3_q50,57,5,repeat_mean_then_equal_dataset_mean,3,sqrt,pair_k1_k3_q50,"[10,0,10]",0.743695233602872,0.6822850246007739,11.459466488840745,1.1219397672452032,0.010144876584149243,0.006695666257292033,2.986666666666667,7.072192982456141,40.0,2.0,0.6922274709745458,0.7916586617007787,,,,
fixed_forest,D3_L1_Fsqrt__T040__pair_k2_k3_q05,57,5,repeat_mean_then_equal_dataset_mean,3,sqrt,pair_k2_k3_q05,"[0,19,1]",0.7437720086035916,0.6848646662769498,2.0124858293437256,0.5566583649255336,0.016435373657824177,0.009512842912226916,2.9883333333333333,7.28359649122807,40.0,2.0500000000000003,0.6925887139307697,0.7914817798231097,,,,
fixed_forest,D3_L1_Fsqrt__T040__pair_k2_k3_q10,57,5,repeat_mean_then_equal_dataset_mean,3,sqrt,pair_k2_k3_q10,"[0,18,2]",0.7440615850556113,0.6849200816661872,3.1444325829137183,0.645027781650424,0.016488912886237366,0.009594984725117684,2.988421052631579,7.29219298245614,40.0,2.0999999999999996,0.692695190584734,0.791451004150992,,,,
fixed_forest,D3_L1_Fsqrt__T040__pair_k2_k3_q25,57,5,repeat_mean_then_equal_dataset_mean,3,sqrt,pair_k2_k3_q25,"[0,15,5]",0.7458722955231838,0.6863323955913665,6.429497507387739,0.905793131981045,0.016647017518417878,0.009783676080405711,2.9892982456140347,7.312105263157894,40.0,2.25,0.6946354080381181,0.7932245018778364,,,,
fixed_forest,D3_L1_Fsqrt__T040__pair_k2_k3_q50,57,5,repeat_mean_then_equal_dataset_mean,3,sqrt,pair_k2_k3_q50,"[0,10,10]",0.7472166584201635,0.6891263173367586,11.882978909032973,1.346674166340381,0.016794261406584268,0.010076983552426099,2.9901754385964914,7.344561403508772,40.0,2.5,0.6958036761067561,0.7944588424240633,,,,
fixed_forest,D3_L1_Fsqrt__T040__pure_k1,57,5,repeat_mean_then_equal_dataset_mean,3,sqrt,pure_k1,"[20,0,0]",0.7187238346809149,0.6533903014572723,0.02235229448333644,0.021601617522537708,0.003028968452034812,0.0029415836557745933,2.9800877192982456,6.7341228070175445,40.0,1.0,0.6659361755694176,0.7688648415660017,,,,
fixed_forest,D3_L1_Fsqrt__T040__pure_k2,57,5,repeat_mean_then_equal_dataset_mean,3,sqrt,pure_k2,"[0,20,0]",0.7425837384071736,0.6828701938980127,0.8680639803589305,0.47817407408729196,0.016392797909742386,0.009481927193701268,2.9880701754385965,7.278684210526316,40.0,2.0,0.6912601155328565,0.7903167471990009,,,,
fixed_forest,D3_L1_Fsqrt__T040__pure_k3,57,5,repeat_mean_then_equal_dataset_mean,3,sqrt,pure_k3,"[0,0,20]",0.7490336088699079,0.6896848179768925,23.118559693765683,2.2200049683451653,0.01735408578166052,0.01069088177755475,2.9933333333333336,7.400877192982456,40.0,3.0,0.6979567078270833,0.796307156569888,,,,
fixed_forest,D3_L1_Fsqrt__T040__triple_85_10_05,57,5,repeat_mean_then_equal_dataset_mean,3,sqrt,triple_85_10_05,"[17,2,1]",0.7271343234390384,0.6637445183011694,1.2336028193058282,0.18821816658601165,0.005072543412250908,0.0038289587013423444,2.981315789473684,6.8206140350877185,40.0,1.2000000000000002,0.6751705027549056,0.7761238335775482,,,,
fixed_forest,D3_L1_Fsqrt__T060__pair_k1_k2_q05,57,5,repeat_mean_then_equal_dataset_mean,3,sqrt,pair_k1_k2_q05,"[19,1,0]",0.7238184366535633,0.6595671970860382,0.09761181080615834,0.06934086736291648,0.005550502814156445,0.004920291621237994,2.979298245614035,6.7563157894736845,60.0,1.0499999999999998,0.6709930307763607,0.7736706862551445,,,,
fixed_forest,D3_L1_Fsqrt__T060__pair_k1_k2_q10,57,5,repeat_mean_then_equal_dataset_mean,3,sqrt,pair_k1_k2_q10,"[18,2,0]",0.7255857918040729,0.6613894211258323,0.16225141529157233,0.10921074217185378,0.006562838105386808,0.005288759060204029,2.9797076023391806,6.784502923976608,60.0,1.0999999999999999,0.6734360648494653,0.7748245045221238,,,,
fixed_forest,D3_L1_Fsqrt__T060__pair_k1_k2_q25,57,5,repeat_mean_then_equal_dataset_mean,3,sqrt,pair_k1_k2_q25,"[15,5,0]",0.7292530117552606,0.6651438216782759,0.35316634056109353,0.21620477698743343,0.00957836588811979,0.006703843362629414,2.981637426900585,6.86672514619883,60.0,1.25,0.6766776562253054,0.7782936279510385,,,,
fixed_forest,D3_L1_Fsqrt__T060__pair_k1_k2_q50,57,5,repeat_mean_then_equal_dataset_mean,3,sqrt,pair_k1_k2_q50,"[10,10,0]",0.7399457024209551,0.6788278267243737,0.6671056630825134,0.3968899505212903,0.014646922870490112,0.009103150852024556,2.984093567251462,7.001111111111112,60.0,1.5,0.6873702923117989,0.7888895439486764,,,,
fixed_forest,D3_L1_Fsqrt__T060__pair_k1_k3_q05,57,5,repeat_mean_then_equal_dataset_mean,3,sqrt,pair_k1_k3_q05,"[19,0,1]",0.7258851720401235,0.6616021011089228,1.8019342337587947,0.19909098520874977,0.005610834841469401,0.0049985600635409355,2.979590643274854,6.761988304093567,60.0,1.0999999999999999,0.6741806913779481,0.7747855664100181,,,,
fixed_forest,D3_L1_Fsqrt__T060__pair_k1_k3_q10,57,5,repeat_mean_then_equal_dataset_mean,3,sqrt,pair_k1_k3_q10,"[18,0,2]",0.7296347823113505,0.6656995877916413,3.5751677169954696,0.36872658487409354,0.006677172042168024,0.0053891343995928764,2.980175438596491,6.79906432748538,60.0,1.2000000000000002,0.6779287203732983,0.7781118231940567,,,,
fixed_forest,D3_L1_Fsqrt__T060__pair_k1_k3_q25,57,5,repeat_mean_then_equal_dataset_mean,3,sqrt,pair_k1_k3_q25,"[15,0,5]",0.7353205497168229,0.6726945721354243,8.758773656777647,0.8757559834979475,0.009903076755111677,0.007058644294738769,2.982923976608187,6.901052631578947,60.0,1.5,0.6828457859646195,0.7838177152644896,,,,
fixed_forest,D3_L1_Fsqrt__T060__pair_k1_k3_q50,57,5,repeat_mean_then_equal_dataset_mean,3,sqrt,pair_k1_k3_q50,"[10,0,10]",0.7429646674881044,0.6815980761278155,17.348291788508362,1.6760237343609332,0.015278817309687534,0.010108219832181931,2.986315789473684,7.069649122807018,60.0,2.0,0.6908071555999056,0.7914047668367663,,,,
fixed_forest,D3_L1_Fsqrt__T060__pair_k2_k3_q05,57,5,repeat_mean_then_equal_dataset_mean,3,sqrt,pair_k2_k3_q05,"[0,19,1]",0.7490815669820894,0.6894933565599183,3.0034559747171508,0.8356656740419567,0.02468557574279737,0.014319077134132385,2.9887134502923978,7.282046783625731,60.0,2.0500000000000003,0.6985789930838678,0.7960314145652722,,,,
fixed_forest,D3_L1_Fsqrt__T060__pair_k2_k3_q10,57,5,repeat_mean_then_equal_dataset_mean,3,sqrt,pair_k2_k3_q10,"[0,18,2]",0.7482925951171547,0.6895995770186643,4.712049853468412,0.9649625491350889,0.024739577652265633,0.01441360218450427,2.988888888888889,7.290935672514618,60.0,2.0999999999999996,0.6976503788985432,0.7952627233889937,,,,
fixed_forest,D3_L1_Fsqrt__T060__pair_k2_k3_q25,57,5,repeat_mean_then_equal_dataset_mean,3,sqrt,pair_k2_k3_q25,"[0,15,5]",0.7486486214941178,0.6898944758701088,9.704740867981066,1.3602886595763266,0.0249499545824763,0.014769782498478889,2.9897076023391818,7.310701754385965,60.0,2.25,0.6973094435128376,0.7961952702293523,,,,
fixed_forest,D3_L1_Fsqrt__T060__pair_k2_k3_q50,57,5,repeat_mean_then_equal_dataset_mean,3,sqrt,pair_k2_k3_q50,"[0,10,10]",0.7490271392462354,0.6914725346300058,17.980319677190366,2.0112055500037966,0.02525713815468184,0.015136700309813022,2.990643274853801,7.344912280701754,60.0,2.5,0.6972584384272956,0.7969499472025856,,,,
fixed_forest,D3_L1_Fsqrt__T060__pure_k1,57,5,repeat_mean_then_equal_dataset_mean,3,sqrt,pure_k1,"[20,0,0]",0.7221188924756723,0.6574948820136992,0.0335288841162988,0.03233575625345111,0.004549692773766685,0.004282193537801504,2.9792397660818715,6.729473684210526,60.0,1.0,0.6701984383773396,0.7717767691879119,,,,
fixed_forest,D3_L1_Fsqrt__T060__pure_k2,57,5,repeat_mean_then_equal_dataset_mean,3,sqrt,pure_k2,"[0,20,0]",0.747427200047148,0.6878982671547706,1.2991335517645144,0.7142379436641931,0.024625243715484413,0.014235385600477457,2.9884210526315784,7.2763742690058475,60.0,2.0,0.6967372487028586,0.7946079368707422,,,,
fixed_forest,D3_L1_Fsqrt__T060__pure_k3,57,5,repeat_mean_then_equal_dataset_mean,3,sqrt,pure_k3,"[0,0,20]",0.7521514357284265,0.6938607599505888,34.75589794705442,3.325527577660978,0.026098909560721698,0.016204792819917203,2.993859649122807,7.403450292397661,60.0,3.0,0.7005417592674336,0.7995638603451765,,,,
fixed_forest,D3_L1_Fsqrt__T060__triple_85_10_05,57,5,repeat_mean_then_equal_dataset_mean,3,sqrt,triple_85_10_05,"[17,2,1]",0.7298788767161443,0.6657690732772392,1.8571726762591616,0.287950084079057,0.0076372103536861,0.005813725199550391,2.980526315789474,6.818070175438597,60.0,1.2000000000000002,0.6770092065908323,0.77949451050782,,,,
fixed_forest,D3_L1_Fsqrt__T100__pair_k1_k2_q05,57,5,repeat_mean_then_equal_dataset_mean,3,sqrt,pair_k1_k2_q05,"[19,1,0]",0.725383973620597,0.6610137246847217,0.16226873831627403,0.11576837664470077,0.00921930448201142,0.008135433960705995,2.9796842105263157,6.759929824561404,100.0,1.0499999999999998,0.6736466962639128,0.7745368786909828,,,,
fixed_forest,D3_L1_Fsqrt__T100__pair_k1_k2_q10,57,5,repeat_mean_then_equal_dataset_mean,3,sqrt,pair_k1_k2_q10,"[18,2,0]",0.7264390307914902,0.6625211694599673,0.2688128176684442,0.18190020974725485,0.010898704823564018,0.008843884523957967,2.9798245614035093,6.787228070175439,100.0,1.0999999999999999,0.6739629413282385,0.7758055882949154,,,,
fixed_forest,D3_L1_Fsqrt__T100__pair_k1_k2_q25,57,5,repeat_mean_then_equal_dataset_mean,3,sqrt,pair_k1_k2_q25,"[15,5,0]",0.7327292832813359,0.6682670703067628,0.5854644846644973,0.36197247663512827,0.015942525793389794,0.011121168732643127,2.981649122807018,6.867964912280701,100.0,1.25,0.6807315362215861,0.7812403031782773,,,,
fixed_forest,D3_L1_Fsqrt__T100__pair_k1_k2_q50,57,5,repeat_mean_then_equal_dataset_mean,3,sqrt,pair_k1_k2_q50,"[10,10,0]",0.7398337549924968,0.6787556931716334,1.1097424323098701,0.657307568192482,0.024385781984841613,0.015089668706059456,2.983543859649123,7.001298245614035,100.0,1.5,0.6879374294780485,0.7883369904782606,,,,
fixed_forest,D3_L1_Fsqrt__T100__pair_k1_k3_q05,57,5,repeat_mean_then_equal_dataset_mean,3,sqrt,pair_k1_k3_q05,"[19,0,1]",0.7280167472222608,0.6635352312819687,2.9758310261231506,0.3519151112996042,0.0093025796965026,0.008195999171584844,2.980175438596491,6.766175438596492,100.0,1.0999999999999999,0.6762493603900781,0.7768737090504868,,,,
fixed_forest,D3_L1_Fsqrt__T100__pair_k1_k3_q10,57,5,repeat_mean_then_equal_dataset_mean,3,sqrt,pair_k1_k3_q10,"[18,0,2]",0.7326136907591305,0.6689760539716821,5.923860978789366,0.6287760694511235,0.011099638628136168,0.008973269909620284,2.980561403508772,6.802350877192983,100.0,1.2000000000000002,0.6807660987361317,0.7810738982858977,,,,
fixed_forest,D3_L1_Fsqrt__T100__pair_k1_k3_q25,57,5,repeat_mean_then_equal_dataset_mean,3,sqrt,pair_k1_k3_q25,"[15,0,5]",0.7374613785584647,0.6743335034633745,14.577176145730506,1.442631309852004,0.01653518010126917,0.011753220856189728,2.983157894736842,6.902315789473684,100.0,1.5,0.6847385076654172,0.7864576810075143,,,,
fixed_forest,D3_L1_Fsqrt__T100__pair_k1_k3_q50,57,5,repeat_mean_then_equal_dataset_mean,3,sqrt,pair_k1_k3_q50,"[10,0,10]",0.7434685974671097,0.6822777474081629,29.005184145891022,2.8035523749887945,0.025816142101559723,0.017104092892259358,2.9861403508771933,7.069017543859649,100.0,2.0,0.6908989910678583,0.7921303153765511,,,,
fixed_forest,D3_L1_Fsqrt__T100__pair_k2_k3_q05,57,5,repeat_mean_then_equal_dataset_mean,3,sqrt,pair_k2_k3_q05,"[0,19,1]",0.7473259190851648,0.688278284523723,4.981517489960319,1.3981150676496328,0.0412179612080779,0.0239715333096683,2.9887719298245616,7.284912280701755,100.0,2.0500000000000003,0.6952741652586095,0.7954764554408182,,,,
fixed_forest,D3_L1_Fsqrt__T100__pair_k2_k3_q10,57,5,repeat_mean_then_equal_dataset_mean,3,sqrt,pair_k2_k3_q10,"[0,18,2]",0.7482522502640933,0.6895229254625317,7.823003363274364,1.6197779763489961,0.04133561979815886,0.024103659112006424,2.9890175438596494,7.29378947368421,100.0,2.0999999999999996,0.6963826772167712,0.7960994934291055,,,,
fixed_forest,D3_L1_Fsqrt__T100__pair_k2_k3_q25,57,5,repeat_mean_then_equal_dataset_mean,3,sqrt,pair_k2_k3_q25,"[0,15,5]",0.7464689569466253,0.6875439392260813,16.159666863219453,2.2825634594075384,0.04172734030146609,0.02460525808855891,2.9897894736842106,7.313017543859649,100.0,2.25,0.6939938823424797,0.7947728013957839,,,,
fixed_forest,D3_L1_Fsqrt__T100__pair_k2_k3_q50,57,5,repeat_mean_then_equal_dataset_mean,3,sqrt,pair_k2_k3_q50,"[0,10,10]",0.7491342470174159,0.6906126624643429,30.063396915734597,3.3663198091089725,0.04256504611030482,0.025402022805064917,2.9908771929824565,7.346385964912281,100.0,2.5,0.6967719684050357,0.797303208930243,,,,
fixed_forest,D3_L1_Fsqrt__T100__pure_k1,57,5,repeat_mean_then_equal_dataset_mean,3,sqrt,pure_k1,"[20,0,0]",0.7222029834063728,0.6577644575496454,0.055501416570654036,0.053253523726016286,0.007531546672250618,0.007016608398407698,2.979508771929825,6.733263157894736,100.0,1.0,0.6697203455790419,0.7720523230605661,,,,
fixed_forest,D3_L1_Fsqrt__T100__pure_k2,57,5,repeat_mean_then_equal_dataset_mean,3,sqrt,pure_k2,"[0,20,0]",0.7459745319605101,0.6868740693976239,2.167955202153443,1.1912917302921415,0.04113468599358671,0.023810486309230328,2.9882807017543858,7.278666666666667,100.0,2.0,0.6938942845891797,0.7940630459881974,,,,
fixed_forest,D3_L1_Fsqrt__T100__pure_k3,57,5,repeat_mean_then_equal_dataset_mean,3,sqrt,pure_k3,"[0,0,20]",0.7507371042686106,0.6924409789283194,58.06279486936697,5.55178761119023,0.04422558209319648,0.027637919690459967,2.993684210526316,7.4034385964912275,100.0,3.0,0.6986049468203546,0.7988943706893635,,,,
fixed_forest,D3_L1_Fsqrt__T100__triple_85_10_05,57,5,repeat_mean_then_equal_dataset_mean,3,sqrt,triple_85_10_05,"[17,2,1]",0.7306650407743577,0.6661011969748852,3.123511488717703,0.46322382809594276,0.012700209139209046,0.009650892112404108,2.980491228070176,6.819192982456141,100.0,1.2000000000000002,0.6778239034642888,0.7799268885699524,,,,
fixed_forest,D3_L1_Fsqrt__T200__pair_k1_k2_q05,57,5,repeat_mean_then_equal_dataset_mean,3,sqrt,pair_k1_k2_q05,"[19,1,0]",0.7263481552927595,0.662056377881339,0.3238721154336082,0.2322188069112599,0.018277915591668144,0.01614677980542183,2.980842105263158,6.762070175438597,200.0,1.0499999999999998,0.6738025313076322,0.7759881231880214,,,,
fixed_forest,D3_L1_Fsqrt__T200__pair_k1_k2_q10,57,5,repeat_mean_then_equal_dataset_mean,3,sqrt,pair_k1_k2_q10,"[18,2,0]",0.7272362022885223,0.6631450989316574,0.534809253631127,0.3615224317647517,0.02161748309113216,0.017538474686443806,2.981052631578948,6.788736842105263,200.0,1.0999999999999999,0.6744281758223098,0.7769526022574521,,,,
fixed_forest,D3_L1_Fsqrt__T200__pair_k1_k2_q25,57,5,repeat_mean_then_equal_dataset_mean,3,sqrt,pair_k1_k2_q25,"[15,5,0]",0.7350449172430269,0.6716103470449543,1.1711853346378918,0.7269281482324004,0.03190010139032414,0.022324177622795104,2.9826666666666672,6.870929824561404,200.0,1.25,0.6836013782461644,0.7830544702866299,,,,
fixed_forest,D3_L1_Fsqrt__T200__pair_k1_k2_q50,57,5,repeat_mean_then_equal_dataset_mean,3,sqrt,pair_k1_k2_q50,"[10,10,0]",0.7417142354446903,0.6802519526573221,2.2258402339770997,1.3316810414195062,0.04892149144097379,0.030677534639835358,2.9847543859649126,7.00521052631579,200.0,1.5,0.6899967513635525,0.7899086680656721,,,,
fixed_forest,D3_L1_Fsqrt__T200__pair_k1_k3_q05,57,5,repeat_mean_then_equal_dataset_mean,3,sqrt,pair_k1_k3_q05,"[19,0,1]",0.729871634745311,0.6655619350203391,5.9276020807426475,0.6562664260156452,0.018476522880557338,0.016530539840459824,2.981315789473684,6.768999999999999,200.0,1.0999999999999999,0.678521893614912,0.7784306869118447,,,,
fixed_forest,D3_L1_Fsqrt__T200__pair_k1_k3_q10,57,5,repeat_mean_then_equal_dataset_mean,3,sqrt,pair_k1_k3_q10,"[18,0,2]",0.7339491677885414,0.6702136230940221,11.672725813520517,1.2320848543196916,0.022112013193729674,0.018074496742337944,2.981736842105263,6.803368421052631,200.0,1.2000000000000002,0.681893185424732,0.7827697071171736,,,,
fixed_forest,D3_L1_Fsqrt__T200__pair_k1_k3_q25,57,5,repeat_mean_then_equal_dataset_mean,3,sqrt,pair_k1_k3_q25,"[15,0,5]",0.740252492052682,0.6775526567778933,28.92365822104999,2.854839384648949,0.03295404659584165,0.02420469969511032,2.9841228070175436,6.904649122807018,200.0,1.5,0.6884106654875193,0.788521248785809,,,,
fixed_forest,D3_L1_Fsqrt__T200__pair_k1_k3_q50,57,5,repeat_mean_then_equal_dataset_mean,3,sqrt,pair_k1_k3_q50,"[10,0,10]",0.745947265449935,0.6866445777236764,57.63833127601497,5.621514783985913,0.0513105908670185,0.03456916091963649,2.987333333333334,7.073491228070175,200.0,2.0,0.6936179727376623,0.7945185496664667,,,,
fixed_forest,D3_L1_Fsqrt__T200__pair_k2_k3_q05,57,5,repeat_mean_then_equal_dataset_mean,3,sqrt,pair_k2_k3_q05,"[0,19,1]",0.7486660705512687,0.6902853981460576,9.950426425011994,2.811522150598466,0.08286760171646612,0.04939493676647544,2.9896140350877194,7.285140350877194,200.0,2.0500000000000003,0.6973628933178527,0.7962658956332418,,,,
fixed_forest,D3_L1_Fsqrt__T200__pair_k2_k3_q10,57,5,repeat_mean_then_equal_dataset_mean,3,sqrt,pair_k2_k3_q10,"[0,18,2]",0.7490226613538424,0.6906532213974546,15.48461301959234,3.2303780263289807,0.08316352453017445,0.049648153595626354,2.989824561403509,7.2928421052631585,200.0,2.0999999999999996,0.6977263435729402,0.7965925346771353,,,,
fixed_forest,D3_L1_Fsqrt__T200__pair_k2_k3_q25,57,5,repeat_mean_then_equal_dataset_mean,3,sqrt,pair_k2_k3_q25,"[0,15,5]",0.7489261289117776,0.6901537681132964,32.09916934611505,4.542779300268739,0.08372293963309443,0.05081854220479727,2.9905964912280707,7.311929824561403,200.0,2.25,0.6973173664886108,0.7967005787227813,,,,
fixed_forest,D3_L1_Fsqrt__T200__pair_k2_k3_q50,57,5,repeat_mean_then_equal_dataset_mean,3,sqrt,pair_k2_k3_q50,"[0,10,10]",0.7501817182164529,0.6924172909813537,59.75918750174082,6.745530732627958,0.08505809385362163,0.051994616910815236,2.9917192982456142,7.3464912280701755,200.0,2.5,0.6984173986574895,0.7980197916568759,,,,
fixed_forest,D3_L1_Fsqrt__T200__pure_k1,57,5,repeat_mean_then_equal_dataset_mean,3,sqrt,pure_k1,"[20,0,0]",0.7239437637725273,0.6598800134964656,0.11013032211677022,0.10453223371878266,0.014907555981424818,0.013913968577980995,2.980771929824561,6.735824561403509,200.0,1.0,0.6714238365317583,0.7736288029670024,,,,
fixed_forest,D3_L1_Fsqrt__T200__pure_k2,57,5,repeat_mean_then_equal_dataset_mean,3,sqrt,pure_k2,"[0,20,0]",0.7485829548825135,0.6902363902495906,4.346696459702952,2.4271588212810458,0.08266899442757693,0.048627270851284266,2.989140350877193,7.278210526315789,200.0,2.0,0.6972898818601834,0.796229685272795,,,,
fixed_forest,D3_L1_Fsqrt__T200__pure_k3,57,5,repeat_mean_then_equal_dataset_mean,3,sqrt,pure_k3,"[0,0,20]",0.7535255182876893,0.6949878517602273,115.65922543661702,11.13050218736753,0.08799900198518708,0.05582418693229556,2.9943508771929825,7.407666666666666,200.0,3.0,0.7016457036203283,0.8011306536302352,,,,
fixed_forest,D3_L1_Fsqrt__T200__triple_85_10_05,57,5,repeat_mean_then_equal_dataset_mean,3,sqrt,triple_85_10_05,"[17,2,1]",0.7317531065168159,0.6679387826270423,6.189947951361209,0.8892422344535589,0.025230820968812497,0.01913879020139575,2.981649122807018,6.821140350877193,200.0,1.2000000000000002,0.6793412883069271,0.7809142369306954,,,,
fixed_forest,D6_L1_Fall__T020__pair_k1_k2_q05,57,5,repeat_mean_then_equal_dataset_mean,6,all,pair_k1_k2_q05,"[19,1,0]",0.7646221430359443,0.7270758556374127,0.054075671132784664,0.028498649876564742,0.002119355433081326,0.0017847244627773762,5.3964912280701745,22.565614035087723,20.0,1.0499999999999998,0.7095246607687774,0.8163916330190298,,,,
fixed_forest,D6_L1_Fall__T020__pair_k1_k2_q10,57,5,repeat_mean_then_equal_dataset_mean,6,all,pair_k1_k2_q10,"[18,2,0]",0.767493688763734,0.7295218462066974,0.09086104621620554,0.043799808621406554,0.002593068265470496,0.0020325413905084135,5.422105263157895,23.083859649122807,20.0,1.0999999999999999,0.7130503212666878,0.8189266949574844,,,,
fixed_forest,D6_L1_Fall__T020__pair_k1_k2_q25,57,5,repeat_mean_then_equal_dataset_mean,6,all,pair_k1_k2_q25,"[15,5,0]",0.7670615695187745,0.7280453975206428,0.19933804866547383,0.0901248068548739,0.003979343777162987,0.0026706167496740817,5.5063157894736845,24.60333333333333,20.0,1.25,0.712638909720654,0.8183387764204054,,,,
fixed_forest,D6_L1_Fall__T020__pair_k1_k2_q50,57,5,repeat_mean_then_equal_dataset_mean,6,all,pair_k1_k2_q50,"[10,10,0]",0.767929453517939,0.7281519782356363,0.38344696067404327,0.16034176694229246,0.0063507645423605775,0.003954207338392734,5.641578947368421,27.149473684210523,20.0,1.5,0.7133045707645338,0.8188763748592455,,,,
fixed_forest,D6_L1_Fall__T020__pair_k1_k3_q05,57,5,repeat_mean_then_equal_dataset_mean,6,all,pair_k1_k3_q05,"[19,0,1]",0.7640137092880999,0.7265366073151162,1.9923758838570824,0.35589148411527277,0.002202607908596595,0.001844674814492464,5.397543859649123,22.636842105263156,20.0,1.0999999999999999,0.7089652620268707,0.8157121133020218,,,,
fixed_forest,D6_L1_Fall__T020__pair_k1_k3_q10,57,5,repeat_mean_then_equal_dataset_mean,6,all,pair_k1_k3_q10,"[18,0,2]",0.7680398648964268,0.7304028846065398,3.9842010590476544,0.7227278755046427,0.0027242093739148813,0.002070326078683138,5.42421052631579,23.254736842105267,20.0,1.2000000000000002,0.7140776532679766,0.8189376935634508,,,,
fixed_forest,D6_L1_Fall__T020__pair_k1_k3_q25,57,5,repeat_mean_then_equal_dataset_mean,6,all,pair_k1_k3_q25,"[15,0,5]",0.7701746087983085,0.7317630164502212,9.969964824059748,1.715129692107439,0.0043336496051204825,0.0029292413033545016,5.511052631578948,25.081578947368424,20.0,1.5,0.7160893098920932,0.8207312371138239,,,,
fixed_forest,D6_L1_Fall__T020__pair_k1_k3_q50,57,5,repeat_mean_then_equal_dataset_mean,6,all,pair_k1_k3_q50,"[10,0,10]",0.7711840664901088,0.7326112287497594,19.870279474960018,3.466300892177969,0.007047371762363534,0.004289558809250593,5.649298245614035,28.08771929824561,20.0,2.0,0.715765039085457,0.8220707974276835,,,,
fixed_forest,D6_L1_Fall__T020__pair_k2_k3_q05,57,5,repeat_mean_then_equal_dataset_mean,6,all,pair_k2_k3_q05,"[0,19,1]",0.7549024414161821,0.7124574803803128,2.6862136620848456,0.6666174240410327,0.011140218988191663,0.006105400156229734,5.923333333333333,32.45508771929824,20.0,2.0500000000000003,0.6983011048350912,0.8071793491175052,,,,
fixed_forest,D6_L1_Fall__T020__pair_k2_k3_q10,57,5,repeat_mean_then_equal_dataset_mean,6,all,pair_k2_k3_q10,"[0,18,2]",0.7547001745675113,0.7121227122781378,4.641253462191998,1.0800533072091638,0.01118810762112078,0.006178108602762222,5.924385964912282,32.554736842105264,20.0,2.0999999999999996,0.6978644508995827,0.8071139606125592,,,,
fixed_forest,D6_L1_Fall__T020__pair_k2_k3_q25,57,5,repeat_mean_then_equal_dataset_mean,6,all,pair_k2_k3_q25,"[0,15,5]",0.7574309589832129,0.714910492173409,10.518540224754823,2.038656691554934,0.01141127234063389,0.006359543185681105,5.92701754385965,32.86210526315789,20.0,2.25,0.7009518345414927,0.8093511878970342,,,,
fixed_forest,D6_L1_Fall__T020__pair_k2_k3_q50,57,5,repeat_mean_then_equal_dataset_mean,6,all,pair_k2_k3_q50,"[0,10,10]",0.7581313360410893,0.7174871376282959,20.23474596364652,3.6814426171593366,0.01175357373267935,0.006567992735654116,5.93,33.322105263157894,20.0,2.5,0.7009174417491866,0.8104337543843341,,,,
fixed_forest,D6_L1_Fall__T020__pure_k1,57,5,repeat_mean_then_equal_dataset_mean,6,all,pure_k1,"[20,0,0]",0.7620000004999273,0.7245626544128718,0.016053283409003104,0.012919406779110432,0.0016571508851229097,0.0015618744306266307,5.3692982456140355,22.06719298245614,20.0,1.0,0.7066011838069316,0.8139510460217683,,,,
fixed_forest,D6_L1_Fall__T020__pure_k2,57,5,repeat_mean_then_equal_dataset_mean,6,all,pure_k2,"[0,20,0]",0.7555105183334293,0.7123627590265275,0.7479134493605478,0.307653524260968,0.011056966512676392,0.006061758287250996,5.922280701754386,32.383859649122805,20.0,2.0,0.6992561174031062,0.80738429924452,,,,
fixed_forest,D6_L1_Fall__T020__pure_k3,57,5,repeat_mean_then_equal_dataset_mean,6,all,pure_k3,"[0,0,20]",0.7538334971153592,0.7142090447844518,39.760850653709156,6.932510966062546,0.012341624031072121,0.007001693174242973,5.936842105263158,34.19631578947368,20.0,3.0,0.6951253916403353,0.8077588671934055,,,,
fixed_forest,D6_L1_Fall__T020__triple_85_10_05,57,5,repeat_mean_then_equal_dataset_mean,6,all,triple_85_10_05,"[17,2,1]",0.7687786585719969,0.7307431383259538,2.119739017712377,0.38207047544419764,0.003126604595270596,0.0023129408247768877,5.450350877192982,23.71140350877193,20.0,1.2000000000000002,0.7143585366445072,0.8199773916052726,,,,
fixed_forest,D6_L1_Fall__T040__pair_k1_k2_q05,57,5,repeat_mean_then_equal_dataset_mean,6,all,pair_k1_k2_q05,"[19,1,0]",0.7656500470135437,0.7283533205477689,0.10657542508683705,0.05703964894637466,0.004215992291114832,0.003547065891325474,5.403245614035088,22.539035087719302,40.0,1.0499999999999998,0.7103435377205208,0.8176999065733471,,,,
fixed_forest,D6_L1_Fall__T040__pair_k1_k2_q10,57,5,repeat_mean_then_equal_dataset_mean,6,all,pair_k1_k2_q10,"[18,2,0]",0.7672039885079525,0.7296760743730081,0.1796193586319293,0.08724370766431093,0.005156856845541481,0.004028840828686953,5.42921052631579,23.065175438596494,40.0,1.0999999999999999,0.7123244138789238,0.8187958554766889,,,,
fixed_forest,D6_L1_Fall__T040__pair_k1_k2_q25,57,5,repeat_mean_then_equal_dataset_mean,6,all,pair_k1_k2_q25,"[15,5,0]",0.7698494842502853,0.7310033632371857,0.3961680352687835,0.17959805037826299,0.007959759908548572,0.005388174392282963,5.512631578947369,24.593947368421052,40.0,1.25,0.7158503612010789,0.8206388812970895,,,,
fixed_forest,D6_L1_Fall__T040__pair_k1_k2_q50,57,5,repeat_mean_then_equal_dataset_mean,6,all,pair_k1_k2_q50,"[10,10,0]",0.7707685649360291,0.7320600487508542,0.7629110536815827,0.320252940338105,0.012653957601440578,0.007577999960631132,5.648508771929824,27.178771929824563,40.0,1.5,0.7161898342519825,0.8214193099700287,,,,
fixed_forest,D6_L1_Fall__T040__pair_k1_k3_q05,57,5,repeat_mean_then_equal_dataset_mean,6,all,pair_k1_k3_q05,"[19,0,1]",0.766457500481051,0.7293551016190778,4.031398261101557,0.7250443523749709,0.004362943459694323,0.003633149154484272,5.404298245614036,22.62061403508772,40.0,1.0999999999999999,0.711372116628463,0.8178720971192263,,,,
fixed_forest,D6_L1_Fall__T040__pair_k1_k3_q10,57,5,repeat_mean_then_equal_dataset_mean,6,all,pair_k1_k3_q10,"[18,0,2]",0.7693367487736669,0.732079186488449,7.98937543319669,1.4294279939495027,0.005452999167078943,0.004200975596904755,5.4314912280701755,23.24701754385965,40.0,1.2000000000000002,0.7146283008190314,0.820345022697144,,,,
fixed_forest,D6_L1_Fall__T040__pair_k1_k3_q25,57,5,repeat_mean_then_equal_dataset_mean,6,all,pair_k1_k3_q25,"[15,0,5]",0.7752584878614623,0.7367198192712072,19.875091819140014,3.450928501132876,0.008667944752398814,0.005947408732026815,5.517192982456141,25.073333333333334,40.0,1.5,0.7211430649112522,0.8253783319947208,,,,
fixed_forest,D6_L1_Fall__T040__pair_k1_k3_q50,57,5,repeat_mean_then_equal_dataset_mean,6,all,pair_k1_k3_q50,"[10,0,10]",0.7782931414544716,0.7398611376376728,39.79790448616994,6.88607036722824,0.014117019422548381,0.008646184578537941,5.655964912280702,28.122456140350874,40.0,2.0,0.723491251022515,0.8283256711186557,,,,
fixed_forest,D6_L1_Fall__T040__pair_k2_k3_q05,57,5,repeat_mean_then_equal_dataset_mean,6,all,pair_k2_k3_q05,"[0,19,1]",0.7575113842854748,0.7165633499181747,5.418086591874363,1.3040488230995835,0.02219332294996109,0.012246957421302796,5.9234210526315785,32.46657894736842,40.0,2.0500000000000003,0.7008172287162452,0.8100390628789677,,,,
fixed_forest,D6_L1_Fall__T040__pair_k2_k3_q10,57,5,repeat_mean_then_equal_dataset_mean,6,all,pair_k2_k3_q10,"[0,18,2]",0.7589634693065179,0.7185790384106633,9.303019830424402,2.0962699317373334,0.022342514102919056,0.012386724259704352,5.924649122807018,32.566842105263156,40.0,2.0999999999999996,0.7020908560348409,0.811583605572737,,,,
fixed_forest,D6_L1_Fall__T040__pair_k2_k3_q25,57,5,repeat_mean_then_equal_dataset_mean,6,all,pair_k2_k3_q25,"[0,15,5]",0.7605108528331059,0.7197034196987918,20.97218753973087,4.096298532094806,0.022754556625231837,0.012826150376349687,5.9269298245614035,32.86438596491229,40.0,2.25,0.7030246241227706,0.8132339075196893,,,,
fixed_forest,D6_L1_Fall__T040__pair_k2_k3_q50,57,5,repeat_mean_then_equal_dataset_mean,6,all,pair_k2_k3_q50,"[0,10,10]",0.7583119184454229,0.7172360527599793,40.528257188348014,7.318728558160364,0.023509433602489402,0.013387684896588325,5.9298245614035086,33.32868421052631,40.0,2.5,0.6998173545353483,0.8118435809453495,,,,
fixed_forest,D6_L1_Fall__T040__pure_k1,57,5,repeat_mean_then_equal_dataset_mean,6,all,pure_k1,"[20,0,0]",0.7638288165612365,0.7266695541107336,0.03199980248484695,0.02550764074549079,0.0032857793514012245,0.003128290083259344,5.376929824561404,22.03324561403509,40.0,1.0,0.7082109213085682,0.8160566989173678,,,,
fixed_forest,D6_L1_Fall__T040__pure_k2,57,5,repeat_mean_then_equal_dataset_mean,6,all,pure_k2,"[0,20,0]",0.7568569900168668,0.7157472063898755,1.4932637558596438,0.6132580800913274,0.022046371781381597,0.012137932609766722,5.922368421052632,32.385000000000005,40.0,2.0,0.7002334099480925,0.8093054446002378,,,,
fixed_forest,D6_L1_Fall__T040__pure_k3,57,5,repeat_mean_then_equal_dataset_mean,6,all,pure_k3,"[0,0,20]",0.7562392891372169,0.71613318238954,79.64699557860331,13.859375340025872,0.024960134163694945,0.01412236476317048,5.938070175438597,34.21535087719298,40.0,3.0,0.6979363710414669,0.8100493801840482,,,,
fixed_forest,D6_L1_Fall__T040__triple_85_10_05,57,5,repeat_mean_then_equal_dataset_mean,6,all,triple_85_10_05,"[17,2,1]",0.7710581229331693,0.7330400553461374,4.163252331040343,0.7911820098757744,0.006219337290773789,0.004587249644100666,5.4571929824561405,23.675175438596494,40.0,1.2000000000000002,0.7166896054102047,0.8219365820198143,,,,
fixed_forest,D6_L1_Fall__T060__pair_k1_k2_q05,57,5,repeat_mean_then_equal_dataset_mean,6,all,pair_k1_k2_q05,"[19,1,0]",0.7677412017893548,0.7301557895131278,0.15898620461587581,0.08505247449502348,0.006294164556617799,0.00524811577051878,5.401871345029241,22.51,60.0,1.0499999999999998,0.7133493225657658,0.818653602761281,,,,
fixed_forest,D6_L1_Fall__T060__pair_k1_k2_q10,57,5,repeat_mean_then_equal_dataset_mean,6,all,pair_k1_k2_q10,"[18,2,0]",0.7697165803512448,0.7318851415642071,0.2686503262830931,0.1312162248417735,0.00772407691795052,0.005984865128993988,5.428538011695905,23.02251461988304,60.0,1.0999999999999999,0.715257627908736,0.8206245767640484,,,,
fixed_forest,D6_L1_Fall__T060__pair_k1_k2_q25,57,5,repeat_mean_then_equal_dataset_mean,6,all,pair_k1_k2_q25,"[15,5,0]",0.7720883672379387,0.7334086785533308,0.5953356881037747,0.27119281627237796,0.011942929547410783,0.008075574785470963,5.511637426900585,24.566900584795324,60.0,1.25,0.7182129753454555,0.8225643573849838,,,,
fixed_forest,D6_L1_Fall__T060__pair_k1_k2_q50,57,5,repeat_mean_then_equal_dataset_mean,6,all,pair_k1_k2_q50,"[10,10,0]",0.772255986245695,0.7339219553976761,1.1446971662228171,0.48307262547314167,0.019050498501185262,0.011773899849504232,5.647543859649122,27.162456140350876,60.0,1.5,0.7172767857098321,0.8231424476850057,,,,
fixed_forest,D6_L1_Fall__T060__pair_k1_k3_q05,57,5,repeat_mean_then_equal_dataset_mean,6,all,pair_k1_k3_q05,"[19,0,1]",0.7677107707690691,0.7301202168736327,6.0603880786435,1.0762584832496942,0.006540561812161877,0.005404531117528677,5.402690058479533,22.595146198830406,60.0,1.0999999999999999,0.7132079749393703,0.818631181995952,,,,
fixed_forest,D6_L1_Fall__T060__pair_k1_k3_q10,57,5,repeat_mean_then_equal_dataset_mean,6,all,pair_k1_k3_q10,"[18,0,2]",0.7704693975728626,0.7329906066654355,12.028580385482494,2.1082843940705063,0.008195766795165184,0.006265441328287125,5.43046783625731,23.205614035087716,60.0,1.2000000000000002,0.7163542516565984,0.821047149796104,,,,
fixed_forest,D6_L1_Fall__T060__pair_k1_k3_q25,57,5,repeat_mean_then_equal_dataset_mean,6,all,pair_k1_k3_q25,"[15,0,5]",0.7765195318758273,0.7387266639204391,29.977824698086305,5.151930152066052,0.013077993522675939,0.008838465809822083,5.515555555555555,25.034327485380118,60.0,1.5,0.7224828671863341,0.826308635861051,,,,
fixed_forest,D6_L1_Fall__T060__pair_k1_k3_q50,57,5,repeat_mean_then_equal_dataset_mean,6,all,pair_k1_k3_q50,"[10,0,10]",0.7802618509897936,0.7421489298982877,59.85219194731234,10.334412377234548,0.021398603847544443,0.01325293881818652,5.654152046783625,28.088421052631578,60.0,2.0,0.7250571666515212,0.8304361702959361,,,,
fixed_forest,D6_L1_Fall__T060__pair_k2_k3_q05,57,5,repeat_mean_then_equal_dataset_mean,6,all,pair_k2_k3_q05,"[0,19,1]",0.7606472241619557,0.7208244628448576,8.141049675408162,1.9552730896510184,0.03351250670425463,0.01912414180114865,5.923333333333333,32.45947368421053,60.0,2.0500000000000003,0.7035093871440197,0.813408410321367,,,,
fixed_forest,D6_L1_Fall__T060__pair_k2_k3_q10,57,5,repeat_mean_then_equal_dataset_mean,6,all,pair_k2_k3_q10,"[0,18,2]",0.759658004659784,0.7192265400862261,13.999577860579938,3.1331657730974256,0.033737799325925216,0.019096583221107723,5.924444444444445,32.5574269005848,60.0,2.0999999999999996,0.7023708158666637,0.8125481077893681,,,,
fixed_forest,D6_L1_Fall__T060__pair_k2_k3_q25,57,5,repeat_mean_then_equal_dataset_mean,6,all,pair_k2_k3_q25,"[0,15,5]",0.7607175500439436,0.71966850030746,31.622136811363067,6.130895508173853,0.03440117342397571,0.01981516545638442,5.926432748538012,32.84175438596492,60.0,2.25,0.7028332930266428,0.8135960336823984,,,,
fixed_forest,D6_L1_Fall__T060__pair_k2_k3_q50,57,5,repeat_mean_then_equal_dataset_mean,6,all,pair_k2_k3_q50,"[0,10,10]",0.7601342171968104,0.7197769937782605,60.947142582470065,10.987795584276318,0.03561421479506974,0.020091326255351306,5.929122807017545,33.30029239766082,60.0,2.5,0.7009037862208355,0.8140343072181666,,,,
fixed_forest,D6_L1_Fall__T060__pure_k1,57,5,repeat_mean_then_equal_dataset_mean,6,all,pure_k1,"[20,0,0]",0.7657656728562704,0.7288469508046398,0.04788798794411777,0.03838117644190788,0.004906983472602932,0.004554897919297219,5.375087719298246,22.001578947368422,60.0,1.0,0.7105523931757278,0.8172722384599909,,,,
fixed_forest,D6_L1_Fall__T060__pure_k2,57,5,repeat_mean_then_equal_dataset_mean,6,all,pure_k2,"[0,20,0]",0.7593564688684069,0.7196352006695432,2.239647801380539,0.9062908045947552,0.03326610944871056,0.01904785856604576,5.922514619883041,32.374327485380114,60.0,2.0,0.7020922096268247,0.8122388892230729,,,,
fixed_forest,D6_L1_Fall__T060__pure_k3,57,5,repeat_mean_then_equal_dataset_mean,6,all,pure_k3,"[0,0,20]",0.7562404619015715,0.7174897053745102,119.58954275414477,20.798033491335808,0.03783014146774484,0.02097666747868061,5.936842105263158,34.17847953216374,60.0,3.0,0.6976406194717114,0.8104239666869334,,,,
fixed_forest,D6_L1_Fall__T060__triple_85_10_05,57,5,repeat_mean_then_equal_dataset_mean,6,all,triple_85_10_05,"[17,2,1]",0.771670908999546,0.733561898981051,6.278267689478959,1.1833628518506885,0.009331856801975192,0.006831508129835129,5.456081871345029,23.638011695906428,60.0,1.2000000000000002,0.7173038951196599,0.8222768473267951,,,,
fixed_forest,D6_L1_Fall__T100__pair_k1_k2_q05,57,5,repeat_mean_then_equal_dataset_mean,6,all,pair_k1_k2_q05,"[19,1,0]",0.7691832694220685,0.732460713923166,0.2635250337830368,0.1446642993018031,0.010432426605308267,0.008624056819826365,5.403894736842105,22.523298245614036,100.0,1.0499999999999998,0.7147384762222312,0.820111396896138,,,,
fixed_forest,D6_L1_Fall__T100__pair_k1_k2_q10,57,5,repeat_mean_then_equal_dataset_mean,6,all,pair_k1_k2_q10,"[18,2,0]",0.7691733755765937,0.7321405857804911,0.4463328385872669,0.22284607449546456,0.012799422593231784,0.009940267447382212,5.4309824561403515,23.041017543859653,100.0,1.0999999999999999,0.714397446942048,0.8202882130143735,,,,
fixed_forest,D6_L1_Fall__T100__pair_k1_k2_q25,57,5,repeat_mean_then_equal_dataset_mean,6,all,pair_k1_k2_q25,"[15,5,0]",0.773063577426035,0.7347788595707505,0.9925350170239412,0.4512508331798017,0.019865588700039346,0.013499999418854713,5.514,24.57357894736842,100.0,1.25,0.7188414696539243,0.8233556733706323,,,,
fixed_forest,D6_L1_Fall__T100__pair_k1_k2_q50,57,5,repeat_mean_then_equal_dataset_mean,6,all,pair_k1_k2_q50,"[10,10,0]",0.7749312286469301,0.7359678738968736,1.9094586432960474,0.8172864395193755,0.03178450987723313,0.01941044209524989,5.650982456140351,27.182175438596495,100.0,1.5,0.7208215880315849,0.8252240994843831,,,,
fixed_forest,D6_L1_Fall__T100__pair_k1_k3_q05,57,5,repeat_mean_then_equal_dataset_mean,6,all,pair_k1_k3_q05,"[19,0,1]",0.7700691642581955,0.7334911228280142,10.130343412627516,1.8228504289872944,0.010854042345952046,0.008891757018864155,5.404561403508772,22.609894736842108,100.0,1.0999999999999999,0.7155177126297407,0.8208976206562202,,,,
fixed_forest,D6_L1_Fall__T100__pair_k1_k3_q10,57,5,repeat_mean_then_equal_dataset_mean,6,all,pair_k1_k3_q10,"[18,0,2]",0.7722863128096857,0.7349542816053901,20.119599169976354,3.510456061642617,0.013654752474343569,0.01052414793521166,5.432596491228071,23.22245614035088,100.0,1.2000000000000002,0.7181353165859626,0.8225517714502232,,,,
fixed_forest,D6_L1_Fall__T100__pair_k1_k3_q25,57,5,repeat_mean_then_equal_dataset_mean,6,all,pair_k1_k3_q25,"[15,0,5]",0.7804345629371712,0.7424035614984817,50.23013605360399,8.607851228490471,0.021972378398896313,0.014683173224329948,5.517859649122808,25.031614035087717,100.0,1.5,0.7269762371698664,0.8296185016410739,,,,
fixed_forest,D6_L1_Fall__T100__pair_k1_k3_q50,57,5,repeat_mean_then_equal_dataset_mean,6,all,pair_k1_k3_q50,"[10,0,10]",0.7806281238946625,0.742065883932362,100.25973263937946,17.264538427535445,0.035932947306387256,0.02149989241734147,5.657859649122808,28.093122807017544,100.0,2.0,0.7251282898481315,0.8309674551484765,,,,
fixed_forest,D6_L1_Fall__T100__pair_k2_k3_q05,57,5,repeat_mean_then_equal_dataset_mean,6,all,pair_k2_k3_q05,"[0,19,1]",0.759438686735055,0.7185014685892012,13.60554033002669,3.26759221451357,0.05594906964780469,0.03137106010690331,5.923192982456141,32.45905263157895,100.0,2.0500000000000003,0.7017935758961985,0.8126157788062258,,,,
fixed_forest,D6_L1_Fall__T100__pair_k2_k3_q10,57,5,repeat_mean_then_equal_dataset_mean,6,all,pair_k2_k3_q10,"[0,18,2]",0.7604351683198495,0.7202241485576281,23.4119882825713,5.2065128060989085,0.05638278378827269,0.03137772670015693,5.924140350877193,32.55389473684211,100.0,2.0999999999999996,0.7029104339820269,0.8136127890248515,,,,
fixed_forest,D6_L1_Fall__T100__pair_k2_k3_q25,57,5,repeat_mean_then_equal_dataset_mean,6,all,pair_k2_k3_q25,"[0,15,5]",0.7614974686775087,0.7207277176723363,52.976322987762266,10.213070824276656,0.05763424360601787,0.03241896610707044,5.9263859649122805,32.83049122807018,100.0,2.25,0.7035900706738156,0.8146473930882893,,,,
fixed_forest,D6_L1_Fall__T100__pair_k2_k3_q50,57,5,repeat_mean_then_equal_dataset_mean,6,all,pair_k2_k3_q50,"[0,10,10]",0.7609521139668273,0.7209707688396506,102.08899594726564,18.338516950048508,0.05967589133631503,0.033309306390583514,5.92940350877193,33.283403508771926,100.0,2.5,0.7013707882444066,0.815244312716108,,,,
fixed_forest,D6_L1_Fall__T100__pure_k1,57,5,repeat_mean_then_equal_dataset_mean,6,all,pure_k1,"[20,0,0]",0.7664789219407703,0.7297344183966359,0.07966313626976652,0.06340786917135119,0.008216184907053647,0.007639430277049541,5.37761403508772,22.005719298245616,100.0,1.0,0.7112479533886168,0.8180491361009378,,,,
fixed_forest,D6_L1_Fall__T100__pure_k2,57,5,repeat_mean_then_equal_dataset_mean,6,all,pure_k2,"[0,20,0]",0.7606370817611743,0.7200500412113054,3.7387219511822125,1.5369657785631716,0.055527453907160906,0.031232626736164094,5.922526315789475,32.37245614035088,100.0,2.0,0.7033190867074232,0.8136201632497657,,,,
fixed_forest,D6_L1_Fall__T100__pure_k3,57,5,repeat_mean_then_equal_dataset_mean,6,all,pure_k3,"[0,0,20]",0.755574834076153,0.7165604238340076,200.3026460156874,34.71862948266789,0.0637191646291237,0.035406533163040876,5.936315789473684,34.17066666666666,100.0,3.0,0.6965376258279653,0.8100464275333301,,,,
fixed_forest,D6_L1_Fall__T100__triple_85_10_05,57,5,repeat_mean_then_equal_dataset_mean,6,all,triple_85_10_05,"[17,2,1]",0.7719263998778977,0.7341358533103748,10.478396752821446,1.977173419855535,0.015594316090930975,0.011488665360957384,5.458877192982456,23.64754385964913,100.0,1.2000000000000002,0.717910975113301,0.8221759250208532,,,,
fixed_forest,D6_L1_Fall__T200__pair_k1_k2_q05,57,5,repeat_mean_then_equal_dataset_mean,6,all,pair_k1_k2_q05,"[19,1,0]",0.7697319648408693,0.7335374510990164,0.5265415384417824,0.28885573213919996,0.020887657666676922,0.017406364250928164,5.405649122807017,22.53333333333333,200.0,1.0499999999999998,0.7147623388559475,0.8211234763541905,,,,
fixed_forest,D6_L1_Fall__T200__pair_k1_k2_q10,57,5,repeat_mean_then_equal_dataset_mean,6,all,pair_k1_k2_q10,"[18,2,0]",0.7702134973128669,0.7334531530788229,0.8918766641727925,0.44536243183538315,0.025695335966322504,0.01958254147320986,5.4330526315789465,23.04815789473684,200.0,1.0999999999999999,0.7151720546708779,0.8213024204338827,,,,
fixed_forest,D6_L1_Fall__T200__pair_k1_k2_q25,57,5,repeat_mean_then_equal_dataset_mean,6,all,pair_k1_k2_q25,"[15,5,0]",0.7741201135837823,0.735878075696713,1.9903592922708442,0.8944198903627694,0.03988894476440915,0.026528197061270475,5.515719298245613,24.58656140350877,200.0,1.25,0.7202324561332033,0.8243059250243255,,,,
fixed_forest,D6_L1_Fall__T200__pair_k1_k2_q50,57,5,repeat_mean_then_equal_dataset_mean,6,all,pair_k1_k2_q50,"[10,10,0]",0.7760415674178904,0.73758054138844,3.826674243152599,1.6355815147981048,0.06379483930047666,0.03756505725905299,5.652,27.18501754385965,200.0,1.5,0.7218551547100364,0.826090064906616,,,,
fixed_forest,D6_L1_Fall__T200__pair_k1_k3_q05,57,5,repeat_mean_then_equal_dataset_mean,6,all,pair_k1_k3_q05,"[19,0,1]",0.7710050939249153,0.7348786999348931,20.620375653297494,3.70913996770978,0.022299771682408293,0.01799001358449459,5.4063684210526315,22.61985964912281,200.0,1.0999999999999999,0.7162266352235483,0.8219627778820008,,,,
fixed_forest,D6_L1_Fall__T200__pair_k1_k3_q10,57,5,repeat_mean_then_equal_dataset_mean,6,all,pair_k1_k3_q10,"[18,0,2]",0.7734049825122566,0.7365745974740572,40.75779969697948,7.1427941171452405,0.02795614959966195,0.021035597939044238,5.434631578947369,23.229315789473684,200.0,1.2000000000000002,0.7192986535871057,0.8235217403053692,,,,
fixed_forest,D6_L1_Fall__T200__pair_k1_k3_q25,57,5,repeat_mean_then_equal_dataset_mean,6,all,pair_k1_k3_q25,"[15,0,5]",0.7814740752844908,0.743181945713344,101.76912427050011,17.624991567339748,0.04516824095656996,0.030682689137756826,5.519491228070176,25.037473684210525,200.0,1.5,0.7277382642329514,0.8304078621492348,,,,
fixed_forest,D6_L1_Fall__T200__pair_k1_k3_q50,57,5,repeat_mean_then_equal_dataset_mean,6,all,pair_k1_k3_q50,"[10,0,10]",0.7808707175545799,0.7421519062106915,203.52197551957346,34.99721960034221,0.07361004655167722,0.04540032017976046,5.659052631578947,28.07640350877193,200.0,2.0,0.7250134786307479,0.8315132188279286,,,,
fixed_forest,D6_L1_Fall__T200__pair_k2_k3_q05,57,5,repeat_mean_then_equal_dataset_mean,6,all,pair_k2_k3_q05,"[0,19,1]",0.7632569647625259,0.7219763404701025,27.58687043362869,6.550396619457752,0.11260979836316486,0.06202654531225562,5.9229824561403515,32.4519649122807,200.0,2.0500000000000003,0.7062481837074005,0.8158096090996602,,,,
fixed_forest,D6_L1_Fall__T200__pair_k2_k3_q10,57,5,repeat_mean_then_equal_dataset_mean,6,all,pair_k2_k3_q10,"[0,18,2]",0.7631906012641787,0.7218789277833579,47.35895935157967,10.317652861680836,0.11345849798077293,0.06263484517112375,5.923842105263158,32.54659649122807,200.0,2.0999999999999996,0.7056740595706444,0.8160524692131181,,,,
fixed_forest,D6_L1_Fall__T200__pair_k2_k3_q25,57,5,repeat_mean_then_equal_dataset_mean,6,all,pair_k2_k3_q25,"[0,15,5]",0.7634087421727378,0.7221552138769222,107.27180129700227,20.823470906540752,0.1164769805395943,0.06417962964624166,5.926035087719298,32.81635087719299,200.0,2.25,0.7054307215315659,0.8164342328478501,,,,
fixed_forest,D6_L1_Fall__T200__pair_k2_k3_q50,57,5,repeat_mean_then_equal_dataset_mean,6,all,pair_k2_k3_q50,"[0,10,10]",0.7628601114657299,0.7222980834901381,207.18833759519381,37.138884282764046,0.12101289159863401,0.06766846822574735,5.9293157894736845,33.256824561403505,200.0,2.5,0.7041620871820946,0.8164576719230069,,,,
fixed_forest,D6_L1_Fall__T200__pure_k1,57,5,repeat_mean_then_equal_dataset_mean,6,all,pure_k1,"[20,0,0]",0.7670562467304892,0.7309318358232304,0.15880602244124342,0.12611554553732277,0.016283411504864172,0.01503398474305868,5.379263157894737,22.013157894736842,200.0,1.0,0.7113180770372425,0.8188771250954668,,,,
fixed_forest,D6_L1_Fall__T200__pure_k2,57,5,repeat_mean_then_equal_dataset_mean,6,all,pure_k2,"[0,20,0]",0.7627895236725818,0.7213824785453253,7.49303631877298,3.102790703717619,0.11119768434743348,0.06135890455916524,5.922263157894737,32.365438596491224,200.0,2.0,0.7053920618501979,0.8155541421637488,,,,
fixed_forest,D6_L1_Fall__T200__pure_k3,57,5,repeat_mean_then_equal_dataset_mean,6,all,pure_k3,"[0,0,20]",0.7572968643636648,0.7185576699696928,407.60961662044485,70.20451052393764,0.13057546661513156,0.07160580782219768,5.937,34.15615789473685,200.0,3.0,0.6987373445926311,0.8113216578029595,,,,
fixed_forest,D6_L1_Fall__T200__triple_85_10_05,57,5,repeat_mean_then_equal_dataset_mean,6,all,triple_85_10_05,"[17,2,1]",0.7738761378740631,0.7367663165430954,21.206159511184026,4.120318483747542,0.031469880291179086,0.0227766745723784,5.461087719298245,23.65115789473684,200.0,1.2000000000000002,0.7198112960202875,0.8240889817728289,,,,
fixed_forest,D6_L1_Fsqrt__T020__pair_k1_k2_q05,57,5,repeat_mean_then_equal_dataset_mean,6,sqrt,pair_k1_k2_q05,"[19,1,0]",0.7531917320689413,0.7103613774648362,0.07226063088726319,0.061713991314172746,0.0022001770782496847,0.0018068074248731136,5.664912280701755,25.989298245614037,20.0,1.0499999999999998,0.6960231302223088,0.8066258360587137,,,,
fixed_forest,D6_L1_Fsqrt__T020__pair_k1_k2_q10,57,5,repeat_mean_then_equal_dataset_mean,6,sqrt,pair_k1_k2_q10,"[18,2,0]",0.7553780138773424,0.7127288240597033,0.13164685847433774,0.10863636555150151,0.0027579692061663725,0.0020291250199079513,5.676140350877193,26.173859649122807,20.0,1.0999999999999999,0.6980789106621881,0.8085046734528666,,,,
fixed_forest,D6_L1_Fsqrt__T020__pair_k1_k2_q25,57,5,repeat_mean_then_equal_dataset_mean,6,sqrt,pair_k1_k2_q25,"[15,5,0]",0.7601777472187974,0.717988759716239,0.3088395916432012,0.2495807820931077,0.004300909159345585,0.0026726257987320424,5.709298245614035,26.683333333333334,20.0,1.25,0.7033969720141072,0.8128532352591813,,,,
fixed_forest,D6_L1_Fsqrt__T020__pair_k1_k2_q50,57,5,repeat_mean_then_equal_dataset_mean,6,sqrt,pair_k1_k2_q50,"[10,10,0]",0.7609946085509351,0.7181878829042813,0.6046979073516763,0.4913860824890435,0.006911578825103086,0.003793058544397354,5.749298245614035,27.576666666666668,20.0,1.5,0.7042380866968679,0.8136344641882872,,,,
fixed_forest,D6_L1_Fsqrt__T020__pair_k1_k3_q05,57,5,repeat_mean_then_equal_dataset_mean,6,sqrt,pair_k1_k3_q05,"[19,0,1]",0.7535748622275873,0.710121904776518,1.6046634221106375,0.3557200929149985,0.002246437009358615,0.001823384128510952,5.6684210526315795,26.074912280701753,20.0,1.0999999999999999,0.6958774178823165,0.807213530924584,,,,
fixed_forest,D6_L1_Fsqrt__T020__pair_k1_k3_q10,57,5,repeat_mean_then_equal_dataset_mean,6,sqrt,pair_k1_k3_q10,"[18,0,2]",0.7572714510791553,0.7139206752810977,3.2378053485236147,0.6744818175211549,0.0027780552443705106,0.002053382806479931,5.683859649122807,26.373508771929828,20.0,1.2000000000000002,0.7002669669949506,0.8102216873124103,,,,
fixed_forest,D6_L1_Fsqrt__T020__pair_k1_k3_q25,57,5,repeat_mean_then_equal_dataset_mean,6,sqrt,pair_k1_k3_q25,"[15,0,5]",0.7615019229773935,0.719227175898325,7.911329048327906,1.642660184018314,0.004418229509406446,0.002818500157445669,5.727719298245614,27.2159649122807,20.0,1.5,0.7044927664796373,0.8141490026679807,,,,
fixed_forest,D6_L1_Fsqrt__T020__pair_k1_k3_q50,57,5,repeat_mean_then_equal_dataset_mean,6,sqrt,pair_k1_k3_q50,"[10,0,10]",0.7682448957800974,0.7249216340706193,15.815012243264274,3.293063025455922,0.0071650098911241475,0.003956874646246433,5.7882456140350875,28.615789473684213,20.0,2.0,0.7119846565763126,0.8199646697154002,,,,
fixed_forest,D6_L1_Fsqrt__T020__pair_k2_k3_q05,57,5,repeat_mean_then_equal_dataset_mean,6,sqrt,pair_k2_k3_q05,"[0,19,1]",0.7647343136722271,0.7208527039056744,2.732415411882756,1.2503727406263352,0.01238611805040324,0.006043276283890009,5.8464912280701755,29.413684210526313,20.0,2.0500000000000003,0.7089133477527197,0.8166407317357688,,,,
fixed_forest,D6_L1_Fsqrt__T020__pair_k2_k3_q10,57,5,repeat_mean_then_equal_dataset_mean,6,sqrt,pair_k2_k3_q10,"[0,18,2]",0.7651782824528316,0.7208976772410661,4.306171110708659,1.5129365087486804,0.012359944157498448,0.00609748400747776,5.850701754385965,29.527719298245618,20.0,2.0999999999999996,0.7090829321003792,0.8172298611703785,,,,
fixed_forest,D6_L1_Fsqrt__T020__pair_k2_k3_q25,57,5,repeat_mean_then_equal_dataset_mean,6,sqrt,pair_k2_k3_q25,"[0,15,5]",0.7671860522029271,0.7237201803131048,8.802502077344085,2.3511134489439427,0.01245717846935517,0.0060749159194529055,5.8614035087719305,29.86070175438596,20.0,2.25,0.7111106940030819,0.819283862073357,,,,
fixed_forest,D6_L1_Fsqrt__T020__pair_k2_k3_q50,57,5,repeat_mean_then_equal_dataset_mean,6,sqrt,pair_k2_k3_q50,"[0,10,10]",0.7680371424134596,0.7236228383732964,16.41032695657198,3.7963391995988784,0.012593289185315373,0.006216273829340935,5.881929824561404,30.367192982456142,20.0,2.5,0.7122224213430399,0.8195061802268868,,,,
fixed_forest,D6_L1_Fsqrt__T020__pure_k1,57,5,repeat_mean_then_equal_dataset_mean,6,sqrt,pure_k1,"[20,0,0]",0.7501872657251708,0.7076825839426216,0.012778287379299863,0.011763267684727907,0.0016751553144371302,0.0015608658082783221,5.656666666666667,25.819298245614036,20.0,1.0,0.6914706134178628,0.805155954683859,,,,
fixed_forest,D6_L1_Fsqrt__T020__pure_k2,57,5,repeat_mean_then_equal_dataset_mean,6,sqrt,pure_k2,"[0,20,0]",0.7663183676976295,0.7229167936945259,1.2000126206593815,0.9567821155302226,0.01233985811929431,0.006035684607923031,5.842982456140351,29.328070175438594,20.0,2.0,0.7110590308844478,0.8175751013638293,,,,
fixed_forest,D6_L1_Fsqrt__T020__pure_k3,57,5,repeat_mean_then_equal_dataset_mean,6,sqrt,pure_k3,"[0,0,20]",0.7710015064237482,0.7258650173149181,31.42676301449537,6.4885850515216585,0.01252806846771324,0.006536674126982689,5.923157894736843,31.376491228070176,20.0,3.0,0.714802852794528,0.8228850969701477,,,,
fixed_forest,D6_L1_Fsqrt__T020__triple_85_10_05,57,5,repeat_mean_then_equal_dataset_mean,6,sqrt,triple_85_10_05,"[17,2,1]",0.7577291572035767,0.7161138438217872,1.6991333779372404,0.42377890879288316,0.003283792750485111,0.002289458364248276,5.6921052631578934,26.46684210526316,20.0,1.2000000000000002,0.7000848653791358,0.8110234806664633,,,,
fixed_forest,D6_L1_Fsqrt__T040__pair_k1_k2_q05,57,5,repeat_mean_then_equal_dataset_mean,6,sqrt,pair_k1_k2_q05,"[19,1,0]",0.7532216392811197,0.7097356299582238,0.14402229398358288,0.12178928339853883,0.004398502322861501,0.003497284557670355,5.672894736842106,25.936228070175442,40.0,1.0499999999999998,0.6946374835758156,0.8077883727989248,,,,
fixed_forest,D6_L1_Fsqrt__T040__pair_k1_k2_q10,57,5,repeat_mean_then_equal_dataset_mean,6,sqrt,pair_k1_k2_q10,"[18,2,0]",0.754060834578357,0.7106315794186243,0.26099678791830677,0.21745229940861463,0.005470668421568055,0.003921860177069902,5.6814912280701755,26.116315789473685,40.0,1.0999999999999999,0.6957762670592745,0.8079361409392497,,,,
fixed_forest,D6_L1_Fsqrt__T040__pair_k1_k2_q25,57,5,repeat_mean_then_equal_dataset_mean,6,sqrt,pair_k1_k2_q25,"[15,5,0]",0.7609613581321845,0.7177551370106426,0.6140156031194094,0.5027801578864455,0.008637839322092764,0.005178432911634445,5.710438596491228,26.628947368421056,40.0,1.25,0.703711755038814,0.8142232671704371,,,,
fixed_forest,D6_L1_Fsqrt__T040__pair_k1_k2_q50,57,5,repeat_mean_then_equal_dataset_mean,6,sqrt,pair_k1_k2_q50,"[10,10,0]",0.7650998167044875,0.7233816781298984,1.2163856028954971,0.9723161401227116,0.013834240789149414,0.007438666000962257,5.751052631578949,27.530614035087723,40.0,1.5,0.7077009272611503,0.8179621755482204,,,,
fixed_forest,D6_L1_Fsqrt__T040__pair_k1_k3_q05,57,5,repeat_mean_then_equal_dataset_mean,6,sqrt,pair_k1_k3_q05,"[19,0,1]",0.7530865446215632,0.7090377858683637,3.192417668128027,0.6599723353981972,0.00444790366710278,0.0035398672334849834,5.67640350877193,26.0269298245614,40.0,1.0999999999999999,0.694779539765722,0.8073203175726734,,,,
fixed_forest,D6_L1_Fsqrt__T040__pair_k1_k3_q10,57,5,repeat_mean_then_equal_dataset_mean,6,sqrt,pair_k1_k3_q10,"[18,0,2]",0.7571342588105422,0.7135748881281341,6.385644575196988,1.2553028681315481,0.005508914908492251,0.004019384086132049,5.689912280701755,26.326140350877193,40.0,1.2000000000000002,0.6992286547993626,0.8110039711166294,,,,
fixed_forest,D6_L1_Fsqrt__T040__pair_k1_k3_q25,57,5,repeat_mean_then_equal_dataset_mean,6,sqrt,pair_k1_k3_q25,"[15,0,5]",0.762309152097217,0.7189545508517079,15.6187062543294,3.201326926238835,0.008754881876602507,0.0055709825828671455,5.730438596491228,27.18877192982456,40.0,1.5,0.7049530683863447,0.8152226620780043,,,,
fixed_forest,D6_L1_Fsqrt__T040__pair_k1_k3_q50,57,5,repeat_mean_then_equal_dataset_mean,6,sqrt,pair_k1_k3_q50,"[10,0,10]",0.7692108501045352,0.7266871333741964,31.354116149918223,6.535510843619704,0.014180680490180588,0.008148907870054244,5.795350877192983,28.625789473684208,40.0,2.0,0.7123887027489554,0.8217335815377592,,,,
fixed_forest,D6_L1_Fsqrt__T040__pair_k2_k3_q05,57,5,repeat_mean_then_equal_dataset_mean,6,sqrt,pair_k2_k3_q05,"[0,19,1]",0.7672598719708917,0.7244160253976144,5.4620284338530745,2.4442977738566696,0.024505280343848364,0.01190957510843873,5.8402631578947375,29.363070175438594,40.0,2.0500000000000003,0.7107695863799671,0.819275846678487,,,,
fixed_forest,D6_L1_Fsqrt__T040__pair_k2_k3_q10,57,5,repeat_mean_then_equal_dataset_mean,6,sqrt,pair_k2_k3_q10,"[0,18,2]",0.7673336092467995,0.7240806990365833,8.53828084698731,2.9517342490144074,0.02449412548653128,0.01197467464953661,5.845175438596492,29.482192982456137,40.0,2.0999999999999996,0.7105491517092615,0.8195186883397123,,,,
fixed_forest,D6_L1_Fsqrt__T040__pair_k2_k3_q25,57,5,repeat_mean_then_equal_dataset_mean,6,sqrt,pair_k2_k3_q25,"[0,15,5]",0.7669194236835677,0.7237302904414742,17.418323710918624,4.6180596156045794,0.024572921554116826,0.012078608572483062,5.856754385964912,29.83219298245614,40.0,2.25,0.7103019920399862,0.8191429685144459,,,,
fixed_forest,D6_L1_Fsqrt__T040__pair_k2_k3_q50,57,5,repeat_mean_then_equal_dataset_mean,6,sqrt,pair_k2_k3_q50,"[0,10,10]",0.7693367021552892,0.72655632010012,32.551363606731364,7.477805977035314,0.024802318700638253,0.01258787326514721,5.881052631578948,30.367543859649125,40.0,2.5,0.7131047329724954,0.8213171886862217,,,,
fixed_forest,D6_L1_Fsqrt__T040__pure_k1,57,5,repeat_mean_then_equal_dataset_mean,6,sqrt,pure_k1,"[20,0,0]",0.7501997375641932,0.7065174707958327,0.025247471014920034,0.022941367886960506,0.0033329810293620094,0.003075198829174042,5.665789473684211,25.76877192982456,40.0,1.0,0.6909696187954351,0.805440219186695,,,,
fixed_forest,D6_L1_Fsqrt__T040__pure_k2,57,5,repeat_mean_then_equal_dataset_mean,6,sqrt,pure_k2,"[0,20,0]",0.7672446244683095,0.7248645771931148,2.4136330597086304,1.917359165009111,0.02445587899960708,0.01190425818786025,5.8367543859649125,29.272368421052633,40.0,2.0,0.711132190363404,0.819204239534036,,,,
fixed_forest,D6_L1_Fsqrt__T040__pure_k3,57,5,repeat_mean_then_equal_dataset_mean,6,sqrt,pure_k3,"[0,0,20]",0.7719414272962946,0.727037640557393,62.72008273420006,13.068107076175512,0.02515041856912144,0.013145782705396413,5.922017543859648,31.428859649122806,40.0,3.0,0.7155019169205838,0.8236003471199533,,,,
fixed_forest,D6_L1_Fsqrt__T040__triple_85_10_05,57,5,repeat_mean_then_equal_dataset_mean,6,sqrt,triple_85_10_05,"[17,2,1]",0.7587189133364789,0.7154243687249989,3.3568544583852615,0.864788334723562,0.006527593526008882,0.004463917855173349,5.695263157894737,26.40850877192982,40.0,1.2000000000000002,0.7010891838974173,0.8123215234677275,,,,
fixed_forest,D6_L1_Fsqrt__T060__pair_k1_k2_q05,57,5,repeat_mean_then_equal_dataset_mean,6,sqrt,pair_k1_k2_q05,"[19,1,0]",0.7576833307141322,0.7141727332403106,0.215434373354768,0.18132440643385053,0.006522519025428776,0.005206367745995521,5.669356725146199,25.948304093567252,60.0,1.0499999999999998,0.6996580286683389,0.8117717617303057,,,,
fixed_forest,D6_L1_Fsqrt__T060__pair_k1_k2_q10,57,5,repeat_mean_then_equal_dataset_mean,6,sqrt,pair_k1_k2_q10,"[18,2,0]",0.7594948625608616,0.7163919843740958,0.3925866231518356,0.3277766240760684,0.008134444789928303,0.005927534308284521,5.6778362573099415,26.127426900584794,60.0,1.0999999999999999,0.7019530367871628,0.8130177016012234,,,,
fixed_forest,D6_L1_Fsqrt__T060__pair_k1_k2_q25,57,5,repeat_mean_then_equal_dataset_mean,6,sqrt,pair_k1_k2_q25,"[15,5,0]",0.7621862278581545,0.7186798317722218,0.9222709957118097,0.7501618075184524,0.012922650928560058,0.007663941662758589,5.705438596491228,26.64286549707602,60.0,1.25,0.7046585504890145,0.815482666730432,,,,
fixed_forest,D6_L1_Fsqrt__T060__pair_k1_k2_q50,57,5,repeat_mean_then_equal_dataset_mean,6,sqrt,pair_k1_k2_q50,"[10,10,0]",0.7672747077231908,0.7249296320414788,1.8182474831331588,1.4524143226444721,0.020837268452241757,0.011146190296858548,5.747719298245614,27.538070175438595,60.0,1.5,0.7097715818922505,0.8201967018823222,,,,
fixed_forest,D6_L1_Fsqrt__T060__pair_k1_k3_q05,57,5,repeat_mean_then_equal_dataset_mean,6,sqrt,pair_k1_k3_q05,"[19,0,1]",0.7591925240924297,0.7151644173688102,4.815051259041616,0.9760920898988843,0.0066554415774972816,0.0052846184000372885,5.6732748538011695,26.046257309941524,60.0,1.0999999999999999,0.7012505760493833,0.8132064968663175,,,,
fixed_forest,D6_L1_Fsqrt__T060__pair_k1_k3_q10,57,5,repeat_mean_then_equal_dataset_mean,6,sqrt,pair_k1_k3_q10,"[18,0,2]",0.762230491077806,0.7187956678463552,9.62320345205075,1.9342666728422047,0.008235595378567252,0.0061102923937141895,5.6869590643274845,26.342456140350876,60.0,1.2000000000000002,0.7045291208784467,0.8156956415989075,,,,
fixed_forest,D6_L1_Fsqrt__T060__pair_k1_k3_q25,57,5,repeat_mean_then_equal_dataset_mean,6,sqrt,pair_k1_k3_q25,"[15,0,5]",0.7679270457299145,0.7248599280078556,23.692405682576727,4.916400481853634,0.013215119461937434,0.008409814815968275,5.7264912280701745,27.195263157894736,60.0,1.5,0.7113326112457325,0.820281119003002,,,,
fixed_forest,D6_L1_Fsqrt__T060__pair_k1_k3_q50,57,5,repeat_mean_then_equal_dataset_mean,6,sqrt,pair_k1_k3_q50,"[10,0,10]",0.7723242827106964,0.7300629146879128,47.48000733324474,9.88022176856175,0.02137096452673799,0.012220166064798832,5.792690058479533,28.6306432748538,60.0,2.0,0.7153273776487465,0.8248328576771152,,,,
fixed_forest,D6_L1_Fsqrt__T060__pair_k2_k3_q05,57,5,repeat_mean_then_equal_dataset_mean,6,sqrt,pair_k2_k3_q05,"[0,19,1]",0.7695003395881732,0.7265242027204002,8.200129072289718,3.6388814407400787,0.0368021933378227,0.017722650803625582,5.840292397660819,29.37017543859649,60.0,2.0500000000000003,0.7125385231236002,0.8220457360556445,,,,
fixed_forest,D6_L1_Fsqrt__T060__pair_k2_k3_q10,57,5,repeat_mean_then_equal_dataset_mean,6,sqrt,pair_k2_k3_q10,"[0,18,2]",0.7695165017402297,0.7264992634391256,12.831129015501785,4.471008940506726,0.03677042137439314,0.01793349888175726,5.845497076023392,29.487251461988304,60.0,2.0999999999999996,0.712879140541117,0.8218750803521752,,,,
fixed_forest,D6_L1_Fsqrt__T060__pair_k2_k3_q25,57,5,repeat_mean_then_equal_dataset_mean,6,sqrt,pair_k2_k3_q25,"[0,15,5]",0.7703716847580571,0.7276443739886915,26.37064687346778,7.026455249078571,0.03696173931913157,0.018159282952547075,5.857426900584795,29.824619883040935,60.0,2.25,0.7138640000615653,0.8226742966398818,,,,
fixed_forest,D6_L1_Fsqrt__T060__pair_k2_k3_q50,57,5,repeat_mean_then_equal_dataset_mean,6,sqrt,pair_k2_k3_q50,"[0,10,10]",0.7711365873285285,0.7285149914892011,49.26227203671444,11.071990774851292,0.03720296686025042,0.01878768131136894,5.881345029239767,30.36479532163743,60.0,2.5,0.7150586811726689,0.8230391419066706,,,,
fixed_forest,D6_L1_Fsqrt__T060__pure_k1,57,5,repeat_mean_then_equal_dataset_mean,6,sqrt,pure_k1,"[20,0,0]",0.7539131973591439,0.7100630359044433,0.03801550463070733,0.03429527543485165,0.004977378696856792,0.004524984396994114,5.661754385964913,25.777426900584793,60.0,1.0,0.694743120663664,0.8090596502247688,,,,
fixed_forest,D6_L1_Fsqrt__T060__pure_k2,57,5,repeat_mean_then_equal_dataset_mean,6,sqrt,pure_k2,"[0,20,0]",0.769294629128458,0.7264459938417807,3.600512186602869,2.858861064631492,0.03666927078575419,0.0174709084443748,5.836374269005847,29.27222222222222,60.0,2.0,0.7123108642456405,0.8217610642481809,,,,
fixed_forest,D6_L1_Fsqrt__T060__pure_k3,57,5,repeat_mean_then_equal_dataset_mean,6,sqrt,pure_k3,"[0,0,20]",0.7724262472580196,0.7292468403447362,94.42819985303898,19.713709127623588,0.037794728580404786,0.019901000242680312,5.923684210526315,31.442514619883042,60.0,3.0,0.7162969223056973,0.8242399150072868,,,,
fixed_forest,D6_L1_Fsqrt__T060__triple_85_10_05,57,5,repeat_mean_then_equal_dataset_mean,6,sqrt,triple_85_10_05,"[17,2,1]",0.7617491159528396,0.7189520171909362,5.119704417734031,1.3033667468465864,0.009762933242477867,0.006626543123275042,5.690584795321637,26.405146198830412,60.0,1.2000000000000002,0.7046653939372441,0.8149540010408263,,,,
fixed_forest,D6_L1_Fsqrt__T100__pair_k1_k2_q05,57,5,repeat_mean_then_equal_dataset_mean,6,sqrt,pair_k1_k2_q05,"[19,1,0]",0.7575313021717139,0.7138984151970552,0.3581796233182806,0.30268047414720056,0.010873032016516257,0.00847723511978984,5.6705614035087715,25.946245614035085,100.0,1.0499999999999998,0.6995122592725361,0.8115910554080188,,,,
fixed_forest,D6_L1_Fsqrt__T100__pair_k1_k2_q10,57,5,repeat_mean_then_equal_dataset_mean,6,sqrt,pair_k1_k2_q10,"[18,2,0]",0.7600292772995434,0.716963991406899,0.653826384803509,0.5427171243354678,0.013526440570294335,0.009751623589545488,5.678842105263159,26.132385964912277,100.0,1.0999999999999999,0.7024817083967639,0.8135526753803047,,,,
fixed_forest,D6_L1_Fsqrt__T100__pair_k1_k2_q25,57,5,repeat_mean_then_equal_dataset_mean,6,sqrt,pair_k1_k2_q25,"[15,5,0]",0.7641028604637065,0.7212761929119029,1.5426913551659438,1.2421316495165229,0.021607682014112933,0.0128613093867898,5.705789473684211,26.646280701754385,100.0,1.25,0.7066358069672012,0.8174544194391759,,,,
fixed_forest,D6_L1_Fsqrt__T100__pair_k1_k2_q50,57,5,repeat_mean_then_equal_dataset_mean,6,sqrt,pair_k1_k2_q50,"[10,10,0]",0.765518435012769,0.7232626805809073,3.030661962338184,2.411258565355092,0.0348667481080874,0.018746133241802455,5.749052631578948,27.526771929824562,100.0,1.5,0.7079180784063895,0.8183763384491252,,,,
fixed_forest,D6_L1_Fsqrt__T100__pair_k1_k3_q05,57,5,repeat_mean_then_equal_dataset_mean,6,sqrt,pair_k1_k3_q05,"[19,0,1]",0.7574532281227365,0.7142279671038042,7.971601370120781,1.6563561067916452,0.011083277720108366,0.008742802031338214,5.675403508771931,26.05322807017544,100.0,1.0999999999999999,0.6994988558824847,0.811554346112001,,,,
fixed_forest,D6_L1_Fsqrt__T100__pair_k1_k3_q10,57,5,repeat_mean_then_equal_dataset_mean,6,sqrt,pair_k1_k3_q10,"[18,0,2]",0.7617169341618801,0.7187685077146402,15.902022431816969,3.2712227827869356,0.013711136791920453,0.009897961374372244,5.688350877192982,26.35249122807018,100.0,1.2000000000000002,0.7041303586104939,0.8152028124900327,,,,
fixed_forest,D6_L1_Fsqrt__T100__pair_k1_k3_q25,57,5,repeat_mean_then_equal_dataset_mean,6,sqrt,pair_k1_k3_q25,"[15,0,5]",0.7688104850124405,0.7262108450494028,39.36937748518233,8.282464550808072,0.021927356599062156,0.013587147369980812,5.727929824561404,27.200701754385967,100.0,1.5,0.7122516959431391,0.8214510460663451,,,,
fixed_forest,D6_L1_Fsqrt__T100__pair_k1_k3_q50,57,5,repeat_mean_then_equal_dataset_mean,6,sqrt,pair_k1_k3_q50,"[10,0,10]",0.7711363731258234,0.7292036477031447,79.09134220871256,16.411940769292414,0.035676541555215394,0.020385555643588304,5.793333333333334,28.631298245614037,100.0,2.0,0.7142845045736184,0.8237693754514763,,,,
fixed_forest,D6_L1_Fsqrt__T100__pair_k2_k3_q05,57,5,repeat_mean_then_equal_dataset_mean,6,sqrt,pair_k2_k3_q05,"[0,19,1]",0.7696182205635502,0.7269807211632342,13.616732693672702,6.149744849186391,0.06123875578244529,0.029491592105478047,5.840877192982457,29.374982456140348,100.0,2.0500000000000003,0.7125224057999522,0.8222592264068904,,,,
fixed_forest,D6_L1_Fsqrt__T100__pair_k2_k3_q10,57,5,repeat_mean_then_equal_dataset_mean,6,sqrt,pair_k2_k3_q10,"[0,18,2]",0.7702122441300371,0.7279770343011406,21.25150699388366,7.547817599028349,0.06121320630047928,0.029788575414568187,5.845543859649124,29.48810526315789,100.0,2.0999999999999996,0.7134978806318039,0.8225937785475952,,,,
fixed_forest,D6_L1_Fsqrt__T100__pair_k2_k3_q25,57,5,repeat_mean_then_equal_dataset_mean,6,sqrt,pair_k2_k3_q25,"[0,15,5]",0.7721087314407162,0.7294851584861898,43.82999707688659,11.786959749367089,0.06134818466380239,0.03052433840930462,5.858175438596491,29.82242105263158,100.0,2.25,0.7158242313973793,0.8242607346776045,,,,
fixed_forest,D6_L1_Fsqrt__T100__pair_k2_k3_q50,57,5,repeat_mean_then_equal_dataset_mean,6,sqrt,pair_k2_k3_q50,"[0,10,10]",0.7726943272748461,0.7305233068870424,82.0639911932446,18.485040457174183,0.061838303525981145,0.03135102605447173,5.880315789473684,30.372526315789475,100.0,2.5,0.716564035800197,0.8246320273442383,,,,
fixed_forest,D6_L1_Fsqrt__T100__pure_k1,57,5,repeat_mean_then_equal_dataset_mean,6,sqrt,pure_k1,"[20,0,0]",0.7559445351298375,0.7121938054551672,0.06344417239326919,0.056462899781763554,0.008323290880377355,0.007398064713925123,5.6626666666666665,25.780807017543857,100.0,1.0,0.6976830882026442,0.8101892225804342,,,,
fixed_forest,D6_L1_Fsqrt__T100__pure_k2,57,5,repeat_mean_then_equal_dataset_mean,6,sqrt,pure_k2,"[0,20,0]",0.768645914702231,0.726070605249778,6.0033109468702035,4.742324922699481,0.06102851007885316,0.029185015708208084,5.836035087719298,29.268,100.0,2.0,0.7114055816688868,0.821342725571168,,,,
fixed_forest,D6_L1_Fsqrt__T100__pure_k3,57,5,repeat_mean_then_equal_dataset_mean,6,sqrt,pure_k3,"[0,0,20]",0.7754964175594615,0.7333055295283039,157.80568505335404,33.11188902109861,0.06304923731572272,0.03346836687996983,5.924280701754387,31.477824561403505,100.0,3.0,0.7197178814757564,0.8273482575160812,,,,
fixed_forest,D6_L1_Fsqrt__T100__triple_85_10_05,57,5,repeat_mean_then_equal_dataset_mean,6,sqrt,triple_85_10_05,"[17,2,1]",0.7634989475935419,0.7208817124613807,8.528036447060538,2.1701200937852265,0.01627112456123557,0.010782758425921201,5.691473684210526,26.409052631578948,100.0,1.2000000000000002,0.7062496483894369,0.8168357544246388,,,,
fixed_forest,D6_L1_Fsqrt__T200__pair_k1_k2_q05,57,5,repeat_mean_then_equal_dataset_mean,6,sqrt,pair_k1_k2_q05,"[19,1,0]",0.7593392752022899,0.7158815360743589,0.7155113404453324,0.5803213493898511,0.0218098580265385,0.017004204075783493,5.675403508771931,25.95559649122807,200.0,1.0499999999999998,0.7011151144663594,0.8132399815650676,,,,
fixed_forest,D6_L1_Fsqrt__T200__pair_k1_k2_q10,57,5,repeat_mean_then_equal_dataset_mean,6,sqrt,pair_k1_k2_q10,"[18,2,0]",0.7604196517553463,0.7172004216254081,1.3004426149733106,1.0773380078375339,0.027011270424057002,0.019255551602691413,5.683561403508772,26.133052631578945,200.0,1.0999999999999999,0.7027593677647019,0.8137115952854623,,,,
fixed_forest,D6_L1_Fsqrt__T200__pair_k1_k2_q25,57,5,repeat_mean_then_equal_dataset_mean,6,sqrt,pair_k1_k2_q25,"[15,5,0]",0.7643342692977028,0.7214271146247231,3.077692098899238,2.479671892616898,0.04275944552204588,0.025876652169972657,5.709859649122807,26.650017543859644,200.0,1.25,0.7067829459693145,0.8171856224345038,,,,
fixed_forest,D6_L1_Fsqrt__T200__pair_k1_k2_q50,57,5,repeat_mean_then_equal_dataset_mean,6,sqrt,pair_k1_k2_q50,"[10,10,0]",0.766570510739445,0.7243637680831352,6.033757525004381,4.8424721485003825,0.06902100040266912,0.03742175055667758,5.7517192982456145,27.527561403508773,200.0,1.5,0.7086719101471909,0.8198012339152422,,,,
fixed_forest,D6_L1_Fsqrt__T200__pair_k1_k3_q05,57,5,repeat_mean_then_equal_dataset_mean,6,sqrt,pair_k1_k3_q05,"[19,0,1]",0.7598331753188485,0.7162897896840094,15.906117977880008,3.3510199319571257,0.0220931521894639,0.017195653170347214,5.680578947368421,26.06768421052632,200.0,1.0999999999999999,0.7016925486176089,0.8135895205479204,,,,
fixed_forest,D6_L1_Fsqrt__T200__pair_k1_k3_q10,57,5,repeat_mean_then_equal_dataset_mean,6,sqrt,pair_k1_k3_q10,"[18,0,2]",0.7636887601367589,0.7206212999931834,31.49466514271733,6.597466246969998,0.027446850737262714,0.01971403192728758,5.693385964912281,26.355192982456142,200.0,1.2000000000000002,0.7057762661040639,0.8170839762502624,,,,
fixed_forest,D6_L1_Fsqrt__T200__pair_k1_k3_q25,57,5,repeat_mean_then_equal_dataset_mean,6,sqrt,pair_k1_k3_q25,"[15,0,5]",0.7687137840707806,0.7259414276144672,78.37411784206991,16.638131774682552,0.04405000621387571,0.027354142162948847,5.733210526315791,27.205754385964912,200.0,1.5,0.7115711401203572,0.8213913080317324,,,,
fixed_forest,D6_L1_Fsqrt__T200__pair_k1_k3_q50,57,5,repeat_mean_then_equal_dataset_mean,6,sqrt,pair_k1_k3_q50,"[10,0,10]",0.7708091838387825,0.7286393121689585,157.16399484248015,33.141495830006896,0.07124573646538089,0.04063017573207617,5.798245614035087,28.633473684210525,200.0,2.0,0.7140469934554774,0.8231440239265344,,,,
fixed_forest,D6_L1_Fsqrt__T200__pair_k2_k3_q05,57,5,repeat_mean_then_equal_dataset_mean,6,sqrt,pair_k2_k3_q05,"[0,19,1]",0.7698165561010072,0.726963276471774,27.14671266802113,12.371384997479618,0.12149447339113083,0.05881846826523542,5.839894736842106,29.376333333333335,200.0,2.0500000000000003,0.7129314567244079,0.822247873327087,,,,
fixed_forest,D6_L1_Fsqrt__T200__pair_k2_k3_q10,57,5,repeat_mean_then_equal_dataset_mean,6,sqrt,pair_k2_k3_q10,"[0,18,2]",0.7702904617081622,0.7280489128049003,42.15032855833047,15.218046697415412,0.12164675954141113,0.059974776860326526,5.844543859649123,29.48638596491228,200.0,2.0999999999999996,0.7135297713759885,0.8223716441167246,,,,
fixed_forest,D6_L1_Fsqrt__T200__pair_k2_k3_q25,57,5,repeat_mean_then_equal_dataset_mean,6,sqrt,pair_k2_k3_q25,"[0,15,5]",0.7724769264587311,0.7302534020848779,87.25253177375713,23.813566650357096,0.12250173992003527,0.060942376218736174,5.858070175438596,29.819982456140348,200.0,2.25,0.716320747859291,0.8244313878856062,,,,
fixed_forest,D6_L1_Fsqrt__T200__pair_k2_k3_q50,57,5,repeat_mean_then_equal_dataset_mean,6,sqrt,pair_k2_k3_q50,"[0,10,10]",0.7720249724965648,0.7300039672741898,163.0863433480622,36.95535115040839,0.12343591529091721,0.06190412528812885,5.8812456140350875,30.370157894736842,200.0,2.5,0.7156243303763813,0.8242886380036523,,,,
fixed_forest,D6_L1_Fsqrt__T200__pure_k1,57,5,repeat_mean_then_equal_dataset_mean,6,sqrt,pure_k1,"[20,0,0]",0.7562837810082735,0.7125482551360623,0.1264771869569494,0.11402954123914241,0.016618710275935502,0.014911611564457417,5.667964912280701,25.783140350877193,200.0,1.0,0.6980352707792701,0.8103839871359565,,,,
fixed_forest,D6_L1_Fsqrt__T200__pure_k2,57,5,repeat_mean_then_equal_dataset_mean,6,sqrt,pure_k2,"[0,20,0]",0.7694759436889792,0.7262651773457763,11.95610603058645,9.5736861564219,0.12121117922820544,0.058120390865951777,5.8347192982456155,29.264245614035087,200.0,2.0,0.7127726029009095,0.8220700754159697,,,,
fixed_forest,D6_L1_Fsqrt__T200__pure_k3,57,5,repeat_mean_then_equal_dataset_mean,6,sqrt,pure_k3,"[0,0,20]",0.7738882719899607,0.7312901300041476,314.4057472547434,66.07502144519239,0.1260413797899035,0.06765705989673734,5.926473684210527,31.478421052631578,200.0,3.0,0.7173871901679797,0.8259053634996872,,,,
fixed_forest,D6_L1_Fsqrt__T200__triple_85_10_05,57,5,repeat_mean_then_equal_dataset_mean,6,sqrt,triple_85_10_05,"[17,2,1]",0.764999234794957,0.72206333298258,17.01682209805667,4.39294865494594,0.0326492667492283,0.021776151098310947,5.696298245614035,26.41540350877193,200.0,1.2000000000000002,0.7076879886079269,0.8180097418295523,,,,
fixed_forest,DNone_L1_Fall__T020__pair_k1_k2_q05,57,5,repeat_mean_then_equal_dataset_mean,None,all,pair_k1_k2_q05,"[19,1,0]",0.7689377915369985,0.7371990690367156,0.11968140248862798,0.03969713374972343,0.00291081104558288,0.0019437601789832116,9.129473684210526,75.07473684210527,20.0,1.0499999999999998,0.7119475827582219,0.8219483370051448,,,,
fixed_forest,DNone_L1_Fall__T020__pair_k1_k2_q10,57,5,repeat_mean_then_equal_dataset_mean,None,all,pair_k1_k2_q10,"[18,2,0]",0.768704043757045,0.736456320173266,0.22460972821143896,0.06791180828586221,0.003733599295414853,0.00222171600908041,9.337719298245615,81.32859649122807,20.0,1.0999999999999999,0.7118404441094458,0.8213072467931156,,,,
fixed_forest,DNone_L1_Fall__T020__pair_k1_k2_q25,57,5,repeat_mean_then_equal_dataset_mean,None,all,pair_k1_k2_q25,"[15,5,0]",0.768363972942177,0.7338622852220787,0.5135817329039829,0.14279704988002778,0.00600004338806397,0.0031190913170576094,10.007719298245613,100.18929824561404,20.0,1.25,0.7119701818297587,0.820555667754567,,,,
fixed_forest,DNone_L1_Fall__T020__pair_k1_k2_q50,57,5,repeat_mean_then_equal_dataset_mean,None,all,pair_k1_k2_q50,"[10,10,0]",0.7582856371062077,0.719584345891153,1.0076588283750443,0.2678726501762867,0.0098566752776765,0.004373699612915516,11.099649122807017,131.52263157894737,20.0,1.5,0.7031627585722083,0.8092174743068493,,,,
fixed_forest,DNone_L1_Fall__T020__pair_k1_k3_q05,57,5,repeat_mean_then_equal_dataset_mean,None,all,pair_k1_k3_q05,"[19,0,1]",0.7688107537035929,0.7372838653816006,3.9770699998723313,0.5244406498037278,0.002919091022851174,0.0019540516659617424,9.209122807017543,76.0136842105263,20.0,1.0999999999999999,0.7121550975496256,0.8217622434892357,,,,
fixed_forest,DNone_L1_Fall__T020__pair_k1_k3_q10,57,5,repeat_mean_then_equal_dataset_mean,None,all,pair_k1_k3_q10,"[18,0,2]",0.7697909130539542,0.7372450979954126,7.785152874975221,1.036555741727352,0.0037553635344170686,0.0023157230578362943,9.500526315789473,83.28736842105265,20.0,1.2000000000000002,0.7132191446558744,0.822305921195311,,,,
fixed_forest,DNone_L1_Fall__T020__pair_k1_k3_q25,57,5,repeat_mean_then_equal_dataset_mean,None,all,pair_k1_k3_q25,"[15,0,5]",0.7684825499883505,0.7335815546650833,19.8998409173435,2.5352733748033645,0.006237983736291267,0.003445673268288374,10.442807017543858,104.89684210526316,20.0,1.5,0.7120789120615683,0.82060218294986,,,,
fixed_forest,DNone_L1_Fall__T020__pair_k1_k3_q50,57,5,repeat_mean_then_equal_dataset_mean,None,all,pair_k1_k3_q50,"[10,0,10]",0.7490713077081762,0.7071777882610185,39.61119971887878,4.992061399295926,0.010168225506091848,0.0056480254046618935,11.944561403508773,141.12052631578948,20.0,2.0,0.6936050719483162,0.8004028085111058,,,,
fixed_forest,DNone_L1_Fall__T020__pair_k2_k3_q05,57,5,repeat_mean_then_equal_dataset_mean,None,all,pair_k2_k3_q05,"[0,19,1]",0.7043234592903912,0.6560261136511175,5.832380616189422,1.0572828502394258,0.01739905939453788,0.007130849361419678,13.29877192982456,195.55070175438598,20.0,2.0500000000000003,0.6480839207156667,0.7568316146971134,,,,
fixed_forest,DNone_L1_Fall__T020__pair_k2_k3_q10,57,5,repeat_mean_then_equal_dataset_mean,None,all,pair_k2_k3_q10,"[0,18,2]",0.7024477335782527,0.6534456262195387,9.535535165569499,1.476025773771107,0.0174125436562718,0.007269441895186901,13.381929824561404,196.57052631578944,20.0,2.0999999999999996,0.6461326441568173,0.7551202077360704,,,,
fixed_forest,DNone_L1_Fall__T020__pair_k2_k3_q25,57,5,repeat_mean_then_equal_dataset_mean,None,all,pair_k2_k3_q25,"[0,15,5]",0.6996652714038366,0.6503551041212553,21.36125120324524,2.829265424516052,0.017628719765496882,0.007630325388163328,13.654210526315788,199.31929824561405,20.0,2.25,0.643764185405097,0.752350717845485,,,,
fixed_forest,DNone_L1_Fall__T020__pair_k2_k3_q50,57,5,repeat_mean_then_equal_dataset_mean,None,all,pair_k2_k3_q50,"[0,10,10]",0.6918961942714991,0.6421357734098146,40.578532909309466,5.188299016281962,0.017702329645684932,0.008268341608345508,14.064035087719297,204.209649122807,20.0,2.5,0.635191420842963,0.7454315156808271,,,,
fixed_forest,DNone_L1_Fall__T020__pure_k1,57,5,repeat_mean_then_equal_dataset_mean,None,all,pure_k1,"[20,0,0]",0.7678224705342119,0.7365235521843326,0.022432215653948095,0.013189851399511099,0.00214057195964351,0.0016153255477547646,8.905438596491228,68.79578947368421,20.0,1.0,0.7105925642699028,0.8210613038891736,,,,
fixed_forest,DNone_L1_Fall__T020__pure_k2,57,5,repeat_mean_then_equal_dataset_mean,None,all,pure_k2,"[0,20,0]",0.7050192068250087,0.6573254670657626,1.9749920188057188,0.5223243165761232,0.017390779417269586,0.007011758629232645,13.219122807017545,194.6117543859649,20.0,2.0,0.6487768242791103,0.7575985517523572,,,,
fixed_forest,DNone_L1_Fall__T020__pure_k3,57,5,repeat_mean_then_equal_dataset_mean,None,all,pure_k3,"[0,0,20]",0.6746957249020332,0.625430402827536,79.06479805871813,10.088530449941754,0.018119122168016536,0.009413957037031651,14.91736842105263,213.48631578947368,20.0,3.0,0.6166123488074474,0.7296572686526476,,,,
fixed_forest,DNone_L1_Fall__T020__triple_85_10_05,57,5,repeat_mean_then_equal_dataset_mean,None,all,triple_85_10_05,"[17,2,1]",0.7690276672109024,0.7358126738963856,4.375427179553203,0.5658165168948471,0.004539235539146161,0.002611034270375967,9.652456140350877,88.69228070175438,20.0,1.2000000000000002,0.7121846974569044,0.8218033370861072,,,,
fixed_forest,DNone_L1_Fall__T040__pair_k1_k2_q05,57,5,repeat_mean_then_equal_dataset_mean,None,all,pair_k1_k2_q05,"[19,1,0]",0.7739614508336974,0.7426565894112837,0.27469518095777745,0.07999586537480355,0.007830710258138807,0.0038467648439109324,9.157631578947369,75.185,40.0,1.0499999999999998,0.7172106491909831,0.8260782397251352,,,,
fixed_forest,DNone_L1_Fall__T040__pair_k1_k2_q10,57,5,repeat_mean_then_equal_dataset_mean,None,all,pair_k1_k2_q10,"[18,2,0]",0.775132380185166,0.7438246466483265,0.473236747363811,0.1309778183698654,0.009298042691590493,0.004423640109598637,9.362017543859649,81.41859649122806,40.0,1.0999999999999999,0.7185431437293379,0.8270443725673046,,,,
fixed_forest,DNone_L1_Fall__T040__pair_k1_k2_q25,57,5,repeat_mean_then_equal_dataset_mean,None,all,pair_k1_k2_q25,"[15,5,0]",0.774919160982211,0.7418279597997336,1.0503711641864164,0.280972498562187,0.013756666353723983,0.006265781540423632,9.999473684210525,100.15763157894736,40.0,1.25,0.7189725955307879,0.8264619435452442,,,,
fixed_forest,DNone_L1_Fall__T040__pair_k1_k2_q50,57,5,repeat_mean_then_equal_dataset_mean,None,all,pair_k1_k2_q50,"[10,10,0]",0.7656272310925583,0.7288000975279827,2.0212368677043466,0.5338479817844928,0.021382462610735703,0.009434766322374343,11.066578947368422,131.4723684210526,40.0,1.5,0.7102653026964817,0.8168322400735468,,,,
fixed_forest,DNone_L1_Fall__T040__pair_k1_k3_q05,57,5,repeat_mean_then_equal_dataset_mean,None,all,pair_k1_k3_q05,"[19,0,1]",0.7745404535452569,0.7433381665107118,7.8967448336219315,1.0105040594935417,0.00788227123159327,0.004041248373687268,9.237105263157895,76.14570175438597,40.0,1.0999999999999999,0.7184730060259529,0.8264985201124714,,,,
fixed_forest,DNone_L1_Fall__T040__pair_k1_k3_q10,57,5,repeat_mean_then_equal_dataset_mean,None,all,pair_k1_k3_q10,"[18,0,2]",0.7763044032674546,0.7451760343545611,15.32035160892921,2.0272134099155665,0.009370689834222984,0.004748209286481142,9.528684210526315,83.35342105263159,40.0,1.2000000000000002,0.720189063011001,0.8278856132336537,,,,
fixed_forest,DNone_L1_Fall__T040__pair_k1_k3_q25,57,5,repeat_mean_then_equal_dataset_mean,None,all,pair_k1_k3_q25,"[15,0,5]",0.775741906299264,0.7428363132200144,38.79589918285216,5.023909151367843,0.014145359628948204,0.006836302019655705,10.433070175438598,104.96245614035088,40.0,1.5,0.7196006578908591,0.8272637077185393,,,,
fixed_forest,DNone_L1_Fall__T040__pair_k1_k3_q50,57,5,repeat_mean_then_equal_dataset_mean,None,all,pair_k1_k3_q50,"[10,0,10]",0.7575178220940157,0.7171913112363938,77.48478181276863,9.9292364673689,0.02196192307267011,0.010690456628799439,11.937105263157894,141.10719298245613,40.0,2.0,0.7019523654776345,0.8090352223892664,,,,
fixed_forest,DNone_L1_Fall__T040__pair_k2_k3_q05,57,5,repeat_mean_then_equal_dataset_mean,None,all,pair_k2_k3_q05,"[0,19,1]",0.7043658121816949,0.6589033947248553,11.543432976813625,2.0598215578123926,0.034481590107214036,0.01427850816398859,13.244298245614035,195.49991228070175,40.0,2.0500000000000003,0.647701505295249,0.7575139175210164,,,,
fixed_forest,DNone_L1_Fall__T040__pair_k2_k3_q10,57,5,repeat_mean_then_equal_dataset_mean,None,all,pair_k2_k3_q10,"[0,18,2]",0.7034177315154354,0.6574737240783972,18.76849818571487,2.9409827664494514,0.03450267627639206,0.014478049799799919,13.331491228070176,196.4740350877193,40.0,2.0999999999999996,0.6462758557121243,0.7569493560786205,,,,
fixed_forest,DNone_L1_Fall__T040__pair_k2_k3_q25,57,5,repeat_mean_then_equal_dataset_mean,None,all,pair_k2_k3_q25,"[0,15,5]",0.7019129406472566,0.6544756155535769,41.66691134281521,5.61178418211639,0.03481872240898379,0.01519504226744175,13.598421052631581,199.34403508771928,40.0,2.25,0.6441537755429605,0.7558740571374154,,,,
fixed_forest,DNone_L1_Fall__T040__pair_k2_k3_q50,57,5,repeat_mean_then_equal_dataset_mean,None,all,pair_k2_k3_q50,"[0,10,10]",0.6928121281379139,0.6429696869659683,79.38492826921375,10.320369882974774,0.03500948959569398,0.01653189994394779,14.03535087719298,204.17403508771932,40.0,2.5,0.6347601895419078,0.747593349905938,,,,
fixed_forest,DNone_L1_Fall__T040__pure_k1,57,5,repeat_mean_then_equal_dataset_mean,None,all,pure_k1,"[20,0,0]",0.7739905218452438,0.7433350140793786,0.08215556646811595,0.02621905952692032,0.006315612851789124,0.003212801367044449,8.931754385964913,68.89122807017544,40.0,1.0,0.7172091553990844,0.8263709910163063,,,,
fixed_forest,DNone_L1_Fall__T040__pure_k2,57,5,repeat_mean_then_equal_dataset_mean,None,all,pure_k2,"[0,20,0]",0.7064665261991717,0.6611266117028909,3.921383324149473,1.0405093942768873,0.034430029133759574,0.014101941138505936,13.164824561403508,194.5392105263158,40.0,2.0,0.6498027666502479,0.7593537767142201,,,,
fixed_forest,DNone_L1_Fall__T040__pure_k3,57,5,repeat_mean_then_equal_dataset_mean,None,all,pure_k3,"[0,0,20]",0.6762309744497876,0.6269225626935947,154.8812127348771,20.153283325675876,0.03546153965259069,0.01857196483761072,14.911228070175438,213.4022807017544,40.0,3.0,0.618104487109927,0.7314008674888489,,,,
fixed_forest,DNone_L1_Fall__T040__triple_85_10_05,57,5,repeat_mean_then_equal_dataset_mean,None,all,triple_85_10_05,"[17,2,1]",0.7753323668024152,0.742787994481137,8.303162277339583,1.0944807847961784,0.010870485627010727,0.005164072941988706,9.663771929824563,88.6822807017544,40.0,1.2000000000000002,0.7190860047156393,0.82737888911806,,,,
fixed_forest,DNone_L1_Fall__T060__pair_k1_k2_q05,57,5,repeat_mean_then_equal_dataset_mean,None,all,pair_k1_k2_q05,"[19,1,0]",0.7756967742316292,0.744600603230451,0.39556720698285003,0.11806359086185694,0.010437109050128544,0.005693438462913036,9.151812865497078,75.19152046783626,60.0,1.0499999999999998,0.7198131758825601,0.8274321086652147,,,,
fixed_forest,DNone_L1_Fall__T060__pair_k1_k2_q10,57,5,repeat_mean_then_equal_dataset_mean,None,all,pair_k1_k2_q10,"[18,2,0]",0.7750615851437205,0.7433490820360606,0.6910102613923842,0.19728083461523055,0.012691327434425293,0.006624964065849781,9.36157894736842,81.42573099415206,60.0,1.0999999999999999,0.7187108938616602,0.8269822205628968,,,,
fixed_forest,DNone_L1_Fall__T060__pair_k1_k2_q25,57,5,repeat_mean_then_equal_dataset_mean,None,all,pair_k1_k2_q25,"[15,5,0]",0.7740862174165102,0.7414563935546385,1.5564210773102547,0.43003569804131986,0.019509818734960598,0.00947697190567851,10.00298245614035,100.20233918128655,60.0,1.25,0.7179910886463772,0.8259129272457748,,,,
fixed_forest,DNone_L1_Fall__T060__pair_k1_k2_q50,57,5,repeat_mean_then_equal_dataset_mean,None,all,pair_k1_k2_q50,"[10,10,0]",0.7669567495320986,0.7310991696268055,3.010636724088864,0.8144703153520823,0.030979276693573126,0.01282904865220189,11.068245614035087,131.5909941520468,60.0,1.5,0.711321858637175,0.8183934318783351,,,,
fixed_forest,DNone_L1_Fall__T060__pair_k1_k3_q05,57,5,repeat_mean_then_equal_dataset_mean,None,all,pair_k1_k3_q05,"[19,0,1]",0.7752059020742796,0.743895324746954,11.848785274284648,1.5552982021123172,0.010493779069695033,0.005980975553393364,9.232397660818714,76.13573099415203,60.0,1.0999999999999999,0.7189186875533399,0.8270560974212516,,,,
fixed_forest,DNone_L1_Fall__T060__pair_k1_k3_q10,57,5,repeat_mean_then_equal_dataset_mean,None,all,pair_k1_k3_q10,"[18,0,2]",0.7738407460654565,0.7423058475651333,23.128879795055184,3.0813621523790062,0.012983252047642804,0.007117507420480252,9.52859649122807,83.38514619883041,60.0,1.2000000000000002,0.7176572146651791,0.8257977492516213,,,,
fixed_forest,DNone_L1_Fall__T060__pair_k1_k3_q25,57,5,repeat_mean_then_equal_dataset_mean,None,all,pair_k1_k3_q25,"[15,0,5]",0.7754157527066093,0.7432234480632461,58.34043236831203,7.590899236220866,0.020244651498567117,0.010170794185250997,10.434912280701752,105.04058479532164,60.0,1.5,0.7193589857966692,0.8270513037317221,,,,
fixed_forest,DNone_L1_Fall__T060__pair_k1_k3_q50,57,5,repeat_mean_then_equal_dataset_mean,None,all,pair_k1_k3_q50,"[10,0,10]",0.7595642494951077,0.720301038273262,116.12401618038777,14.977691127639265,0.032189355195875756,0.01598803773522377,11.92795321637427,141.13970760233917,60.0,2.0,0.7036910842317905,0.8114508020716797,,,,
fixed_forest,DNone_L1_Fall__T060__pair_k2_k3_q05,57,5,repeat_mean_then_equal_dataset_mean,None,all,pair_k2_k3_q05,"[0,19,1]",0.7059075644389192,0.6613722941874558,17.328326464289177,3.1041008666157723,0.051664081524665416,0.02124729808419943,13.262514619883042,195.5253216374269,60.0,2.0500000000000003,0.6484205359900111,0.7599490107029713,,,,
fixed_forest,DNone_L1_Fall__T060__pair_k2_k3_q10,57,5,repeat_mean_then_equal_dataset_mean,None,all,pair_k2_k3_q10,"[0,18,2]",0.7044780055853658,0.6587968683964274,28.31297793065018,4.37763442536816,0.05189933611831644,0.0216596158221364,13.348947368421051,196.54052631578946,60.0,2.0999999999999996,0.6469486545733213,0.7587816483930965,,,,
fixed_forest,DNone_L1_Fall__T060__pair_k2_k3_q25,57,5,repeat_mean_then_equal_dataset_mean,None,all,pair_k2_k3_q25,"[0,15,5]",0.701573716668035,0.6545130612257207,62.65911968798915,8.466635382641106,0.05234224426870545,0.022645949851721525,13.613859649122807,199.4193567251462,60.0,2.25,0.6432895854922728,0.7562124308998635,,,,
fixed_forest,DNone_L1_Fall__T060__pair_k2_k3_q50,57,5,repeat_mean_then_equal_dataset_mean,None,all,pair_k2_k3_q50,"[0,10,10]",0.6946809409174507,0.6462229461916748,118.98848785328629,15.557437334768474,0.05281749000740156,0.024750249553471805,14.041637426900586,204.1298245614035,60.0,2.5,0.6360108029611692,0.7501632622887103,,,,
fixed_forest,DNone_L1_Fall__T060__pure_k1,57,5,repeat_mean_then_equal_dataset_mean,None,all,pure_k1,"[20,0,0]",0.7747980433176378,0.7445933220207018,0.10347406298020168,0.038656742218881844,0.008145874635757585,0.0047352232970297335,8.928538011695906,68.87801169590642,60.0,1.0,0.7180013194490761,0.8273152471951922,,,,
fixed_forest,DNone_L1_Fall__T060__pure_k2,57,5,repeat_mean_then_equal_dataset_mean,None,all,pure_k2,"[0,20,0]",0.7081170551793027,0.6644845651022007,5.8751083969873825,1.5686446911655367,0.05160741150509893,0.02076394874602556,13.181929824561404,194.58111111111114,60.0,2.0,0.6507789692562298,0.7615978818874499,,,,
fixed_forest,DNone_L1_Fall__T060__pure_k3,57,5,repeat_mean_then_equal_dataset_mean,None,all,pure_k3,"[0,0,20]",0.6787030640208231,0.6303484506284729,231.82351589242097,30.26813918463886,0.053950569198646575,0.02752677062526345,14.905964912280703,213.3917543859649,60.0,3.0,0.6205063405632868,0.734028628647314,,,,
fixed_forest,DNone_L1_Fall__T060__triple_85_10_05,57,5,repeat_mean_then_equal_dataset_mean,None,all,triple_85_10_05,"[17,2,1]",0.7755934179518301,0.7432384941270012,12.424909267058236,1.634800535812974,0.015054011024665413,0.007707423903048039,9.664385964912281,88.68058479532164,60.0,1.2000000000000002,0.7195126580555994,0.827267712845302,,,,
fixed_forest,DNone_L1_Fall__T100__pair_k1_k2_q05,57,5,repeat_mean_then_equal_dataset_mean,None,all,pair_k1_k2_q05,"[19,1,0]",0.7763030344893818,0.7451072137701616,0.6320270881432584,0.19641067516058683,0.01570958994132908,0.009424935188144445,9.144736842105264,75.12557894736842,100.0,1.0499999999999998,0.7200383831121608,0.8282119318246296,,,,
fixed_forest,DNone_L1_Fall__T100__pair_k1_k2_q10,57,5,repeat_mean_then_equal_dataset_mean,None,all,pair_k1_k2_q10,"[18,2,0]",0.7757575759754561,0.7442026810546247,1.119973714523867,0.3247970906086266,0.019536666295964993,0.011061588861048221,9.354666666666667,81.37863157894736,100.0,1.0999999999999999,0.7192616644099926,0.8278257990577196,,,,
fixed_forest,DNone_L1_Fall__T100__pair_k1_k2_q25,57,5,repeat_mean_then_equal_dataset_mean,None,all,pair_k1_k2_q25,"[15,5,0]",0.7772839046372936,0.7450384588270343,2.5600743420209673,0.7070304121822119,0.030931979404729713,0.015684992726892232,9.994456140350879,100.2015438596491,100.0,1.25,0.72102042166699,0.8290562120750408,,,,
fixed_forest,DNone_L1_Fall__T100__pair_k1_k2_q50,57,5,repeat_mean_then_equal_dataset_mean,None,all,pair_k1_k2_q50,"[10,10,0]",0.7694260068377592,0.7338958237143733,4.978865670839226,1.3498148865066468,0.049913085163816026,0.02170855849981308,11.062245614035085,131.5860350877193,100.0,1.5,0.713863177396035,0.8208850876726926,,,,
fixed_forest,DNone_L1_Fall__T100__pair_k1_k3_q05,57,5,repeat_mean_then_equal_dataset_mean,None,all,pair_k1_k3_q05,"[19,0,1]",0.7749017389474254,0.7437592294710832,19.55954594853775,2.649702818226069,0.01587694169169194,0.009811552707105875,9.225508771929825,76.07512280701755,100.0,1.0999999999999999,0.7179772931479173,0.8274116525246953,,,,
fixed_forest,DNone_L1_Fall__T100__pair_k1_k3_q10,57,5,repeat_mean_then_equal_dataset_mean,None,all,pair_k1_k3_q10,"[18,0,2]",0.775045608095809,0.7430085374827582,38.51873875499883,5.178580960445106,0.019926080900130042,0.011735684890300035,9.521684210526317,83.31505263157895,100.0,1.2000000000000002,0.7186850024922781,0.8270772389171055,,,,
fixed_forest,DNone_L1_Fall__T100__pair_k1_k3_q25,57,5,repeat_mean_then_equal_dataset_mean,None,all,pair_k1_k3_q25,"[15,0,5]",0.7780025776139884,0.745319978447182,97.22430459383975,12.827162210922689,0.03195871561275501,0.01703753098845482,10.427508771929826,104.94028070175438,100.0,1.5,0.7223493837389573,0.8294227150514575,,,,
fixed_forest,DNone_L1_Fall__T100__pair_k1_k3_q50,57,5,repeat_mean_then_equal_dataset_mean,None,all,pair_k1_k3_q50,"[10,0,10]",0.7593556752246766,0.720162502615203,193.92916577540404,25.63549565905705,0.05199720063165091,0.027302932925522327,11.919298245614035,141.04235087719297,100.0,2.0,0.702300834436979,0.811766457033004,,,,
fixed_forest,DNone_L1_Fall__T100__pair_k2_k3_q05,57,5,repeat_mean_then_equal_dataset_mean,None,all,pair_k2_k3_q05,"[0,19,1]",0.7049978104286063,0.6590859173916154,28.700337053196538,5.180591525416821,0.08606540553859975,0.03620114987716079,13.256210526315789,195.5085964912281,100.0,2.0500000000000003,0.6477633055081489,0.7590929802428159,,,,
fixed_forest,DNone_L1_Fall__T100__pair_k2_k3_q10,57,5,repeat_mean_then_equal_dataset_mean,None,all,pair_k2_k3_q10,"[0,18,2]",0.7043443464763304,0.6582190166477796,47.171583233277005,7.239469993114471,0.08628746839240194,0.03644334161654115,13.342456140350876,196.49547368421054,100.0,2.0999999999999996,0.6469374599777157,0.7583106897340478,,,,
fixed_forest,DNone_L1_Fall__T100__pair_k2_k3_q25,57,5,repeat_mean_then_equal_dataset_mean,None,all,pair_k2_k3_q25,"[0,15,5]",0.7010414458806152,0.652784443812424,104.43704844462081,14.300801216438412,0.08692478999626219,0.037722948007285595,13.608491228070175,199.29778947368425,100.0,2.25,0.6432806143135616,0.7554282657474052,,,,
fixed_forest,DNone_L1_Fall__T100__pair_k2_k3_q50,57,5,repeat_mean_then_equal_dataset_mean,None,all,pair_k2_k3_q50,"[0,10,10]",0.6949505138197183,0.6460316155562356,198.72311829736682,26.614091026596725,0.08798216925607177,0.04110794747248292,14.032491228070176,204.01536842105264,100.0,2.5,0.636386988620338,0.7503857069881495,,,,
fixed_forest,DNone_L1_Fall__T100__pure_k1,57,5,repeat_mean_then_equal_dataset_mean,None,all,pure_k1,"[20,0,0]",0.7752416628418367,0.7450444510873729,0.14656510443279613,0.06413558525964617,0.011894191806449702,0.007708560209721327,8.92859649122807,68.8220701754386,100.0,1.0,0.7184452681716564,0.8277043756849962,,,,
fixed_forest,DNone_L1_Fall__T100__pure_k2,57,5,repeat_mean_then_equal_dataset_mean,None,all,pure_k2,"[0,20,0]",0.7068568274525177,0.6614683517842105,9.772818192802042,2.613886883389205,0.08589805378823687,0.03566360846161842,13.175438596491228,194.5590526315789,100.0,2.0,0.6493969892629597,0.7606818837726006,,,,
fixed_forest,DNone_L1_Fall__T100__pure_k3,57,5,repeat_mean_then_equal_dataset_mean,None,all,pure_k3,"[0,0,20]",0.678437947172801,0.6302335617568116,387.2398020218992,51.69269667724147,0.08959416494655766,0.04698154740035534,14.904245614035085,213.36592982456142,100.0,3.0,0.6201414648934354,0.7337750986539028,,,,
fixed_forest,DNone_L1_Fall__T100__triple_85_10_05,57,5,repeat_mean_then_equal_dataset_mean,None,all,triple_85_10_05,"[17,2,1]",0.775018285333833,0.7432066291297676,20.57594854257053,2.7683504182845353,0.023521346626639888,0.01271107541397214,9.655859649122807,88.60592982456141,100.0,1.2000000000000002,0.7185870516460412,0.8271092724921236,,,,
fixed_forest,DNone_L1_Fall__T200__pair_k1_k2_q05,57,5,repeat_mean_then_equal_dataset_mean,None,all,pair_k1_k2_q05,"[19,1,0]",0.7771370082886343,0.7470540897625777,1.3025280299759878,0.39707356616854667,0.029906500480546237,0.018700681254267694,9.147666666666668,75.12450877192983,200.0,1.0499999999999998,0.7203158431204324,0.829350780987281,,,,
fixed_forest,DNone_L1_Fall__T200__pair_k1_k2_q10,57,5,repeat_mean_then_equal_dataset_mean,None,all,pair_k1_k2_q10,"[18,2,0]",0.7769301227056492,0.7464945586067341,2.2747993895457244,0.6430450905114412,0.03709151035893644,0.02191839795559645,9.359,81.39428070175437,200.0,1.0999999999999999,0.7202631912503831,0.8291518784515504,,,,
fixed_forest,DNone_L1_Fall__T200__pair_k1_k2_q25,57,5,repeat_mean_then_equal_dataset_mean,None,all,pair_k1_k2_q25,"[15,5,0]",0.7775303307598429,0.7454739226918851,5.1936181625040865,1.386480802297592,0.05983519731252863,0.03151662051677704,9.990771929824561,100.22371929824563,200.0,1.25,0.7213255957656285,0.829513211228269,,,,
fixed_forest,DNone_L1_Fall__T200__pair_k1_k2_q50,57,5,repeat_mean_then_equal_dataset_mean,None,all,pair_k1_k2_q50,"[10,10,0]",0.7695057824930104,0.7340934082750317,10.014919534918706,2.6614761682227255,0.0978264206873351,0.046304256189614534,11.05480701754386,131.63966666666667,200.0,1.5,0.7133952379247058,0.8213841916306566,,,,
fixed_forest,DNone_L1_Fall__T200__pair_k1_k3_q05,57,5,repeat_mean_then_equal_dataset_mean,None,all,pair_k1_k3_q05,"[19,0,1]",0.777388774729774,0.7472062265587841,39.378627179896355,5.227862968575209,0.029822682519034856,0.019609256740659477,9.228824561403506,76.0878245614035,200.0,1.0999999999999999,0.720681901229833,0.829499040926606,,,,
fixed_forest,DNone_L1_Fall__T200__pair_k1_k3_q10,57,5,repeat_mean_then_equal_dataset_mean,None,all,pair_k1_k3_q10,"[18,0,2]",0.7768948387558214,0.7460775388708749,77.64629873112334,10.060661668889225,0.037370208668800295,0.022806789726018906,9.526824561403508,83.30552631578945,200.0,1.2000000000000002,0.7204962615831115,0.8287423360427583,,,,
fixed_forest,DNone_L1_Fall__T200__pair_k1_k3_q25,57,5,repeat_mean_then_equal_dataset_mean,None,all,pair_k1_k3_q25,"[15,0,5]",0.7788206127022774,0.7462826607332389,195.10537686359072,25.10102709410712,0.061397643150402255,0.03487262185662985,10.424982456140352,104.92352631578949,200.0,1.5,0.7228484371041721,0.8304798140540924,,,,
fixed_forest,DNone_L1_Fall__T200__pair_k1_k3_q50,57,5,repeat_mean_then_equal_dataset_mean,None,all,pair_k1_k3_q50,"[10,0,10]",0.7622762775271574,0.723508241904512,389.0559678587654,50.3835750493221,0.1014774845324849,0.05448625963181257,11.904087719298246,141.0453157894737,200.0,2.0,0.705400757540162,0.8143958180319968,,,,
fixed_forest,DNone_L1_Fall__T200__pair_k2_k3_q05,57,5,repeat_mean_then_equal_dataset_mean,None,all,pair_k2_k3_q05,"[0,19,1]",0.7067343889181491,0.6605631396240198,57.75037673121449,10.333452799450606,0.171495306830069,0.07257817462086677,13.252982456140352,195.5007543859649,200.0,2.0500000000000003,0.6492091499816172,0.7600968063344531,,,,
fixed_forest,DNone_L1_Fall__T200__pair_k2_k3_q10,57,5,repeat_mean_then_equal_dataset_mean,None,all,pair_k2_k3_q10,"[0,18,2]",0.7061929147108065,0.6596622115617331,95.04577692287172,14.39373230887577,0.1718578231014442,0.0729477908462286,13.339649122807018,196.44868421052632,200.0,2.0999999999999996,0.6484845428026514,0.7600493263169158,,,,
fixed_forest,DNone_L1_Fall__T200__pair_k2_k3_q25,57,5,repeat_mean_then_equal_dataset_mean,None,all,pair_k2_k3_q25,"[0,15,5]",0.7022641264888566,0.6551433113270934,209.58603628238075,28.029057723842563,0.173141570629454,0.0745681812055409,13.606035087719299,199.23724561403512,200.0,2.25,0.6442380682241254,0.7565859041237374,,,,
fixed_forest,DNone_L1_Fall__T200__pair_k2_k3_q50,57,5,repeat_mean_then_equal_dataset_mean,None,all,pair_k2_k3_q50,"[0,10,10]",0.69407662806961,0.6448270046367326,398.71532590514073,52.339251932501796,0.17523018863673015,0.08123768344521523,14.021105263157894,203.9430877192982,200.0,2.5,0.6354192364440108,0.7494427007291818,,,,
fixed_forest,DNone_L1_Fall__T200__pure_k1,57,5,repeat_mean_then_equal_dataset_mean,None,all,pure_k1,"[20,0,0]",0.7746713237534678,0.7450666464387591,0.2533119166318915,0.12884321063756943,0.021902614108107066,0.01534422030672431,8.933947368421052,68.8400350877193,200.0,1.0,0.7173162495402907,0.827414027022229,,,,
fixed_forest,DNone_L1_Fall__T200__pure_k2,57,5,repeat_mean_then_equal_dataset_mean,None,all,pure_k2,"[0,20,0]",0.7080358941868937,0.6624727112136667,19.67427758129412,5.19740550480783,0.17157912479158033,0.0749353582970798,13.171824561403508,194.53743859649123,200.0,2.0,0.6504193656481,0.7614612360549007,,,,
fixed_forest,DNone_L1_Fall__T200__pure_k3,57,5,repeat_mean_then_equal_dataset_mean,None,all,pure_k3,"[0,0,20]",0.6784511642831415,0.6306192854038506,779.3941908994035,101.3745634351857,0.1785472767280513,0.09391094958409667,14.887859649122808,213.32587719298246,200.0,3.0,0.6200007656957234,0.7341101174064465,,,,
fixed_forest,DNone_L1_Fall__T200__triple_85_10_05,57,5,repeat_mean_then_equal_dataset_mean,None,all,triple_85_10_05,"[17,2,1]",0.7766624532482973,0.7455071230143366,41.248352007216596,5.473107277508825,0.04500946372485997,0.025355254858732225,9.661122807017543,88.6167894736842,200.0,1.2000000000000002,0.7199292881995453,0.8288282188700992,,,,
fixed_forest,DNone_L1_Fsqrt__T020__pair_k1_k2_q05,57,5,repeat_mean_then_equal_dataset_mean,None,sqrt,pair_k1_k2_q05,"[19,1,0]",0.759354900724634,0.7252179418398164,0.13955310275614782,0.09302294105291367,0.0023575758757559875,0.001778874546289444,10.022456140350876,118.90684210526317,20.0,1.0499999999999998,0.7004178000922913,0.8144942072420607,,,,
fixed_forest,DNone_L1_Fsqrt__T020__pair_k1_k2_q10,57,5,repeat_mean_then_equal_dataset_mean,None,sqrt,pair_k1_k2_q10,"[18,2,0]",0.7612255568725872,0.727463133902379,0.2662428796928572,0.17076597632840276,0.00295771436700434,0.0020114412531256677,10.019473684210526,118.61999999999999,20.0,1.0999999999999999,0.7023930372305226,0.8162654215885049,,,,
fixed_forest,DNone_L1_Fsqrt__T020__pair_k1_k2_q25,57,5,repeat_mean_then_equal_dataset_mean,None,sqrt,pair_k1_k2_q25,"[15,5,0]",0.7627384671320724,0.7288404801923467,0.645585735854611,0.4048026013188064,0.004714888693732129,0.0027077170088887215,10.033859649122807,117.24561403508773,20.0,1.25,0.7040349161298989,0.8175608395431679,,,,
fixed_forest,DNone_L1_Fsqrt__T020__pair_k1_k2_q50,57,5,repeat_mean_then_equal_dataset_mean,None,sqrt,pair_k1_k2_q50,"[10,10,0]",0.7647037523383697,0.7311770579912282,1.2738315041585448,0.7993163170292974,0.007703387433368908,0.003776516765356064,10.055438596491227,114.87771929824561,20.0,1.5,0.7065361498498528,0.8189357724688218,,,,
fixed_forest,DNone_L1_Fsqrt__T020__pair_k1_k3_q05,57,5,repeat_mean_then_equal_dataset_mean,None,sqrt,pair_k1_k3_q05,"[19,0,1]",0.7597593683505148,0.7251461375548923,2.5811556223502152,0.658692499063909,0.0024165746167694267,0.001837350334972143,10.118771929824561,119.51771929824562,20.0,1.0999999999999999,0.7008456192950373,0.8150176704963648,,,,
fixed_forest,DNone_L1_Fsqrt__T020__pair_k1_k3_q10,57,5,repeat_mean_then_equal_dataset_mean,None,sqrt,pair_k1_k3_q10,"[18,0,2]",0.7586133269400694,0.7241353430949853,5.234509824414068,1.26908647287637,0.003074650750740578,0.0020894418470561505,10.215087719298246,119.84087719298246,20.0,1.2000000000000002,0.6993329196304265,0.8139612177638922,,,,
fixed_forest,DNone_L1_Fsqrt__T020__pair_k1_k3_q25,57,5,repeat_mean_then_equal_dataset_mean,None,sqrt,pair_k1_k3_q25,"[15,0,5]",0.7613466865783374,0.726189622179103,13.104754266817645,3.2469896830618383,0.005092326902964136,0.002949992101639509,10.568070175438596,120.21771929824561,20.0,1.5,0.7018616809158307,0.8168649054069873,,,,
fixed_forest,DNone_L1_Fsqrt__T020__pair_k1_k3_q50,57,5,repeat_mean_then_equal_dataset_mean,None,sqrt,pair_k1_k3_q50,"[10,0,10]",0.7644821666856303,0.7281679520540469,25.903250993974506,6.3921961164101955,0.008350905199257429,0.005007299222052097,11.105438596491227,120.64526315789472,20.0,2.0,0.7057852641754284,0.8190308518273272,,,,
fixed_forest,DNone_L1_Fsqrt__T020__pair_k2_k3_q05,57,5,repeat_mean_then_equal_dataset_mean,None,sqrt,pair_k2_k3_q05,"[0,19,1]",0.7683113979214139,0.7326825521578413,4.987292489598979,2.617080623935908,0.013652538915017718,0.006494450662285089,10.199649122807019,111.0742105263158,20.0,2.0500000000000003,0.7107924447890714,0.8220664277931925,,,,
fixed_forest,DNone_L1_Fsqrt__T020__pair_k2_k3_q10,57,5,repeat_mean_then_equal_dataset_mean,None,sqrt,pair_k2_k3_q10,"[0,18,2]",0.767512666726114,0.7307688821497056,7.513956914726123,3.591228441614658,0.013710476557740514,0.006812999490648508,10.298947368421054,111.68421052631578,20.0,2.0999999999999996,0.7096526022829459,0.821428881176862,,,,
fixed_forest,DNone_L1_Fsqrt__T020__pair_k2_k3_q25,57,5,repeat_mean_then_equal_dataset_mean,None,sqrt,pair_k2_k3_q25,"[0,15,5]",0.7693460470424104,0.7319556432804935,15.004858500967947,4.982250266894698,0.013970978383236287,0.006856907624751329,10.637543859649123,113.43543859649122,20.0,2.25,0.7117034958664332,0.8230439584573676,,,,
fixed_forest,DNone_L1_Fsqrt__T020__pair_k2_k3_q50,57,5,repeat_mean_then_equal_dataset_mean,None,sqrt,pair_k2_k3_q50,"[0,10,10]",0.7684437687691527,0.7300821964830645,27.175109459820877,7.930906898342073,0.014241057939892797,0.007791232503950596,11.153333333333334,116.23087719298248,20.0,2.5,0.7102468814985471,0.8227538919695194,,,,
fixed_forest,DNone_L1_Fsqrt__T020__pure_k1,57,5,repeat_mean_then_equal_dataset_mean,None,sqrt,pure_k1,"[20,0,0]",0.7595604547846739,0.7257978473332622,0.014206615904052006,0.012138132564723491,0.0017733943910060222,0.0015538501553237437,10.022280701754386,119.40789473684211,20.0,1.0,0.7000832866326869,0.8153876303744083,,,,
fixed_forest,DNone_L1_Fsqrt__T020__pure_k2,57,5,repeat_mean_then_equal_dataset_mean,None,sqrt,pure_k2,"[0,20,0]",0.7698660783352914,0.7339542269365019,2.545689970004912,1.597202316019684,0.013593540174004277,0.00633820965886116,10.103333333333333,110.46333333333335,20.0,2.0,0.7134541650296122,0.8224978177880217,,,,
fixed_forest,DNone_L1_Fsqrt__T020__pure_k3,57,5,repeat_mean_then_equal_dataset_mean,None,sqrt,pure_k3,"[0,0,20]",0.7667223191564727,0.7253741780136342,51.30730329345454,12.782020017132163,0.014710399939825659,0.00805064095184207,12.145438596491227,121.44912280701755,20.0,3.0,0.7080756807538945,0.8212117245341026,,,,
fixed_forest,DNone_L1_Fsqrt__T020__triple_85_10_05,57,5,repeat_mean_then_equal_dataset_mean,None,sqrt,triple_85_10_05,"[17,2,1]",0.7621941578973349,0.7278004965103628,2.889485504919369,0.8033512914553285,0.0036238868655473514,0.0023028585128486156,10.131929824561404,118.85350877192984,20.0,1.2000000000000002,0.7032662724945893,0.8174279813996085,,,,
fixed_forest,DNone_L1_Fsqrt__T040__pair_k1_k2_q05,57,5,repeat_mean_then_equal_dataset_mean,None,sqrt,pair_k1_k2_q05,"[19,1,0]",0.7611084044987748,0.7275506850825004,0.2806868826120831,0.1827888971194625,0.0046834582234160935,0.0035946433432400226,10.060701754385965,118.9471052631579,40.0,1.0499999999999998,0.701689500909639,0.8167852010361004,,,,
fixed_forest,DNone_L1_Fsqrt__T040__pair_k1_k2_q10,57,5,repeat_mean_then_equal_dataset_mean,None,sqrt,pair_k1_k2_q10,"[18,2,0]",0.7622312926673548,0.7287040420108464,0.5333970976748357,0.34237679010257127,0.005878362680474917,0.004100899957120418,10.052192982456141,118.55271929824562,40.0,1.0999999999999999,0.702964196203754,0.8174783860758045,,,,
fixed_forest,DNone_L1_Fsqrt__T040__pair_k1_k2_q25,57,5,repeat_mean_then_equal_dataset_mean,None,sqrt,pair_k1_k2_q25,"[15,5,0]",0.7655661936541687,0.7317380636258766,1.2932223780734236,0.8235357157886029,0.009352188426674459,0.005438883695751429,10.062631578947368,117.18982456140354,40.0,1.25,0.7064913940611557,0.8209218926082419,,,,
fixed_forest,DNone_L1_Fsqrt__T040__pair_k1_k2_q50,57,5,repeat_mean_then_equal_dataset_mean,None,sqrt,pair_k1_k2_q50,"[10,10,0]",0.7688042431553717,0.735867185001114,2.552260981426623,1.6000784501433372,0.015237001836169184,0.0076918166130781175,10.069649122807018,114.84149122807017,40.0,1.5,0.7103210769218266,0.8233105348235215,,,,
fixed_forest,DNone_L1_Fsqrt__T040__pair_k1_k3_q05,57,5,repeat_mean_then_equal_dataset_mean,None,sqrt,pair_k1_k3_q05,"[19,0,1]",0.7599093144615808,0.7263656604710919,5.257368673998536,1.2963237836025656,0.004798495302205545,0.0038352754898369314,10.153684210526315,119.56184210526315,40.0,1.0999999999999999,0.7003704865171764,0.815749228228824,,,,
fixed_forest,DNone_L1_Fsqrt__T040__pair_k1_k3_q10,57,5,repeat_mean_then_equal_dataset_mean,None,sqrt,pair_k1_k3_q10,"[18,0,2]",0.7631832541337824,0.72898352716034,10.497062818268152,2.5992297250777483,0.006102481963145629,0.004545249510556459,10.250964912280702,119.76719298245614,40.0,1.2000000000000002,0.7037368284806529,0.8185607938417817,,,,
fixed_forest,DNone_L1_Fsqrt__T040__pair_k1_k3_q25,57,5,repeat_mean_then_equal_dataset_mean,None,sqrt,pair_k1_k3_q25,"[15,0,5]",0.7661924823204614,0.7327865660867401,25.806199365545456,6.513150467351079,0.010050817526746213,0.0060118833556771275,10.580701754385963,120.14912280701755,40.0,1.5,0.7077095385349066,0.8209053863042369,,,,
fixed_forest,DNone_L1_Fsqrt__T040__pair_k1_k3_q50,57,5,repeat_mean_then_equal_dataset_mean,None,sqrt,pair_k1_k3_q50,"[10,0,10]",0.770939984193451,0.7351805840314743,51.50422498345571,12.965342483855784,0.016544989083092987,0.009579800814390183,11.113333333333333,120.63175438596491,40.0,2.0,0.7124517900368545,0.8253576784658561,,,,
fixed_forest,DNone_L1_Fsqrt__T040__pair_k2_k3_q05,57,5,repeat_mean_then_equal_dataset_mean,None,sqrt,pair_k2_k3_q05,"[0,19,1]",0.7724890500634386,0.7385490779665735,10.061583985219988,5.311985624860972,0.027170683041607076,0.01298255966976285,10.2159649122807,110.92315789473686,40.0,2.0500000000000003,0.7149379579463493,0.8260495873386479,,,,
fixed_forest,DNone_L1_Fsqrt__T040__pair_k2_k3_q10,57,5,repeat_mean_then_equal_dataset_mean,None,sqrt,pair_k2_k3_q10,"[0,18,2]",0.773606087232092,0.7387640364766974,15.04856791442685,7.1537568652071055,0.02727976524548834,0.01347935115918517,10.321754385964914,111.52289473684209,40.0,2.0999999999999996,0.7157529888523592,0.827404254926699,,,,
fixed_forest,DNone_L1_Fsqrt__T040__pair_k2_k3_q25,57,5,repeat_mean_then_equal_dataset_mean,None,sqrt,pair_k2_k3_q25,"[0,15,5]",0.7737217619845691,0.7389492067317946,29.59787918130557,10.368939938209952,0.027754275062889383,0.013957958668470383,10.641052631578948,113.2677192982456,40.0,2.25,0.7160552684436199,0.8275017648545119,,,,
fixed_forest,DNone_L1_Fsqrt__T040__pair_k2_k3_q50,57,5,repeat_mean_then_equal_dataset_mean,None,sqrt,pair_k2_k3_q50,"[0,10,10]",0.7738516353650381,0.7386935060370875,54.036866195862615,16.037733049411326,0.028363633209741435,0.014914399944245815,11.166666666666666,116.09868421052632,40.0,2.5,0.7159044512775876,0.8282129313502007,,,,
fixed_forest,DNone_L1_Fsqrt__T040__pure_k1,57,5,repeat_mean_then_equal_dataset_mean,None,sqrt,pure_k1,"[20,0,0]",0.7598888498556894,0.7261237949369904,0.028253532632401115,0.024488950707018377,0.0035232118608658773,0.0030811176635324954,10.058508771929825,119.4911403508772,40.0,1.0,0.7001862276107906,0.8159099883347849,,,,
fixed_forest,DNone_L1_Fsqrt__T040__pure_k2,57,5,repeat_mean_then_equal_dataset_mean,None,sqrt,pure_k2,"[0,20,0]",0.7729115873639651,0.73897147148056,5.084902193833534,3.2015703656710683,0.027055645962817624,0.012412999570369721,10.122982456140353,110.30842105263157,40.0,2.0,0.7160364677025808,0.8260865445907188,,,,
fixed_forest,DNone_L1_Fsqrt__T040__pure_k3,57,5,repeat_mean_then_equal_dataset_mean,None,sqrt,pure_k3,"[0,0,20]",0.7704793904118109,0.7289141287893107,103.01276646398269,25.680447999667376,0.02939465857159934,0.015678807534277438,12.134035087719298,121.48429824561404,40.0,3.0,0.7122465105773418,0.8245853953296641,,,,
fixed_forest,DNone_L1_Fsqrt__T040__triple_85_10_05,57,5,repeat_mean_then_equal_dataset_mean,None,sqrt,triple_85_10_05,"[17,2,1]",0.7651854270967567,0.7314930118295202,5.602943978066507,1.6540519346483051,0.007173875758522434,0.004801267012953758,10.158245614035087,118.64473684210526,40.0,1.2000000000000002,0.7059489445702822,0.8205447232690652,,,,
fixed_forest,DNone_L1_Fsqrt__T060__pair_k1_k2_q05,57,5,repeat_mean_then_equal_dataset_mean,None,sqrt,pair_k1_k2_q05,"[19,1,0]",0.7632922363012286,0.7296057308484638,0.4232817569714889,0.2752031831070781,0.006999666709452867,0.005295992363244295,10.051403508771928,119.09461988304095,60.0,1.0499999999999998,0.7039722571994234,0.8189656093277532,,,,
fixed_forest,DNone_L1_Fsqrt__T060__pair_k1_k2_q10,57,5,repeat_mean_then_equal_dataset_mean,None,sqrt,pair_k1_k2_q10,"[18,2,0]",0.7643820753254608,0.7315881459069717,0.8035491623392884,0.5117355543188751,0.008804210956747596,0.00610629990696907,10.048888888888888,118.61081871345029,60.0,1.0999999999999999,0.7054900320711899,0.8195208193673306,,,,
fixed_forest,DNone_L1_Fsqrt__T060__pair_k1_k2_q25,57,5,repeat_mean_then_equal_dataset_mean,None,sqrt,pair_k1_k2_q25,"[15,5,0]",0.7662291038777195,0.7332340524911233,1.9434100442827402,1.2373231014236807,0.013986090319067761,0.008078467193990945,10.062163742690057,117.22654970760233,60.0,1.25,0.7072126334524913,0.8213524032970567,,,,
fixed_forest,DNone_L1_Fsqrt__T060__pair_k1_k2_q50,57,5,repeat_mean_then_equal_dataset_mean,None,sqrt,pair_k1_k2_q50,"[10,10,0]",0.7714101335262309,0.7389982001603628,3.840510386873952,2.4075301808305083,0.022858205056961692,0.011500234063714743,10.072631578947368,114.90514619883042,60.0,1.5,0.7133112015037146,0.8255697725705158,,,,
fixed_forest,DNone_L1_Fsqrt__T060__pair_k1_k3_q05,57,5,repeat_mean_then_equal_dataset_mean,None,sqrt,pair_k1_k3_q05,"[19,0,1]",0.7640874166784599,0.7305459107902138,7.78142949132118,1.9447650499641895,0.00722008768893909,0.005677674058824777,10.145614035087718,119.69707602339182,60.0,1.0999999999999999,0.7047407572547738,0.8198011979833199,,,,
fixed_forest,DNone_L1_Fsqrt__T060__pair_k1_k3_q10,57,5,repeat_mean_then_equal_dataset_mean,None,sqrt,pair_k1_k3_q10,"[18,0,2]",0.7648983394463773,0.7311089409120336,15.766365467564187,3.8175212081521748,0.009188175377877136,0.006734400615096092,10.245672514619883,119.83725146198829,60.0,1.2000000000000002,0.7060620695208297,0.8198712549149724,,,,
fixed_forest,DNone_L1_Fsqrt__T060__pair_k1_k3_q25,57,5,repeat_mean_then_equal_dataset_mean,None,sqrt,pair_k1_k3_q25,"[15,0,5]",0.7698210348523389,0.7362270177101505,39.08660186694674,9.695755408611149,0.015128861060529427,0.008913366589695215,10.57280701754386,120.21988304093567,60.0,1.5,0.7112280347470892,0.8239794365983464,,,,
fixed_forest,DNone_L1_Fsqrt__T060__pair_k1_k3_q50,57,5,repeat_mean_then_equal_dataset_mean,None,sqrt,pair_k1_k3_q50,"[10,0,10]",0.7733833067686933,0.7376381761838312,78.17823786519534,19.31655500875786,0.024923875195938246,0.014002799335867167,11.10736842105263,120.7245029239766,60.0,2.0,0.7148493254838436,0.8276876703600811,,,,
fixed_forest,DNone_L1_Fsqrt__T060__pair_k2_k3_q05,57,5,repeat_mean_then_equal_dataset_mean,None,sqrt,pair_k2_k3_q05,"[0,19,1]",0.7729978883200793,0.7386749389845799,14.997189414527332,7.884459100570529,0.04079062792946372,0.01943825129419565,10.236432748538013,110.85070175438598,60.0,2.0500000000000003,0.7152165722623903,0.8267237340825339,,,,
fixed_forest,DNone_L1_Fsqrt__T060__pair_k2_k3_q10,57,5,repeat_mean_then_equal_dataset_mean,None,sqrt,pair_k2_k3_q10,"[0,18,2]",0.7721687253425429,0.7380494848721727,22.60185798540254,10.974622391629964,0.04095417137110704,0.020244409795850515,10.339005847953217,111.47467836257312,60.0,2.0999999999999996,0.7143207559975102,0.826075352011421,,,,
fixed_forest,DNone_L1_Fsqrt__T060__pair_k2_k3_q25,57,5,repeat_mean_then_equal_dataset_mean,None,sqrt,pair_k2_k3_q25,"[0,15,5]",0.7738248610032402,0.7394177957849236,44.78223350284164,14.831470452062785,0.041712977691439154,0.02087343353778124,10.652865497076023,113.24157894736841,60.0,2.25,0.7159648889179597,0.8279191707639856,,,,
fixed_forest,DNone_L1_Fsqrt__T060__pair_k2_k3_q50,57,5,repeat_mean_then_equal_dataset_mean,None,sqrt,pair_k2_k3_q50,"[0,10,10]",0.7753509496255259,0.7405727214793434,81.97676915849902,24.14938179878518,0.04263587708895405,0.021972781978547573,11.176959064327484,116.0676023391813,60.0,2.5,0.7174639524080868,0.8294233728005409,,,,
fixed_forest,DNone_L1_Fsqrt__T060__pure_k1,57,5,repeat_mean_then_equal_dataset_mean,None,sqrt,pure_k1,"[20,0,0]",0.7621683440715877,0.7288441218635738,0.042241269158885666,0.03600078485906124,0.005249080432807667,0.004575250204652548,10.049590643274854,119.60380116959065,60.0,1.0,0.7024909015038736,0.8181880557552098,,,,
fixed_forest,DNone_L1_Fsqrt__T060__pure_k2,57,5,repeat_mean_then_equal_dataset_mean,None,sqrt,pure_k2,"[0,20,0]",0.7742024252285495,0.7397876113817666,7.639041680177641,4.825879600271582,0.0405702069499775,0.018473192024976014,10.142222222222223,110.24824561403508,60.0,2.0,0.7169468890792644,0.8273491592309463,,,,
fixed_forest,DNone_L1_Fsqrt__T060__pure_k3,57,5,repeat_mean_then_equal_dataset_mean,None,sqrt,pure_k3,"[0,0,20]",0.7716080852459556,0.7319124418755144,155.16193924269132,38.41134070772678,0.044318798293866084,0.02394502442330122,12.14345029239766,121.60140350877194,60.0,3.0,0.7133603844484081,0.8258327915546482,,,,
fixed_forest,DNone_L1_Fsqrt__T060__triple_85_10_05,57,5,repeat_mean_then_equal_dataset_mean,None,sqrt,triple_85_10_05,"[17,2,1]",0.7663754854000917,0.7331931010382358,8.588354914074992,2.366409549303353,0.010717349017463757,0.006969699449837208,10.160584795321636,118.70783625730994,60.0,1.2000000000000002,0.707188703337305,0.8216750004489125,,,,
fixed_forest,DNone_L1_Fsqrt__T100__pair_k1_k2_q05,57,5,repeat_mean_then_equal_dataset_mean,None,sqrt,pair_k1_k2_q05,"[19,1,0]",0.7663823263342497,0.7334947510333018,0.7032477657866191,0.45007324442267416,0.011685253527799718,0.008934033662080764,10.054140350877192,118.96385964912281,100.0,1.0499999999999998,0.7072408054167793,0.8214829051859742,,,,
fixed_forest,DNone_L1_Fsqrt__T100__pair_k1_k2_q10,57,5,repeat_mean_then_equal_dataset_mean,None,sqrt,pair_k1_k2_q10,"[18,2,0]",0.7660692328697722,0.733095734530043,1.334250771398084,0.8383523955009877,0.014662092206836268,0.010042884107679128,10.053614035087717,118.49185964912283,100.0,1.0999999999999999,0.7073943990213907,0.8210097909838352,,,,
fixed_forest,DNone_L1_Fsqrt__T100__pair_k1_k2_q25,57,5,repeat_mean_then_equal_dataset_mean,None,sqrt,pair_k1_k2_q25,"[15,5,0]",0.7681220723051988,0.735227553562423,3.235333521432129,2.009157082531601,0.023407122598993673,0.013533542584627866,10.064280701754386,117.10585964912282,100.0,1.25,0.7098661672154591,0.8224958604721612,,,,
fixed_forest,DNone_L1_Fsqrt__T100__pair_k1_k2_q50,57,5,repeat_mean_then_equal_dataset_mean,None,sqrt,pair_k1_k2_q50,"[10,10,0]",0.7715308905073731,0.7385910619118362,6.404300441275955,3.9609274331480266,0.038294670534761335,0.019229112658649683,10.079438596491228,114.73954385964913,100.0,1.5,0.7135421663536957,0.8255942542771402,,,,
fixed_forest,DNone_L1_Fsqrt__T100__pair_k1_k3_q05,57,5,repeat_mean_then_equal_dataset_mean,None,sqrt,pair_k1_k3_q05,"[19,0,1]",0.7653559388610509,0.7327528786898794,12.857782221825694,3.255570292286575,0.0120617615369459,0.00942165069282055,10.152210526315788,119.55077192982456,100.0,1.0999999999999999,0.706267225227834,0.8206049992460424,,,,
fixed_forest,DNone_L1_Fsqrt__T100__pair_k1_k3_q10,57,5,repeat_mean_then_equal_dataset_mean,None,sqrt,pair_k1_k3_q10,"[18,0,2]",0.7666798773662006,0.733456621797476,25.91247222551651,6.356594816315919,0.015317797306271497,0.010523268301039935,10.25101754385965,119.6919298245614,100.0,1.2000000000000002,0.7079612510038524,0.8217666185172317,,,,
fixed_forest,DNone_L1_Fsqrt__T100__pair_k1_k3_q25,57,5,repeat_mean_then_equal_dataset_mean,None,sqrt,pair_k1_k3_q25,"[15,0,5]",0.7710524531095229,0.7375571969376487,64.49175850875807,16.09399358322844,0.025127422906000885,0.014823491871356963,10.565754385964913,119.97480701754388,100.0,1.5,0.712545878855553,0.825331509103734,,,,
fixed_forest,DNone_L1_Fsqrt__T100__pair_k1_k3_q50,57,5,repeat_mean_then_equal_dataset_mean,None,sqrt,pair_k1_k3_q50,"[10,0,10]",0.7734169510794151,0.7392097977737538,129.47982231832125,32.34788149977103,0.04162894279712387,0.023088608216494323,11.086631578947369,120.50126315789474,100.0,2.0,0.7148588938277628,0.827935739845356,,,,
fixed_forest,DNone_L1_Fsqrt__T100__pair_k2_k3_q05,57,5,repeat_mean_then_equal_dataset_mean,None,sqrt,pair_k2_k3_q05,"[0,19,1]",0.7740871229805145,0.7401464038569535,24.906117136363065,13.117043883912265,0.06823239547380229,0.03197290962561965,10.242280701754389,110.83964912280703,100.0,2.0500000000000003,0.715574846140738,0.8286097228401769,,,,
fixed_forest,DNone_L1_Fsqrt__T100__pair_k2_k3_q10,57,5,repeat_mean_then_equal_dataset_mean,None,sqrt,pair_k2_k3_q10,"[0,18,2]",0.773906037576917,0.7404454141827937,37.32980413444241,18.017922057956458,0.06851159256409135,0.03368272539228201,10.34161403508772,111.45280701754386,100.0,2.0999999999999996,0.7154772999810165,0.828324717781801,,,,
fixed_forest,DNone_L1_Fsqrt__T100__pair_k2_k3_q25,57,5,repeat_mean_then_equal_dataset_mean,None,sqrt,pair_k2_k3_q25,"[0,15,5]",0.7755130511444296,0.741755515781289,74.00800766764992,25.4541865629144,0.06957618777166334,0.03475169325247407,10.645684210526317,113.12168421052631,100.0,2.25,0.7170023460432159,0.8300851883357767,,,,
fixed_forest,DNone_L1_Fsqrt__T100__pair_k2_k3_q50,57,5,repeat_mean_then_equal_dataset_mean,None,sqrt,pair_k2_k3_q50,"[0,10,10]",0.7740756000848139,0.7393828416675786,135.8271045573693,39.844679206050934,0.07119015972701866,0.036345882527530196,11.151403508771931,116.01445614035089,100.0,2.5,0.7155096551634946,0.8286898468803793,,,,
fixed_forest,DNone_L1_Fsqrt__T100__pure_k1,57,5,repeat_mean_then_equal_dataset_mean,None,sqrt,pure_k1,"[20,0,0]",0.7639086360020056,0.7307346540060867,0.07059880513044305,0.060841839481145146,0.008754404586854211,0.007687842845916748,10.05238596491228,119.50873684210525,100.0,1.0,0.7045954761281277,0.8195093794454096,,,,
fixed_forest,DNone_L1_Fsqrt__T100__pure_k2,57,5,repeat_mean_then_equal_dataset_mean,None,sqrt,pure_k2,"[0,20,0]",0.7746699441869954,0.741457933740022,12.751582680323994,7.962484242022038,0.06785588746465611,0.031082055158913137,10.14421052631579,110.25273684210525,100.0,2.0,0.7164211330777731,0.8289983295800677,,,,
fixed_forest,DNone_L1_Fsqrt__T100__pure_k3,57,5,repeat_mean_then_equal_dataset_mean,None,sqrt,pure_k3,"[0,0,20]",0.7717549825056711,0.7328882888098887,257.56483653438227,64.27135764844715,0.07412287775557813,0.03910356629639864,12.117087719298246,121.60361403508772,100.0,3.0,0.7132258299537064,0.8266162393408635,,,,
fixed_forest,DNone_L1_Fsqrt__T100__triple_85_10_05,57,5,repeat_mean_then_equal_dataset_mean,None,sqrt,triple_85_10_05,"[17,2,1]",0.7666944283492929,0.7336058183141981,14.285092864696983,4.346717109344899,0.017868059051729605,0.011577666737139225,10.162491228070174,118.57259649122807,100.0,1.2000000000000002,0.7080493395688625,0.8213683718169442,,,,
fixed_forest,DNone_L1_Fsqrt__T200__pair_k1_k2_q05,57,5,repeat_mean_then_equal_dataset_mean,None,sqrt,pair_k1_k2_q05,"[19,1,0]",0.7662118822966296,0.7334003617792928,1.426588596741816,0.9048699665814638,0.02339924787122168,0.0175527174025774,10.06040350877193,119.12840350877194,200.0,1.0499999999999998,0.7073097247623016,0.8207968473305504,,,,
fixed_forest,DNone_L1_Fsqrt__T200__pair_k1_k2_q10,57,5,repeat_mean_then_equal_dataset_mean,None,sqrt,pair_k1_k2_q10,"[18,2,0]",0.7682102262424575,0.7354466092959595,2.705625018377772,1.678977833967656,0.02935835505557949,0.020118251070380212,10.060912280701753,118.66815789473684,200.0,1.0999999999999999,0.709381844994226,0.8226766002223831,,,,
fixed_forest,DNone_L1_Fsqrt__T200__pair_k1_k2_q25,57,5,repeat_mean_then_equal_dataset_mean,None,sqrt,pair_k1_k2_q25,"[15,5,0]",0.7703255061567994,0.7371771166511012,6.5398910199961895,4.030370008572936,0.04724968329006643,0.026927923411130907,10.074771929824562,117.3317192982456,200.0,1.25,0.7117489306129667,0.8249366454361179,,,,
fixed_forest,DNone_L1_Fsqrt__T200__pair_k1_k2_q50,57,5,repeat_mean_then_equal_dataset_mean,None,sqrt,pair_k1_k2_q50,"[10,10,0]",0.7746886001200679,0.7422121630525027,12.930064346739334,7.859849791508168,0.07713749210856723,0.038302597124129534,10.090929824561405,115.01898245614035,200.0,1.5,0.7161166911166236,0.8292509176837388,,,,
fixed_forest,DNone_L1_Fsqrt__T200__pair_k1_k3_q05,57,5,repeat_mean_then_equal_dataset_mean,None,sqrt,pair_k1_k3_q05,"[19,0,1]",0.7660903161801886,0.7331294063446812,25.624448618962713,6.73902163989842,0.02392400906568295,0.018585606850683688,10.160719298245615,119.72143859649121,200.0,1.0999999999999999,0.7069367718342192,0.8209692873411368,,,,
fixed_forest,DNone_L1_Fsqrt__T200__pair_k1_k3_q10,57,5,repeat_mean_then_equal_dataset_mean,None,sqrt,pair_k1_k3_q10,"[18,0,2]",0.7685591799293131,0.7357145414882732,51.093042971590826,13.031524930894374,0.030378897032259326,0.021352051012217998,10.259736842105264,119.84742105263157,200.0,1.2000000000000002,0.7096991591813712,0.8232262534043467,,,,
fixed_forest,DNone_L1_Fsqrt__T200__pair_k1_k3_q25,57,5,repeat_mean_then_equal_dataset_mean,None,sqrt,pair_k1_k3_q25,"[15,0,5]",0.7735963173000515,0.7399992171437473,126.99395246483351,32.752564899716525,0.04984701900138405,0.02938889293000102,10.56878947368421,120.1707543859649,200.0,1.5,0.7152159049120519,0.8276642576832258,,,,
fixed_forest,DNone_L1_Fsqrt__T200__pair_k1_k3_q50,57,5,repeat_mean_then_equal_dataset_mean,None,sqrt,pair_k1_k3_q50,"[10,0,10]",0.7775084536375507,0.7435295327164257,254.61864939574806,65.35043036593125,0.08245680732979326,0.045044625736773015,11.083263157894736,120.67808771929823,200.0,2.0,0.7193513730109373,0.8313447106762226,,,,
fixed_forest,DNone_L1_Fsqrt__T200__pair_k2_k3_q05,57,5,repeat_mean_then_equal_dataset_mean,None,sqrt,pair_k2_k3_q05,"[0,19,1]",0.7746249345053305,0.7405969853375212,49.912719416283394,26.57878801114857,0.13752073942961401,0.06274587623775005,10.238666666666667,110.95901754385966,200.0,2.0500000000000003,0.7159030293073817,0.8290449368032831,,,,
fixed_forest,DNone_L1_Fsqrt__T200__pair_k2_k3_q10,57,5,repeat_mean_then_equal_dataset_mean,None,sqrt,pair_k2_k3_q10,"[0,18,2]",0.7748320885057601,0.7414041418798313,74.10227734727557,36.366625243239106,0.13801652021183253,0.06667745485901833,10.337175438596493,111.54524561403508,200.0,2.0999999999999996,0.7164815112972461,0.8289514075831131,,,,
fixed_forest,DNone_L1_Fsqrt__T200__pair_k2_k3_q25,57,5,repeat_mean_then_equal_dataset_mean,None,sqrt,pair_k2_k3_q25,"[0,15,5]",0.7752278905530887,0.7418606098489586,146.16892083889982,51.5791003299877,0.13959331394647034,0.06902218014001846,10.63236842105263,113.20501754385964,200.0,2.25,0.7169327091461046,0.829548859075304,,,,
fixed_forest,DNone_L1_Fsqrt__T200__pair_k2_k3_q50,57,5,repeat_mean_then_equal_dataset_mean,None,sqrt,pair_k2_k3_q50,"[0,10,10]",0.7750466905286479,0.7410371817138607,267.40344444307124,80.56323929000646,0.14231529345637872,0.07129831807687878,11.130684210526317,116.02508771929826,200.0,2.5,0.7163020691477905,0.8297121106339488,,,,
fixed_forest,DNone_L1_Fsqrt__T200__pure_k1,57,5,repeat_mean_then_equal_dataset_mean,None,sqrt,pure_k1,"[20,0,0]",0.7649699839239057,0.7319403015617626,0.14055147684391653,0.11958995992317796,0.017399153330673774,0.015217315964400768,10.060824561403507,119.58743859649124,200.0,1.0,0.7059244537714883,0.8197645336177872,,,,
fixed_forest,DNone_L1_Fsqrt__T200__pure_k2,57,5,repeat_mean_then_equal_dataset_mean,None,sqrt,pure_k2,"[0,20,0]",0.7751599002766995,0.7412902279231862,25.714859394062508,16.044718278478832,0.13699597823515275,0.06190299931913614,10.138350877192982,110.36598245614034,200.0,2.0,0.7171669972650765,0.8290833414673845,,,,
fixed_forest,DNone_L1_Fsqrt__T200__pure_k3,57,5,repeat_mean_then_equal_dataset_mean,None,sqrt,pure_k3,"[0,0,20]",0.7743214707482732,0.7358964588630881,509.1040237944279,129.5126671142876,0.14688420507795458,0.07761362409219145,12.112298245614035,121.69094736842106,200.0,3.0,0.7151341244614232,0.8291693854417855,,,,
fixed_forest,DNone_L1_Fsqrt__T200__triple_85_10_05,57,5,repeat_mean_then_equal_dataset_mean,None,sqrt,triple_85_10_05,"[17,2,1]",0.7694742879985768,0.7367460938674636,28.028972692683077,9.781955892965197,0.03576216319118414,0.023818562645465134,10.162684210526315,118.76710526315787,200.0,1.2000000000000002,0.7107052588988524,0.8240047220910034,,,,
fixed_tree,D3_L1_Fall__cart,57,5,repeat_mean_then_equal_dataset_mean,3,all,,,0.6782432117331039,0.6241496005210483,,,,,2.9649122807017543,6.659649122807018,1.0,,0.6279265057144697,0.7274260637457858,0.0010287171180703137,0.0008486333303153515,0.00011142885900641743,0.000105341337621212
fixed_tree,D3_L1_Fall__single_k2,57,5,repeat_mean_then_equal_dataset_mean,3,all,,,0.7059338663515811,0.6542582350518785,,,,,3.0,7.536842105263158,1.0,,0.6547867932454109,0.7548118044918668,0.028217402611973513,0.010148408357053995,0.0004546230511837884,0.0003222502768039703
fixed_tree,D3_L1_Fall__single_k3,57,5,repeat_mean_then_equal_dataset_mean,3,all,,,0.7136491641130729,0.6647404168210249,,,,,3.0,7.666666666666667,1.0,,0.6639741399190455,0.7608310765183529,1.684489134034109,0.2902667665854096,0.0004690207426615974,0.0003066332079470158
fixed_tree,D3_L1_Fsqrt__cart,57,5,repeat_mean_then_equal_dataset_mean,3,sqrt,,,0.6361992046069338,0.5703013060924068,,,,,2.9859649122807017,6.943859649122806,1.0,,0.5859073454188541,0.6843061989839612,0.0008246942815419877,0.0007179166190326214,0.00010171097196769296,9.796656668186188e-05
fixed_tree,D3_L1_Fsqrt__single_k2,57,5,repeat_mean_then_equal_dataset_mean,3,sqrt,,,0.6712983452782378,0.6155971082800148,,,,,2.9894736842105263,7.340350877192982,1.0,,0.6224065692768604,0.7191675922676597,0.029558622304415496,0.01420289147645235,0.00041113624414592466,0.00023068301379680634
fixed_tree,D3_L1_Fsqrt__single_k3,57,5,repeat_mean_then_equal_dataset_mean,3,sqrt,,,0.6786184344505384,0.6236410090734438,,,,,2.992982456140351,7.5473684210526315,1.0,,0.6293433193413117,0.7259205071348502,1.1639105884652388,0.0704347918741405,0.0004398728181657038,0.0002772417850792408
fixed_tree,D6_L1_Fall__cart,57,5,repeat_mean_then_equal_dataset_mean,6,all,,,0.728238386190254,0.6947053290277657,,,,,5.578947368421052,23.83859649122807,1.0,,0.6727743767997209,0.7820387062410169,0.0011282627225706453,0.0009013498201966286,0.00010790391743444559,0.000101433414965868
fixed_tree,D6_L1_Fall__single_k2,57,5,repeat_mean_then_equal_dataset_mean,6,all,,,0.7321305650142437,0.6977302085598047,,,,,5.943859649122807,35.666666666666664,1.0,,0.6776268609914081,0.7834496822828764,0.0569112694348421,0.021831883676350118,0.0005636120051668402,0.00029535023495554926
fixed_tree,D6_L1_Fall__single_k3,57,5,repeat_mean_then_equal_dataset_mean,6,all,,,0.7341259625543406,0.7009085558858186,,,,,5.947368421052632,37.26666666666667,1.0,,0.6803114099511012,0.7858869267474262,3.772365297349333,0.602551550231874,0.0006095031897226969,0.00036955010145902636
fixed_tree,D6_L1_Fsqrt__cart,57,5,repeat_mean_then_equal_dataset_mean,6,sqrt,,,0.6840949207417922,0.6430561763438495,,,,,5.814035087719298,28.1859649122807,1.0,,0.6287781019985196,0.7359997872750509,0.0011993589173806341,0.0009353666566312314,0.00011655760994344426,0.00010587498545646667
fixed_tree,D6_L1_Fsqrt__single_k2,57,5,repeat_mean_then_equal_dataset_mean,6,sqrt,,,0.7142842528196103,0.6773737219462473,,,,,5.891228070175439,32.150877192982456,1.0,,0.6612045517631752,0.7639441693624821,0.08019518739004666,0.054697908367961644,0.000683068124610081,0.000285749975591898
fixed_tree,D6_L1_Fsqrt__single_k3,57,5,repeat_mean_then_equal_dataset_mean,6,sqrt,,,0.7157867751391739,0.6777300124358021,,,,,5.95438596491228,34.89824561403509,1.0,,0.6631357169079319,0.7658953560101773,2.971721626475061,0.46360931657254695,0.0006377896310336756,0.00035988353192806244
fixed_tree,DNone_L1_Fall__cart,57,5,repeat_mean_then_equal_dataset_mean,None,all,,,0.7451121557619244,0.7194096119700581,,,,,10.115789473684211,97.64912280701756,1.0,,0.6897680238940125,0.7985620251508038,0.0016903561311202092,0.0010512414388358592,0.00012775362354882977,0.00011118343099951744
fixed_tree,DNone_L1_Fall__single_k2,57,5,repeat_mean_then_equal_dataset_mean,None,all,,,0.6938226971945639,0.6578386773891806,,,,,15.087719298245615,301.0877192982456,1.0,,0.63876942743837,0.7459660991824404,0.15922419179002184,0.041132166795432565,0.0009196971085641468,0.0003755418583750725
fixed_tree,DNone_L1_Fall__single_k3,57,5,repeat_mean_then_equal_dataset_mean,None,all,,,0.6621996924336344,0.6207923058936438,,,,,17.024561403508773,327.10877192982457,1.0,,0.6064814843388233,0.7163314620812304,7.965748525588985,0.8048188664019108,0.0011972333353601002,0.000485866516828537
fixed_tree,DNone_L1_Fsqrt__cart,57,5,repeat_mean_then_equal_dataset_mean,None,sqrt,,,0.7077712813431313,0.6783013324160805,,,,,11.228070175438596,169.63859649122807,1.0,,0.6508002339352101,0.7618057212268036,0.0011254646521257725,0.0008633413352072238,0.00012003360969717042,0.00010773353278636932
fixed_tree,DNone_L1_Fsqrt__single_k2,57,5,repeat_mean_then_equal_dataset_mean,None,sqrt,,,0.7273088456728929,0.6982825752813208,,,,,11.403508771929825,157.53333333333333,1.0,,0.6718045897902077,0.7800114012981075,0.1885193753137923,0.10498396698385477,0.0008685527598125893,0.0003507416695356369
fixed_tree,DNone_L1_Fsqrt__single_k3,57,5,repeat_mean_then_equal_dataset_mean,None,sqrt,,,0.7159807101483612,0.6802623270699145,,,,,13.835087719298244,174.20000000000002,1.0,,0.6610171656810346,0.7681473508055061,4.962741502650539,1.0197885499335826,0.0007759755869445048,0.0004303164780139923
