dataset,task_depth,model_id,accuracy,balanced_accuracy,fit_time_s,realized_depth,repeats
GAMETES_Epistasis_2_Way_20atts_0.1H_EDM_1_1,3,cart_bag100,0.5900000000000001,0.5900000000000001,0.13761943355202674,3.0,5
GAMETES_Epistasis_2_Way_20atts_0.1H_EDM_1_1,3,cart_bag200,0.5820000000000001,0.5820000000000001,0.2772298910655081,3.0,5
GAMETES_Epistasis_2_Way_20atts_0.1H_EDM_1_1,3,cart_fixed,0.49450000000000005,0.49450000000000005,0.0014225663617253304,3.0,5
GAMETES_Epistasis_2_Way_20atts_0.1H_EDM_1_1,3,cart_mix10_100,0.6315000000000001,0.6315000000000001,1.5009617420844734,3.0,5
GAMETES_Epistasis_2_Way_20atts_0.1H_EDM_1_1,3,cart_tuned,0.522,0.522,0.003593730926513672,,5
GAMETES_Epistasis_2_Way_20atts_0.1H_EDM_1_1,3,greedy100,0.588,0.588,0.6531987553462386,3.0,5
GAMETES_Epistasis_2_Way_20atts_0.1H_EDM_1_1,3,greedy20,0.5599999999999999,0.5599999999999999,0.1303327920846641,3.0,5
GAMETES_Epistasis_2_Way_20atts_0.1H_EDM_1_1,3,greedy200,0.5800000000000001,0.58,1.352758538722992,3.0,5
GAMETES_Epistasis_2_Way_20atts_0.1H_EDM_1_1,3,majority,0.5,0.5,0.0,,5
GAMETES_Epistasis_2_Way_20atts_0.1H_EDM_1_1,3,mix05_100,0.6134999999999999,0.6134999999999999,1.3571785227395594,3.0,5
GAMETES_Epistasis_2_Way_20atts_0.1H_EDM_1_1,3,mix05_20,0.5865,0.5865,0.27426830865442753,3.0,5
GAMETES_Epistasis_2_Way_20atts_0.1H_EDM_1_1,3,mix10_100,0.6305,0.6305,2.0563762384466826,3.0,5
GAMETES_Epistasis_2_Way_20atts_0.1H_EDM_1_1,3,mix10_20,0.625,0.625,0.4126844416372478,3.0,5
GAMETES_Epistasis_2_Way_20atts_0.1H_EDM_1_1,3,mix25_100,0.651,0.651,4.134671505354345,3.0,5
GAMETES_Epistasis_2_Way_20atts_0.1H_EDM_1_1,3,mix25_20,0.651,0.651,0.828285766672343,3.0,5
GAMETES_Epistasis_2_Way_20atts_0.1H_EDM_1_1,3,mix50_20,0.6545,0.6545,1.5624676835723221,3.0,5
GAMETES_Epistasis_2_Way_20atts_0.1H_EDM_1_1,3,rf_sqrt_fixed,0.5175,0.5175,0.08912649974226952,3.0,5
GAMETES_Epistasis_2_Way_20atts_0.1H_EDM_1_1,3,rf_tuned,0.591,0.591,0.24760613441467286,,5
GAMETES_Epistasis_2_Way_20atts_0.1H_EDM_1_1,3,sighted2_20,0.658,0.658,2.930032024718821,3.0,5
GAMETES_Epistasis_2_Way_20atts_0.1H_EDM_1_1,3,tree_k1,0.49450000000000005,0.49450000000000005,0.006256758701056242,3.0,5
GAMETES_Epistasis_2_Way_20atts_0.1H_EDM_1_1,3,tree_k2,0.659,0.659,0.13703072490170598,3.0,5
GAMETES_Epistasis_2_Way_20atts_0.1H_EDM_1_1,6,cart_bag100,0.6100000000000001,0.61,0.21717637814581395,6.0,5
GAMETES_Epistasis_2_Way_20atts_0.1H_EDM_1_1,6,cart_bag200,0.6095,0.6094999999999999,0.4307448798790574,6.0,5
GAMETES_Epistasis_2_Way_20atts_0.1H_EDM_1_1,6,cart_fixed,0.5229999999999999,0.5229999999999999,0.0022411915473639966,6.0,5
GAMETES_Epistasis_2_Way_20atts_0.1H_EDM_1_1,6,cart_mix10_100,0.633,0.633,4.006046161893755,6.0,5
GAMETES_Epistasis_2_Way_20atts_0.1H_EDM_1_1,6,greedy100,0.604,0.604,1.4538803796283901,6.0,5
GAMETES_Epistasis_2_Way_20atts_0.1H_EDM_1_1,6,greedy20,0.5745,0.5745,0.28893048176541924,6.0,5
GAMETES_Epistasis_2_Way_20atts_0.1H_EDM_1_1,6,greedy200,0.6064999999999999,0.6064999999999999,2.9521855642087758,6.0,5
GAMETES_Epistasis_2_Way_20atts_0.1H_EDM_1_1,6,mix05_100,0.6125,0.6125,3.2493414881639184,6.0,5
GAMETES_Epistasis_2_Way_20atts_0.1H_EDM_1_1,6,mix05_20,0.588,0.5880000000000001,0.643827048316598,6.0,5
GAMETES_Epistasis_2_Way_20atts_0.1H_EDM_1_1,6,mix10_100,0.633,0.633,5.177015613112599,6.0,5
GAMETES_Epistasis_2_Way_20atts_0.1H_EDM_1_1,6,mix10_20,0.5965,0.5965,1.0726819152012468,6.0,5
GAMETES_Epistasis_2_Way_20atts_0.1H_EDM_1_1,6,mix25_100,0.6445000000000001,0.6445,10.71646607303992,6.0,5
GAMETES_Epistasis_2_Way_20atts_0.1H_EDM_1_1,6,mix25_20,0.6265,0.6265,2.204951740708202,6.0,5
GAMETES_Epistasis_2_Way_20atts_0.1H_EDM_1_1,6,mix50_20,0.635,0.635,4.102539706788957,6.0,5
GAMETES_Epistasis_2_Way_20atts_0.1H_EDM_1_1,6,rf_sqrt_fixed,0.553,0.553,0.10562909143045544,6.0,5
GAMETES_Epistasis_2_Way_20atts_0.1H_EDM_1_1,6,sighted2_20,0.659,0.659,7.8731471668928865,6.0,5
GAMETES_Epistasis_2_Way_20atts_0.1H_EDM_1_1,6,tree_k1,0.524,0.524,0.014278399851173162,6.0,5
GAMETES_Epistasis_2_Way_20atts_0.1H_EDM_1_1,6,tree_k2,0.6395,0.6395000000000001,0.37245740815997125,6.0,5
GAMETES_Epistasis_2_Way_20atts_0.1H_EDM_1_1,None,cart_bag100,0.596,0.596,0.36206190204247835,18.872,5
GAMETES_Epistasis_2_Way_20atts_0.1H_EDM_1_1,None,cart_bag200,0.5925,0.5925,0.7218696592375636,18.909,5
GAMETES_Epistasis_2_Way_20atts_0.1H_EDM_1_1,None,cart_fixed,0.534,0.534,0.004317033383995294,20.2,5
GAMETES_Epistasis_2_Way_20atts_0.1H_EDM_1_1,None,cart_mix10_100,0.61,0.61,9.96430215453729,18.822,5
GAMETES_Epistasis_2_Way_20atts_0.1H_EDM_1_1,None,greedy100,0.595,0.595,4.620091273728758,18.886000000000003,5
GAMETES_Epistasis_2_Way_20atts_0.1H_EDM_1_1,None,greedy20,0.58,0.58,0.9159341575577855,18.54,5
GAMETES_Epistasis_2_Way_20atts_0.1H_EDM_1_1,None,greedy200,0.5945,0.5945,9.023095440678299,18.927,5
GAMETES_Epistasis_2_Way_20atts_0.1H_EDM_1_1,None,mix05_100,0.6025,0.6025,9.243203915283084,18.872,5
GAMETES_Epistasis_2_Way_20atts_0.1H_EDM_1_1,None,mix05_20,0.5845,0.5845,1.8594278076663613,18.57,5
GAMETES_Epistasis_2_Way_20atts_0.1H_EDM_1_1,None,mix10_100,0.6045,0.6045,14.001152906473726,18.836000000000002,5
GAMETES_Epistasis_2_Way_20atts_0.1H_EDM_1_1,None,mix10_20,0.5825,0.5825,2.799808048829436,18.55,5
GAMETES_Epistasis_2_Way_20atts_0.1H_EDM_1_1,None,mix25_100,0.63,0.63,28.073820562940092,18.734,5
GAMETES_Epistasis_2_Way_20atts_0.1H_EDM_1_1,None,mix25_20,0.5935,0.5934999999999999,5.646134132426232,18.45,5
GAMETES_Epistasis_2_Way_20atts_0.1H_EDM_1_1,None,mix50_20,0.6025,0.6025,10.282572249509395,18.19,5
GAMETES_Epistasis_2_Way_20atts_0.1H_EDM_1_1,None,rf_sqrt_fixed,0.577,0.577,0.1585645499639213,21.188,5
GAMETES_Epistasis_2_Way_20atts_0.1H_EDM_1_1,None,sighted2_20,0.6155,0.6155,19.598385825101285,18.09,5
GAMETES_Epistasis_2_Way_20atts_0.1H_EDM_1_1,None,tree_k1,0.554,0.554,0.06353641655296087,20.2,5
GAMETES_Epistasis_2_Way_20atts_0.1H_EDM_1_1,None,tree_k2,0.5965,0.5965,1.3574778665788472,20.0,5
GAMETES_Epistasis_2_Way_20atts_0.4H_EDM_1_1,3,cart_bag100,0.6759999999999999,0.6759999999999999,0.13376505132764577,3.0,5
GAMETES_Epistasis_2_Way_20atts_0.4H_EDM_1_1,3,cart_bag200,0.678,0.678,0.26721724439412353,3.0,5
GAMETES_Epistasis_2_Way_20atts_0.4H_EDM_1_1,3,cart_fixed,0.492,0.492,0.001347516570240259,3.0,5
GAMETES_Epistasis_2_Way_20atts_0.4H_EDM_1_1,3,cart_mix10_100,0.7495,0.7495,1.4202799174934626,3.0,5
GAMETES_Epistasis_2_Way_20atts_0.4H_EDM_1_1,3,cart_tuned,0.5515,0.5515000000000001,0.004218435287475586,,5
GAMETES_Epistasis_2_Way_20atts_0.4H_EDM_1_1,3,greedy100,0.6759999999999999,0.6759999999999999,0.641074576228857,3.0,5
GAMETES_Epistasis_2_Way_20atts_0.4H_EDM_1_1,3,greedy20,0.6615,0.6615,0.1306218928657472,3.0,5
GAMETES_Epistasis_2_Way_20atts_0.4H_EDM_1_1,3,greedy200,0.679,0.679,1.28841072069481,3.0,5
GAMETES_Epistasis_2_Way_20atts_0.4H_EDM_1_1,3,majority,0.5,0.5,0.0,,5
GAMETES_Epistasis_2_Way_20atts_0.4H_EDM_1_1,3,mix05_100,0.7264999999999999,0.7265,1.2995489181950688,3.0,5
GAMETES_Epistasis_2_Way_20atts_0.4H_EDM_1_1,3,mix05_20,0.714,0.7140000000000001,0.25581682631745933,3.0,5
GAMETES_Epistasis_2_Way_20atts_0.4H_EDM_1_1,3,mix10_100,0.7485,0.7484999999999999,1.9827402186580003,3.0,5
GAMETES_Epistasis_2_Way_20atts_0.4H_EDM_1_1,3,mix10_20,0.742,0.742,0.3816731182858348,3.0,5
GAMETES_Epistasis_2_Way_20atts_0.4H_EDM_1_1,3,mix25_100,0.7699999999999999,0.77,3.906369609478861,3.0,5
GAMETES_Epistasis_2_Way_20atts_0.4H_EDM_1_1,3,mix25_20,0.771,0.771,0.7578466596081853,3.0,5
GAMETES_Epistasis_2_Way_20atts_0.4H_EDM_1_1,3,mix50_20,0.7769999999999999,0.7769999999999999,1.3818236676044762,3.0,5
GAMETES_Epistasis_2_Way_20atts_0.4H_EDM_1_1,3,rf_sqrt_fixed,0.607,0.607,0.09381870841607451,3.0,5
GAMETES_Epistasis_2_Way_20atts_0.4H_EDM_1_1,3,rf_tuned,0.7184999999999999,0.7185,0.2978537559509277,,5
GAMETES_Epistasis_2_Way_20atts_0.4H_EDM_1_1,3,sighted2_20,0.7815,0.7815,2.7672739915549753,3.0,5
GAMETES_Epistasis_2_Way_20atts_0.4H_EDM_1_1,3,tree_k1,0.4925,0.4925,0.006200749892741442,3.0,5
GAMETES_Epistasis_2_Way_20atts_0.4H_EDM_1_1,3,tree_k2,0.7845,0.7845,0.13365005012601613,3.0,5
GAMETES_Epistasis_2_Way_20atts_0.4H_EDM_1_1,6,cart_bag100,0.7220000000000001,0.722,0.20841896887868644,6.0,5
GAMETES_Epistasis_2_Way_20atts_0.4H_EDM_1_1,6,cart_bag200,0.719,0.719,0.4139866879209876,6.0,5
GAMETES_Epistasis_2_Way_20atts_0.4H_EDM_1_1,6,cart_fixed,0.5075,0.5075000000000001,0.0022056001238524915,6.0,5
GAMETES_Epistasis_2_Way_20atts_0.4H_EDM_1_1,6,cart_mix10_100,0.7495,0.7495,3.355591424461454,6.0,5
GAMETES_Epistasis_2_Way_20atts_0.4H_EDM_1_1,6,greedy100,0.7205,0.7205,1.3231296167708932,6.0,5
GAMETES_Epistasis_2_Way_20atts_0.4H_EDM_1_1,6,greedy20,0.6980000000000001,0.6980000000000001,0.2628502740524709,6.0,5
GAMETES_Epistasis_2_Way_20atts_0.4H_EDM_1_1,6,greedy200,0.7150000000000001,0.7150000000000001,2.6983639911748467,6.0,5
GAMETES_Epistasis_2_Way_20atts_0.4H_EDM_1_1,6,mix05_100,0.74,0.74,2.928410225175321,6.0,5
GAMETES_Epistasis_2_Way_20atts_0.4H_EDM_1_1,6,mix05_20,0.718,0.718,0.5795987996272742,6.0,5
GAMETES_Epistasis_2_Way_20atts_0.4H_EDM_1_1,6,mix10_100,0.7495,0.7495,4.544342966843397,6.0,5
GAMETES_Epistasis_2_Way_20atts_0.4H_EDM_1_1,6,mix10_20,0.7355,0.7355,0.9014079164713621,6.0,5
GAMETES_Epistasis_2_Way_20atts_0.4H_EDM_1_1,6,mix25_100,0.768,0.768,9.399990509171039,6.0,5
GAMETES_Epistasis_2_Way_20atts_0.4H_EDM_1_1,6,mix25_20,0.7609999999999999,0.7609999999999999,1.8470648911781609,6.0,5
GAMETES_Epistasis_2_Way_20atts_0.4H_EDM_1_1,6,mix50_20,0.768,0.768,3.4293075817637146,6.0,5
GAMETES_Epistasis_2_Way_20atts_0.4H_EDM_1_1,6,rf_sqrt_fixed,0.667,0.667,0.10254961624741554,6.0,5
GAMETES_Epistasis_2_Way_20atts_0.4H_EDM_1_1,6,sighted2_20,0.7735,0.7735000000000001,6.652391865197569,6.0,5
GAMETES_Epistasis_2_Way_20atts_0.4H_EDM_1_1,6,tree_k1,0.509,0.509,0.01223721681162715,6.0,5
GAMETES_Epistasis_2_Way_20atts_0.4H_EDM_1_1,6,tree_k2,0.7565000000000001,0.7565,0.3338941247202456,6.0,5
GAMETES_Epistasis_2_Way_20atts_0.4H_EDM_1_1,None,cart_bag100,0.7175,0.7175,0.354574909247458,19.278,5
GAMETES_Epistasis_2_Way_20atts_0.4H_EDM_1_1,None,cart_bag200,0.7195,0.7194999999999999,0.8054710656404496,19.402,5
GAMETES_Epistasis_2_Way_20atts_0.4H_EDM_1_1,None,cart_fixed,0.5625,0.5625,0.0043639084324240685,22.8,5
GAMETES_Epistasis_2_Way_20atts_0.4H_EDM_1_1,None,cart_mix10_100,0.7224999999999999,0.7224999999999999,7.702386742364615,19.04,5
GAMETES_Epistasis_2_Way_20atts_0.4H_EDM_1_1,None,greedy100,0.711,0.711,4.25236556623131,19.306,5
GAMETES_Epistasis_2_Way_20atts_0.4H_EDM_1_1,None,greedy20,0.6885,0.6885,0.8449149678461254,19.55,5
GAMETES_Epistasis_2_Way_20atts_0.4H_EDM_1_1,None,greedy200,0.716,0.716,8.84829274006188,19.416,5
GAMETES_Epistasis_2_Way_20atts_0.4H_EDM_1_1,None,mix05_100,0.717,0.717,7.796448465995491,19.196,5
GAMETES_Epistasis_2_Way_20atts_0.4H_EDM_1_1,None,mix05_20,0.692,0.692,1.5581001179292797,19.380000000000003,5
GAMETES_Epistasis_2_Way_20atts_0.4H_EDM_1_1,None,mix10_100,0.7215,0.7215,11.26991768339649,19.07,5
GAMETES_Epistasis_2_Way_20atts_0.4H_EDM_1_1,None,mix10_20,0.7045,0.7045,2.2669311931356786,19.27,5
GAMETES_Epistasis_2_Way_20atts_0.4H_EDM_1_1,None,mix25_100,0.735,0.735,21.75736249918118,18.722,5
GAMETES_Epistasis_2_Way_20atts_0.4H_EDM_1_1,None,mix25_20,0.7304999999999999,0.7304999999999999,4.380670918244869,18.87,5
GAMETES_Epistasis_2_Way_20atts_0.4H_EDM_1_1,None,mix50_20,0.743,0.743,7.851498651597649,18.28,5
GAMETES_Epistasis_2_Way_20atts_0.4H_EDM_1_1,None,rf_sqrt_fixed,0.7,0.7,0.1523799082264304,21.57,5
GAMETES_Epistasis_2_Way_20atts_0.4H_EDM_1_1,None,sighted2_20,0.7415,0.7415,14.939067217055708,17.09,5
GAMETES_Epistasis_2_Way_20atts_0.4H_EDM_1_1,None,tree_k1,0.5595,0.5595,0.06562825841829181,22.8,5
GAMETES_Epistasis_2_Way_20atts_0.4H_EDM_1_1,None,tree_k2,0.6955,0.6955,0.9749832249246537,19.6,5
GAMETES_Epistasis_3_Way_20atts_0.2H_EDM_1_1,3,cart_bag100,0.501,0.501,0.12824423257261514,3.0,5
GAMETES_Epistasis_3_Way_20atts_0.2H_EDM_1_1,3,cart_bag200,0.5085,0.5085,0.25913289627060293,3.0,5
GAMETES_Epistasis_3_Way_20atts_0.2H_EDM_1_1,3,cart_fixed,0.499,0.499,0.0013849584385752678,3.0,5
GAMETES_Epistasis_3_Way_20atts_0.2H_EDM_1_1,3,cart_mix10_100,0.5085,0.5085,1.4470080616883934,3.0,5
GAMETES_Epistasis_3_Way_20atts_0.2H_EDM_1_1,3,cart_tuned,0.5309999999999999,0.531,0.003435993194580078,,5
GAMETES_Epistasis_3_Way_20atts_0.2H_EDM_1_1,3,greedy100,0.5005,0.5005,0.6513158983550966,3.0,5
GAMETES_Epistasis_3_Way_20atts_0.2H_EDM_1_1,3,greedy20,0.506,0.506,0.13099669031798838,3.0,5
GAMETES_Epistasis_3_Way_20atts_0.2H_EDM_1_1,3,greedy200,0.5085,0.5085,1.3020942222326994,3.0,5
GAMETES_Epistasis_3_Way_20atts_0.2H_EDM_1_1,3,majority,0.5,0.5,0.0,,5
GAMETES_Epistasis_3_Way_20atts_0.2H_EDM_1_1,3,mix05_100,0.497,0.497,1.322761181741953,3.0,5
GAMETES_Epistasis_3_Way_20atts_0.2H_EDM_1_1,3,mix05_20,0.5065000000000001,0.5065000000000001,0.3042201826348901,3.0,5
GAMETES_Epistasis_3_Way_20atts_0.2H_EDM_1_1,3,mix10_100,0.5065,0.5065000000000001,1.9967158561572433,3.0,5
GAMETES_Epistasis_3_Way_20atts_0.2H_EDM_1_1,3,mix10_20,0.4965,0.4965,0.439550057426095,3.0,5
GAMETES_Epistasis_3_Way_20atts_0.2H_EDM_1_1,3,mix25_100,0.5265,0.5265,3.9999910560436547,3.0,5
GAMETES_Epistasis_3_Way_20atts_0.2H_EDM_1_1,3,mix25_20,0.5045,0.5045,0.8466646492481231,3.0,5
GAMETES_Epistasis_3_Way_20atts_0.2H_EDM_1_1,3,mix50_20,0.5269999999999999,0.527,1.5267290250398218,3.0,5
GAMETES_Epistasis_3_Way_20atts_0.2H_EDM_1_1,3,rf_sqrt_fixed,0.49799999999999994,0.49800000000000005,0.08627241672948002,3.0,5
GAMETES_Epistasis_3_Way_20atts_0.2H_EDM_1_1,3,rf_tuned,0.562,0.562,0.29280943870544435,,5
GAMETES_Epistasis_3_Way_20atts_0.2H_EDM_1_1,3,sighted2_20,0.562,0.562,2.9097414834424855,3.0,5
GAMETES_Epistasis_3_Way_20atts_0.2H_EDM_1_1,3,tree_k1,0.499,0.499,0.006747758481651545,3.0,5
GAMETES_Epistasis_3_Way_20atts_0.2H_EDM_1_1,3,tree_k2,0.49850000000000005,0.49849999999999994,0.14734724145382644,3.0,5
GAMETES_Epistasis_3_Way_20atts_0.2H_EDM_1_1,6,cart_bag100,0.5355,0.5355000000000001,0.20756504172459245,6.0,5
GAMETES_Epistasis_3_Way_20atts_0.2H_EDM_1_1,6,cart_bag200,0.525,0.525,0.4117716941051185,6.0,5
GAMETES_Epistasis_3_Way_20atts_0.2H_EDM_1_1,6,cart_fixed,0.506,0.506,0.002129466738551855,6.0,5
GAMETES_Epistasis_3_Way_20atts_0.2H_EDM_1_1,6,cart_mix10_100,0.5535,0.5535,3.538313765451312,6.0,5
GAMETES_Epistasis_3_Way_20atts_0.2H_EDM_1_1,6,greedy100,0.5355,0.5355000000000001,1.389829984586686,6.0,5
GAMETES_Epistasis_3_Way_20atts_0.2H_EDM_1_1,6,greedy20,0.525,0.525,0.28028669133782386,6.0,5
GAMETES_Epistasis_3_Way_20atts_0.2H_EDM_1_1,6,greedy200,0.5295,0.5295,2.78145609581843,6.0,5
GAMETES_Epistasis_3_Way_20atts_0.2H_EDM_1_1,6,mix05_100,0.5385,0.5385,3.139388426207006,6.0,5
GAMETES_Epistasis_3_Way_20atts_0.2H_EDM_1_1,6,mix05_20,0.5295,0.5295,0.6934271498583258,6.0,5
GAMETES_Epistasis_3_Way_20atts_0.2H_EDM_1_1,6,mix10_100,0.5565,0.5565,4.865447692759335,6.0,5
GAMETES_Epistasis_3_Way_20atts_0.2H_EDM_1_1,6,mix10_20,0.538,0.538,1.0379605169408024,6.0,5
GAMETES_Epistasis_3_Way_20atts_0.2H_EDM_1_1,6,mix25_100,0.5805,0.5805,10.064530117902905,6.0,5
GAMETES_Epistasis_3_Way_20atts_0.2H_EDM_1_1,6,mix25_20,0.5565,0.5565,2.075309633370489,6.0,5
GAMETES_Epistasis_3_Way_20atts_0.2H_EDM_1_1,6,mix50_20,0.5945,0.5945,3.8007976838387547,6.0,5
GAMETES_Epistasis_3_Way_20atts_0.2H_EDM_1_1,6,rf_sqrt_fixed,0.5155000000000001,0.5155000000000001,0.0976938670501113,6.0,5
GAMETES_Epistasis_3_Way_20atts_0.2H_EDM_1_1,6,sighted2_20,0.6214999999999999,0.6214999999999999,7.215132125839591,6.0,5
GAMETES_Epistasis_3_Way_20atts_0.2H_EDM_1_1,6,tree_k1,0.5065,0.5065,0.012591616343706846,6.0,5
GAMETES_Epistasis_3_Way_20atts_0.2H_EDM_1_1,6,tree_k2,0.548,0.5479999999999999,0.36544542498886584,6.0,5
GAMETES_Epistasis_3_Way_20atts_0.2H_EDM_1_1,None,cart_bag100,0.56,0.5599999999999999,0.353241983614862,19.907999999999998,5
GAMETES_Epistasis_3_Way_20atts_0.2H_EDM_1_1,None,cart_bag200,0.5505,0.5505000000000001,0.7019577411934733,19.926,5
GAMETES_Epistasis_3_Way_20atts_0.2H_EDM_1_1,None,cart_fixed,0.5365,0.5365,0.004260099865496159,21.6,5
GAMETES_Epistasis_3_Way_20atts_0.2H_EDM_1_1,None,cart_mix10_100,0.5545,0.5545,8.634402831457555,19.639999999999997,5
GAMETES_Epistasis_3_Way_20atts_0.2H_EDM_1_1,None,greedy100,0.5575,0.5575,4.6791191338561475,19.94,5
GAMETES_Epistasis_3_Way_20atts_0.2H_EDM_1_1,None,greedy20,0.5495,0.5494999999999999,0.9265200006775558,19.9,5
GAMETES_Epistasis_3_Way_20atts_0.2H_EDM_1_1,None,greedy200,0.564,0.564,9.192161307111382,19.948,5
GAMETES_Epistasis_3_Way_20atts_0.2H_EDM_1_1,None,mix05_100,0.5555,0.5555,9.141151368245483,19.78,5
GAMETES_Epistasis_3_Way_20atts_0.2H_EDM_1_1,None,mix05_20,0.5549999999999999,0.5549999999999999,1.814887050446123,19.77,5
GAMETES_Epistasis_3_Way_20atts_0.2H_EDM_1_1,None,mix10_100,0.5559999999999999,0.5559999999999999,13.497100984770805,19.676,5
GAMETES_Epistasis_3_Way_20atts_0.2H_EDM_1_1,None,mix10_20,0.5585,0.5585,2.6802698666229845,19.66,5
GAMETES_Epistasis_3_Way_20atts_0.2H_EDM_1_1,None,mix25_100,0.57,0.5700000000000001,26.548152259085327,19.294,5
GAMETES_Epistasis_3_Way_20atts_0.2H_EDM_1_1,None,mix25_20,0.563,0.563,5.393583774846047,19.46,5
GAMETES_Epistasis_3_Way_20atts_0.2H_EDM_1_1,None,mix50_20,0.563,0.563,9.82959445035085,18.619999999999997,5
GAMETES_Epistasis_3_Way_20atts_0.2H_EDM_1_1,None,rf_sqrt_fixed,0.5335,0.5335,0.14611332500353455,21.892000000000003,5
GAMETES_Epistasis_3_Way_20atts_0.2H_EDM_1_1,None,sighted2_20,0.5695,0.5695,18.63731012549251,17.419999999999998,5
GAMETES_Epistasis_3_Way_20atts_0.2H_EDM_1_1,None,tree_k1,0.5279999999999999,0.528,0.061844749934971334,21.8,5
GAMETES_Epistasis_3_Way_20atts_0.2H_EDM_1_1,None,tree_k2,0.553,0.5529999999999999,1.2356933915987611,18.0,5
GAMETES_Heterogeneity_20atts_1600_Het_0.4_0.2_50_EDM_2_001,3,cart_bag100,0.5930000000000001,0.593,0.12432584846392274,3.0,5
GAMETES_Heterogeneity_20atts_1600_Het_0.4_0.2_50_EDM_2_001,3,cart_bag200,0.6085,0.6085,0.24908651392906905,3.0,5
GAMETES_Heterogeneity_20atts_1600_Het_0.4_0.2_50_EDM_2_001,3,cart_fixed,0.48599999999999993,0.48600000000000004,0.0013579750433564187,3.0,5
GAMETES_Heterogeneity_20atts_1600_Het_0.4_0.2_50_EDM_2_001,3,cart_mix10_100,0.6525000000000001,0.6525000000000001,1.3245921812951564,3.0,5
GAMETES_Heterogeneity_20atts_1600_Het_0.4_0.2_50_EDM_2_001,3,cart_tuned,0.5515,0.5515000000000001,0.003105020523071289,,5
GAMETES_Heterogeneity_20atts_1600_Het_0.4_0.2_50_EDM_2_001,3,greedy100,0.5925,0.5925,0.5823565432801843,3.0,5
GAMETES_Heterogeneity_20atts_1600_Het_0.4_0.2_50_EDM_2_001,3,greedy20,0.58,0.58,0.1170117175206542,3.0,5
GAMETES_Heterogeneity_20atts_1600_Het_0.4_0.2_50_EDM_2_001,3,greedy200,0.608,0.608,1.1576203326694667,3.0,5
GAMETES_Heterogeneity_20atts_1600_Het_0.4_0.2_50_EDM_2_001,3,majority,0.5,0.5,0.0,,5
GAMETES_Heterogeneity_20atts_1600_Het_0.4_0.2_50_EDM_2_001,3,mix05_100,0.635,0.635,1.1917976101860404,3.0,5
GAMETES_Heterogeneity_20atts_1600_Het_0.4_0.2_50_EDM_2_001,3,mix05_20,0.6154999999999999,0.6155,0.23583474270999433,3.0,5
GAMETES_Heterogeneity_20atts_1600_Het_0.4_0.2_50_EDM_2_001,3,mix10_100,0.654,0.654,1.8108063098974525,3.0,5
GAMETES_Heterogeneity_20atts_1600_Het_0.4_0.2_50_EDM_2_001,3,mix10_20,0.6305,0.6305,0.3544444509781897,3.0,5
GAMETES_Heterogeneity_20atts_1600_Het_0.4_0.2_50_EDM_2_001,3,mix25_100,0.6965,0.6965,3.669454167690128,3.0,5
GAMETES_Heterogeneity_20atts_1600_Het_0.4_0.2_50_EDM_2_001,3,mix25_20,0.679,0.679,0.7164867755025626,3.0,5
GAMETES_Heterogeneity_20atts_1600_Het_0.4_0.2_50_EDM_2_001,3,mix50_20,0.688,0.688,1.3302307252772152,3.0,5
GAMETES_Heterogeneity_20atts_1600_Het_0.4_0.2_50_EDM_2_001,3,rf_sqrt_fixed,0.54,0.5399999999999999,0.08721197498962283,3.0,5
GAMETES_Heterogeneity_20atts_1600_Het_0.4_0.2_50_EDM_2_001,3,rf_tuned,0.643,0.643,0.19962663650512696,,5
GAMETES_Heterogeneity_20atts_1600_Het_0.4_0.2_50_EDM_2_001,3,sighted2_20,0.7075,0.7075,2.5465748753398656,3.0,5
GAMETES_Heterogeneity_20atts_1600_Het_0.4_0.2_50_EDM_2_001,3,tree_k1,0.48599999999999993,0.48600000000000004,0.00590554978698492,3.0,5
GAMETES_Heterogeneity_20atts_1600_Het_0.4_0.2_50_EDM_2_001,3,tree_k2,0.667,0.667,0.12306168330833316,3.0,5
GAMETES_Heterogeneity_20atts_1600_Het_0.4_0.2_50_EDM_2_001,6,cart_bag100,0.6445000000000001,0.6445000000000001,0.19719245759770274,6.0,5
GAMETES_Heterogeneity_20atts_1600_Het_0.4_0.2_50_EDM_2_001,6,cart_bag200,0.649,0.649,0.39152953224256637,6.0,5
GAMETES_Heterogeneity_20atts_1600_Het_0.4_0.2_50_EDM_2_001,6,cart_fixed,0.53,0.53,0.0020415252074599266,6.0,5
GAMETES_Heterogeneity_20atts_1600_Het_0.4_0.2_50_EDM_2_001,6,cart_mix10_100,0.6645000000000001,0.6645,3.2789198239333928,6.0,5
GAMETES_Heterogeneity_20atts_1600_Het_0.4_0.2_50_EDM_2_001,6,greedy100,0.64,0.64,1.39443796928972,6.0,5
GAMETES_Heterogeneity_20atts_1600_Het_0.4_0.2_50_EDM_2_001,6,greedy20,0.612,0.612,0.2724901589564979,6.0,5
GAMETES_Heterogeneity_20atts_1600_Het_0.4_0.2_50_EDM_2_001,6,greedy200,0.6475,0.6475,2.7805741750635207,6.0,5
GAMETES_Heterogeneity_20atts_1600_Het_0.4_0.2_50_EDM_2_001,6,mix05_100,0.6559999999999999,0.656,3.214676069840789,6.0,5
GAMETES_Heterogeneity_20atts_1600_Het_0.4_0.2_50_EDM_2_001,6,mix05_20,0.6325000000000001,0.6325000000000001,0.585486984346062,6.0,5
GAMETES_Heterogeneity_20atts_1600_Het_0.4_0.2_50_EDM_2_001,6,mix10_100,0.6639999999999999,0.6639999999999999,4.862599677871913,6.0,5
GAMETES_Heterogeneity_20atts_1600_Het_0.4_0.2_50_EDM_2_001,6,mix10_20,0.6455,0.6455,0.9060684844851494,6.0,5
GAMETES_Heterogeneity_20atts_1600_Het_0.4_0.2_50_EDM_2_001,6,mix25_100,0.673,0.673,9.772428702097386,6.0,5
GAMETES_Heterogeneity_20atts_1600_Het_0.4_0.2_50_EDM_2_001,6,mix25_20,0.6675,0.6675,1.8793333508074284,6.0,5
GAMETES_Heterogeneity_20atts_1600_Het_0.4_0.2_50_EDM_2_001,6,mix50_20,0.678,0.6779999999999999,3.5003866254352034,6.0,5
GAMETES_Heterogeneity_20atts_1600_Het_0.4_0.2_50_EDM_2_001,6,rf_sqrt_fixed,0.602,0.602,0.09824170805513859,6.0,5
GAMETES_Heterogeneity_20atts_1600_Het_0.4_0.2_50_EDM_2_001,6,sighted2_20,0.6965,0.6965,6.799344783369452,6.0,5
GAMETES_Heterogeneity_20atts_1600_Het_0.4_0.2_50_EDM_2_001,6,tree_k1,0.5305,0.5305,0.013066241610795259,6.0,5
GAMETES_Heterogeneity_20atts_1600_Het_0.4_0.2_50_EDM_2_001,6,tree_k2,0.67,0.6699999999999999,0.3501301416195929,6.0,5
GAMETES_Heterogeneity_20atts_1600_Het_0.4_0.2_50_EDM_2_001,None,cart_bag100,0.6265,0.6265,0.32927544238045814,20.064,5
GAMETES_Heterogeneity_20atts_1600_Het_0.4_0.2_50_EDM_2_001,None,cart_bag200,0.634,0.634,0.6555548324249685,20.037,5
GAMETES_Heterogeneity_20atts_1600_Het_0.4_0.2_50_EDM_2_001,None,cart_fixed,0.5665,0.5665,0.004045191686600447,24.8,5
GAMETES_Heterogeneity_20atts_1600_Het_0.4_0.2_50_EDM_2_001,None,cart_mix10_100,0.6405000000000001,0.6405,7.37996526490897,19.77,5
GAMETES_Heterogeneity_20atts_1600_Het_0.4_0.2_50_EDM_2_001,None,greedy100,0.624,0.624,4.329762586392462,20.006,5
GAMETES_Heterogeneity_20atts_1600_Het_0.4_0.2_50_EDM_2_001,None,greedy20,0.5980000000000001,0.5980000000000001,0.8820002911612391,20.240000000000002,5
GAMETES_Heterogeneity_20atts_1600_Het_0.4_0.2_50_EDM_2_001,None,greedy200,0.6275000000000001,0.6275000000000001,8.679673657286912,20.032999999999998,5
GAMETES_Heterogeneity_20atts_1600_Het_0.4_0.2_50_EDM_2_001,None,mix05_100,0.632,0.632,8.220319785829634,19.868000000000002,5
GAMETES_Heterogeneity_20atts_1600_Het_0.4_0.2_50_EDM_2_001,None,mix05_20,0.6060000000000001,0.6060000000000001,1.6104139330796898,20.110000000000003,5
GAMETES_Heterogeneity_20atts_1600_Het_0.4_0.2_50_EDM_2_001,None,mix10_100,0.6355000000000001,0.6355000000000001,12.016892860550433,19.708,5
GAMETES_Heterogeneity_20atts_1600_Het_0.4_0.2_50_EDM_2_001,None,mix10_20,0.6134999999999999,0.6134999999999999,2.3529439996927977,19.98,5
GAMETES_Heterogeneity_20atts_1600_Het_0.4_0.2_50_EDM_2_001,None,mix25_100,0.6595000000000001,0.6595,23.613347077090292,19.22,5
GAMETES_Heterogeneity_20atts_1600_Het_0.4_0.2_50_EDM_2_001,None,mix25_20,0.6305,0.6305,4.596194899640977,19.39,5
GAMETES_Heterogeneity_20atts_1600_Het_0.4_0.2_50_EDM_2_001,None,mix50_20,0.6485,0.6485,8.356955216638744,18.5,5
GAMETES_Heterogeneity_20atts_1600_Het_0.4_0.2_50_EDM_2_001,None,rf_sqrt_fixed,0.615,0.615,0.14527938347309827,22.192,5
GAMETES_Heterogeneity_20atts_1600_Het_0.4_0.2_50_EDM_2_001,None,sighted2_20,0.6685,0.6685000000000001,15.96270905872807,16.89,5
GAMETES_Heterogeneity_20atts_1600_Het_0.4_0.2_50_EDM_2_001,None,tree_k1,0.5715,0.5715,0.061757299955934285,25.0,5
GAMETES_Heterogeneity_20atts_1600_Het_0.4_0.2_50_EDM_2_001,None,tree_k2,0.6265,0.6265,1.025825541652739,18.2,5
GAMETES_Heterogeneity_20atts_1600_Het_0.4_0.2_75_EDM_2_001,3,cart_bag100,0.618,0.618,0.13751672403886914,3.0,5
GAMETES_Heterogeneity_20atts_1600_Het_0.4_0.2_75_EDM_2_001,3,cart_bag200,0.613,0.613,0.273129407223314,3.0,5
GAMETES_Heterogeneity_20atts_1600_Het_0.4_0.2_75_EDM_2_001,3,cart_fixed,0.48999999999999994,0.49000000000000005,0.0013899249956011773,3.0,5
GAMETES_Heterogeneity_20atts_1600_Het_0.4_0.2_75_EDM_2_001,3,cart_mix10_100,0.694,0.694,1.4369835945777596,3.0,5
GAMETES_Heterogeneity_20atts_1600_Het_0.4_0.2_75_EDM_2_001,3,cart_tuned,0.531,0.531,0.0032454490661621093,,5
GAMETES_Heterogeneity_20atts_1600_Het_0.4_0.2_75_EDM_2_001,3,greedy100,0.6165,0.6165,0.6765655333176255,3.0,5
GAMETES_Heterogeneity_20atts_1600_Het_0.4_0.2_75_EDM_2_001,3,greedy20,0.581,0.581,0.1350594164803624,3.0,5
GAMETES_Heterogeneity_20atts_1600_Het_0.4_0.2_75_EDM_2_001,3,greedy200,0.613,0.613,1.3537403024733066,3.0,5
GAMETES_Heterogeneity_20atts_1600_Het_0.4_0.2_75_EDM_2_001,3,majority,0.5,0.5,0.0,,5
GAMETES_Heterogeneity_20atts_1600_Het_0.4_0.2_75_EDM_2_001,3,mix05_100,0.665,0.665,1.3654083915986122,3.0,5
GAMETES_Heterogeneity_20atts_1600_Het_0.4_0.2_75_EDM_2_001,3,mix05_20,0.6295,0.6295,0.274541449919343,3.0,5
GAMETES_Heterogeneity_20atts_1600_Het_0.4_0.2_75_EDM_2_001,3,mix10_100,0.694,0.6940000000000001,2.0682149498723446,3.0,5
GAMETES_Heterogeneity_20atts_1600_Het_0.4_0.2_75_EDM_2_001,3,mix10_20,0.6735,0.6735,0.4151980082504451,3.0,5
GAMETES_Heterogeneity_20atts_1600_Het_0.4_0.2_75_EDM_2_001,3,mix25_100,0.7310000000000001,0.731,4.162670673057437,3.0,5
GAMETES_Heterogeneity_20atts_1600_Het_0.4_0.2_75_EDM_2_001,3,mix25_20,0.7235,0.7234999999999999,0.8359690750949085,3.0,5
GAMETES_Heterogeneity_20atts_1600_Het_0.4_0.2_75_EDM_2_001,3,mix50_20,0.7304999999999999,0.7304999999999999,1.5254243574105204,3.0,5
GAMETES_Heterogeneity_20atts_1600_Het_0.4_0.2_75_EDM_2_001,3,rf_sqrt_fixed,0.5445,0.5445,0.0862577248364687,3.0,5
GAMETES_Heterogeneity_20atts_1600_Het_0.4_0.2_75_EDM_2_001,3,rf_tuned,0.6719999999999999,0.6719999999999999,0.24772944450378417,,5
GAMETES_Heterogeneity_20atts_1600_Het_0.4_0.2_75_EDM_2_001,3,sighted2_20,0.7314999999999999,0.7315,2.9040367656387387,3.0,5
GAMETES_Heterogeneity_20atts_1600_Het_0.4_0.2_75_EDM_2_001,3,tree_k1,0.48999999999999994,0.49000000000000005,0.007961091212928295,3.0,5
GAMETES_Heterogeneity_20atts_1600_Het_0.4_0.2_75_EDM_2_001,3,tree_k2,0.7295,0.7295,0.1544353079982102,3.0,5
GAMETES_Heterogeneity_20atts_1600_Het_0.4_0.2_75_EDM_2_001,6,cart_bag100,0.6635,0.6635,0.2191210395656526,6.0,5
GAMETES_Heterogeneity_20atts_1600_Het_0.4_0.2_75_EDM_2_001,6,cart_bag200,0.6715,0.6715,0.436349930241704,6.0,5
GAMETES_Heterogeneity_20atts_1600_Het_0.4_0.2_75_EDM_2_001,6,cart_fixed,0.5135,0.5135,0.002158125024288893,6.0,5
GAMETES_Heterogeneity_20atts_1600_Het_0.4_0.2_75_EDM_2_001,6,cart_mix10_100,0.7055,0.7055,3.670267102215439,6.0,5
GAMETES_Heterogeneity_20atts_1600_Het_0.4_0.2_75_EDM_2_001,6,greedy100,0.6675,0.6675,1.5460919587872923,6.0,5
GAMETES_Heterogeneity_20atts_1600_Het_0.4_0.2_75_EDM_2_001,6,greedy20,0.63,0.63,0.30549060916528104,6.0,5
GAMETES_Heterogeneity_20atts_1600_Het_0.4_0.2_75_EDM_2_001,6,greedy200,0.6705,0.6705,3.1333819180727005,6.0,5
GAMETES_Heterogeneity_20atts_1600_Het_0.4_0.2_75_EDM_2_001,6,mix05_100,0.694,0.694,3.410049010068178,6.0,5
GAMETES_Heterogeneity_20atts_1600_Het_0.4_0.2_75_EDM_2_001,6,mix05_20,0.6525000000000001,0.6525000000000001,0.6746351337060332,6.0,5
GAMETES_Heterogeneity_20atts_1600_Het_0.4_0.2_75_EDM_2_001,6,mix10_100,0.7055,0.7055,5.318263942934573,6.0,5
GAMETES_Heterogeneity_20atts_1600_Het_0.4_0.2_75_EDM_2_001,6,mix10_20,0.665,0.665,1.0695424092002213,6.0,5
GAMETES_Heterogeneity_20atts_1600_Het_0.4_0.2_75_EDM_2_001,6,mix25_100,0.725,0.725,10.988876833580434,6.0,5
GAMETES_Heterogeneity_20atts_1600_Het_0.4_0.2_75_EDM_2_001,6,mix25_20,0.7005,0.7005000000000001,2.204648834746331,6.0,5
GAMETES_Heterogeneity_20atts_1600_Het_0.4_0.2_75_EDM_2_001,6,mix50_20,0.7215,0.7215,4.1200483666732906,6.0,5
GAMETES_Heterogeneity_20atts_1600_Het_0.4_0.2_75_EDM_2_001,6,rf_sqrt_fixed,0.6134999999999999,0.6134999999999999,0.10025950009003282,6.0,5
GAMETES_Heterogeneity_20atts_1600_Het_0.4_0.2_75_EDM_2_001,6,sighted2_20,0.726,0.726,7.9300153739750385,6.0,5
GAMETES_Heterogeneity_20atts_1600_Het_0.4_0.2_75_EDM_2_001,6,tree_k1,0.5135,0.5135,0.014277358166873455,6.0,5
GAMETES_Heterogeneity_20atts_1600_Het_0.4_0.2_75_EDM_2_001,6,tree_k2,0.713,0.713,0.38845608336851,6.0,5
GAMETES_Heterogeneity_20atts_1600_Het_0.4_0.2_75_EDM_2_001,None,cart_bag100,0.6609999999999999,0.661,0.3415217973291874,18.344,5
GAMETES_Heterogeneity_20atts_1600_Het_0.4_0.2_75_EDM_2_001,None,cart_bag200,0.6645,0.6645,0.6846866711042822,18.363,5
GAMETES_Heterogeneity_20atts_1600_Het_0.4_0.2_75_EDM_2_001,None,cart_fixed,0.556,0.556,0.004042508173733949,21.8,5
GAMETES_Heterogeneity_20atts_1600_Het_0.4_0.2_75_EDM_2_001,None,cart_mix10_100,0.6759999999999999,0.6759999999999999,8.92898165769875,18.248,5
GAMETES_Heterogeneity_20atts_1600_Het_0.4_0.2_75_EDM_2_001,None,greedy100,0.649,0.649,4.564467768836766,18.35,5
GAMETES_Heterogeneity_20atts_1600_Het_0.4_0.2_75_EDM_2_001,None,greedy20,0.6365000000000001,0.6365000000000001,0.9371734095737339,18.240000000000002,5
GAMETES_Heterogeneity_20atts_1600_Het_0.4_0.2_75_EDM_2_001,None,greedy200,0.665,0.665,9.112148441374302,18.366999999999997,5
GAMETES_Heterogeneity_20atts_1600_Het_0.4_0.2_75_EDM_2_001,None,mix05_100,0.6615,0.6615,9.40268465988338,18.304,5
GAMETES_Heterogeneity_20atts_1600_Het_0.4_0.2_75_EDM_2_001,None,mix05_20,0.647,0.647,1.9214863763190806,18.14,5
GAMETES_Heterogeneity_20atts_1600_Het_0.4_0.2_75_EDM_2_001,None,mix10_100,0.6759999999999999,0.6759999999999999,14.079264976922422,18.246,5
GAMETES_Heterogeneity_20atts_1600_Het_0.4_0.2_75_EDM_2_001,None,mix10_20,0.654,0.654,2.8673888015560807,18.15,5
GAMETES_Heterogeneity_20atts_1600_Het_0.4_0.2_75_EDM_2_001,None,mix25_100,0.7060000000000001,0.7060000000000001,28.13370163468644,18.05,5
GAMETES_Heterogeneity_20atts_1600_Het_0.4_0.2_75_EDM_2_001,None,mix25_20,0.675,0.675,5.671842201333493,17.889999999999997,5
GAMETES_Heterogeneity_20atts_1600_Het_0.4_0.2_75_EDM_2_001,None,mix50_20,0.6990000000000001,0.6990000000000001,10.313098700437695,17.79,5
GAMETES_Heterogeneity_20atts_1600_Het_0.4_0.2_75_EDM_2_001,None,rf_sqrt_fixed,0.655,0.655,0.15471613314002752,20.566,5
GAMETES_Heterogeneity_20atts_1600_Het_0.4_0.2_75_EDM_2_001,None,sighted2_20,0.7205,0.7205,19.769101508706807,17.34,5
GAMETES_Heterogeneity_20atts_1600_Het_0.4_0.2_75_EDM_2_001,None,tree_k1,0.545,0.545,0.06621473338454961,21.4,5
GAMETES_Heterogeneity_20atts_1600_Het_0.4_0.2_75_EDM_2_001,None,tree_k2,0.634,0.634,1.3558682250790297,19.4,5
analcatdata_aids,3,cart_bag100,0.5846153846153845,0.588095238095238,0.03844968369230628,3.0,5
analcatdata_aids,3,cart_bag200,0.6,0.6071428571428571,0.07526779267936945,3.0,5
analcatdata_aids,3,cart_fixed,0.6,0.6095238095238095,0.0004409332759678364,3.0,5
analcatdata_aids,3,cart_mix10_100,0.5846153846153846,0.588095238095238,0.11508990488946438,3.0,5
analcatdata_aids,3,cart_tuned,0.6,0.6095238095238095,0.00042786598205566404,,5
analcatdata_aids,3,greedy100,0.6,0.6023809523809524,0.05604005623608828,3.0,5
analcatdata_aids,3,greedy20,0.6,0.6,0.011900042649358511,3.0,5
analcatdata_aids,3,greedy200,0.6,0.6047619047619047,0.11131648244336248,3.0,5
analcatdata_aids,3,majority,0.46153846153846156,0.5,0.0,,5
analcatdata_aids,3,mix05_100,0.6,0.6023809523809524,0.08288224767893553,3.0,5
analcatdata_aids,3,mix05_20,0.6,0.6,0.015918500907719135,3.0,5
analcatdata_aids,3,mix10_100,0.6,0.6047619047619047,0.10860333889722824,3.0,5
analcatdata_aids,3,mix10_20,0.6,0.6,0.02143600080162287,3.0,5
analcatdata_aids,3,mix25_100,0.6,0.6047619047619047,0.18580801580101253,3.0,5
analcatdata_aids,3,mix25_20,0.6307692307692307,0.6357142857142857,0.03667055051773786,3.0,5
analcatdata_aids,3,mix50_20,0.6,0.6047619047619047,0.06253782529383897,3.0,5
analcatdata_aids,3,rf_sqrt_fixed,0.5384615384615385,0.5452380952380953,0.05833933344110846,3.0,5
analcatdata_aids,3,rf_tuned,0.6153846153846154,0.6214285714285713,0.051138877868652344,,5
analcatdata_aids,3,sighted2_20,0.7076923076923076,0.7166666666666667,0.11440886547788978,3.0,5
analcatdata_aids,3,tree_k1,0.6,0.6095238095238095,0.000992099940776825,3.0,5
analcatdata_aids,3,tree_k2,0.6615384615384615,0.6690476190476191,0.01257411651313305,3.0,5
analcatdata_aids,6,cart_bag100,0.5846153846153846,0.5928571428571429,0.039133033342659475,5.2780000000000005,5
analcatdata_aids,6,cart_bag200,0.6,0.6071428571428571,0.0755187720991671,5.264,5
analcatdata_aids,6,cart_fixed,0.5846153846153845,0.588095238095238,0.0005748417228460312,5.4,5
analcatdata_aids,6,cart_mix10_100,0.5846153846153846,0.5928571428571429,0.14490163726732136,5.343999999999999,5
analcatdata_aids,6,greedy100,0.5846153846153846,0.5880952380952381,0.07391257360577583,5.276000000000001,5
analcatdata_aids,6,greedy20,0.6461538461538462,0.6547619047619048,0.016656915098428725,5.36,5
analcatdata_aids,6,greedy200,0.6,0.6047619047619047,0.14649669248610736,5.267,5
analcatdata_aids,6,mix05_100,0.5538461538461539,0.5595238095238095,0.11047451552003622,5.308,5
analcatdata_aids,6,mix05_20,0.6461538461538462,0.6547619047619048,0.021904889866709708,5.41,5
analcatdata_aids,6,mix10_100,0.5538461538461539,0.5595238095238095,0.14791794009506704,5.34,5
analcatdata_aids,6,mix10_20,0.6307692307692307,0.6404761904761904,0.029391798190772533,5.42,5
analcatdata_aids,6,mix25_100,0.5384615384615385,0.5452380952380953,0.2599331493489444,5.4399999999999995,5
analcatdata_aids,6,mix25_20,0.5384615384615385,0.5428571428571429,0.05155903995037079,5.529999999999999,5
analcatdata_aids,6,mix50_20,0.46153846153846156,0.4666666666666666,0.08640859071165323,5.67,5
analcatdata_aids,6,rf_sqrt_fixed,0.5692307692307692,0.5761904761904761,0.05557891670614481,5.5920000000000005,5
analcatdata_aids,6,sighted2_20,0.26153846153846155,0.26666666666666666,0.15557928383350372,5.99,5
analcatdata_aids,6,tree_k1,0.5846153846153845,0.588095238095238,0.0011014332994818687,5.4,5
analcatdata_aids,6,tree_k2,0.4,0.4023809523809524,0.015398683398962021,6.0,5
analcatdata_aids,None,cart_bag100,0.5846153846153846,0.5928571428571429,0.03993614055216312,5.418,5
analcatdata_aids,None,cart_bag200,0.5846153846153846,0.5904761904761905,0.07941351644694805,5.41,5
analcatdata_aids,None,cart_fixed,0.5846153846153845,0.588095238095238,0.0005025086924433708,6.0,5
analcatdata_aids,None,cart_mix10_100,0.5846153846153846,0.5928571428571429,0.13377865543588996,5.564,5
analcatdata_aids,None,greedy100,0.5846153846153846,0.5880952380952381,0.07362586008384824,5.412000000000001,5
analcatdata_aids,None,greedy20,0.6615384615384616,0.6714285714285715,0.015439191553741693,5.48,5
analcatdata_aids,None,greedy200,0.6,0.6047619047619047,0.14521531583741307,5.4079999999999995,5
analcatdata_aids,None,mix05_100,0.5538461538461539,0.5595238095238095,0.11178342662751675,5.492,5
analcatdata_aids,None,mix05_20,0.6461538461538462,0.6547619047619048,0.022039074823260306,5.54,5
analcatdata_aids,None,mix10_100,0.5692307692307692,0.5738095238095238,0.1497183432802558,5.5600000000000005,5
analcatdata_aids,None,mix10_20,0.6307692307692307,0.6404761904761904,0.029506732895970344,5.6,5
analcatdata_aids,None,mix25_100,0.5384615384615385,0.5452380952380953,0.26968445871025326,5.79,5
analcatdata_aids,None,mix25_20,0.5538461538461539,0.5595238095238095,0.052576482947915795,5.82,5
analcatdata_aids,None,mix50_20,0.4153846153846154,0.4166666666666667,0.0901401488110423,6.18,5
analcatdata_aids,None,rf_sqrt_fixed,0.5692307692307692,0.5761904761904761,0.059939033538103106,6.128,5
analcatdata_aids,None,sighted2_20,0.24615384615384617,0.25,0.16438771625980736,6.82,5
analcatdata_aids,None,tree_k1,0.5846153846153845,0.588095238095238,0.0010579331777989865,5.8,5
analcatdata_aids,None,tree_k2,0.26153846153846155,0.26190476190476186,0.016601991653442384,7.6,5
analcatdata_asbestos,3,cart_bag100,0.7142857142857142,0.7,0.03520746463909745,3.0,5
analcatdata_asbestos,3,cart_bag200,0.7142857142857142,0.7,0.07021293416619301,3.0,5
analcatdata_asbestos,3,cart_fixed,0.7142857142857142,0.7055555555555555,0.0004083750769495964,3.0,5
analcatdata_asbestos,3,cart_mix10_100,0.7333333333333333,0.7222222222222222,0.06945656975731254,3.0,5
analcatdata_asbestos,3,cart_tuned,0.7333333333333333,0.7222222222222222,0.00039663314819335935,,5
analcatdata_asbestos,3,greedy100,0.7142857142857142,0.7,0.056197565793991086,3.0,5
analcatdata_asbestos,3,greedy20,0.6952380952380952,0.6805555555555556,0.012276184000074863,3.0,5
analcatdata_asbestos,3,greedy200,0.7047619047619047,0.6916666666666667,0.11512380074709654,3.0,5
analcatdata_asbestos,3,majority,0.5714285714285714,0.5,0.0,,5
analcatdata_asbestos,3,mix05_100,0.7333333333333333,0.7222222222222222,0.06984727485105395,3.0,5
analcatdata_asbestos,3,mix05_20,0.6857142857142857,0.6694444444444445,0.015746425185352565,3.0,5
analcatdata_asbestos,3,mix10_100,0.7333333333333333,0.7222222222222222,0.08468402456492186,3.0,5
analcatdata_asbestos,3,mix10_20,0.6857142857142857,0.6694444444444445,0.017944808676838876,3.0,5
analcatdata_asbestos,3,mix25_100,0.7238095238095238,0.7138888888888889,0.1241989585570991,3.0,5
analcatdata_asbestos,3,mix25_20,0.6952380952380952,0.6833333333333333,0.026733899582177402,3.0,5
analcatdata_asbestos,3,mix50_20,0.6952380952380952,0.6805555555555556,0.04014127515256405,3.0,5
analcatdata_asbestos,3,rf_sqrt_fixed,0.7428571428571429,0.7305555555555555,0.05534147489815951,3.0,5
analcatdata_asbestos,3,rf_tuned,0.7428571428571429,0.7305555555555555,0.0484041690826416,,5
analcatdata_asbestos,3,sighted2_20,0.7238095238095238,0.711111111111111,0.06480714241042733,3.0,5
analcatdata_asbestos,3,tree_k1,0.7142857142857142,0.7055555555555555,0.0007736329920589924,3.0,5
analcatdata_asbestos,3,tree_k2,0.6380952380952382,0.6305555555555555,0.0061072085052728655,3.0,5
analcatdata_asbestos,6,cart_bag100,0.7333333333333333,0.7194444444444444,0.03686651457101107,5.574,5
analcatdata_asbestos,6,cart_bag200,0.7428571428571429,0.7305555555555555,0.07306662239134312,5.564,5
analcatdata_asbestos,6,cart_fixed,0.7333333333333333,0.7166666666666666,0.00039739171043038366,6.0,5
analcatdata_asbestos,6,cart_mix10_100,0.7333333333333333,0.7194444444444444,0.08745278194546699,5.606,5
analcatdata_asbestos,6,greedy100,0.7333333333333333,0.7194444444444444,0.07798039885237813,5.576,5
analcatdata_asbestos,6,greedy20,0.7238095238095238,0.7083333333333333,0.016507507860660554,5.45,5
analcatdata_asbestos,6,greedy200,0.7619047619047619,0.7472222222222221,0.15238159066066145,5.566,5
analcatdata_asbestos,6,mix05_100,0.7333333333333333,0.7194444444444444,0.09540548278018832,5.59,5
analcatdata_asbestos,6,mix05_20,0.7428571428571429,0.7305555555555555,0.020380332600325346,5.4799999999999995,5
analcatdata_asbestos,6,mix10_100,0.7238095238095238,0.711111111111111,0.11719244085252285,5.608,5
analcatdata_asbestos,6,mix10_20,0.7428571428571429,0.7305555555555555,0.023896941170096397,5.51,5
analcatdata_asbestos,6,mix25_100,0.7428571428571429,0.7277777777777777,0.17639194009825587,5.6579999999999995,5
analcatdata_asbestos,6,mix25_20,0.7619047619047619,0.7472222222222221,0.03404334904626012,5.61,5
analcatdata_asbestos,6,mix50_20,0.7238095238095238,0.7083333333333333,0.0543634488247335,5.76,5
analcatdata_asbestos,6,rf_sqrt_fixed,0.7714285714285715,0.7666666666666666,0.05284603303298354,5.786,5
analcatdata_asbestos,6,sighted2_20,0.6952380952380952,0.6777777777777778,0.0909879987128079,5.99,5
analcatdata_asbestos,6,tree_k1,0.7333333333333333,0.7194444444444444,0.0013971084728837014,6.0,5
analcatdata_asbestos,6,tree_k2,0.6857142857142857,0.6722222222222222,0.008540599886327983,6.0,5
analcatdata_asbestos,None,cart_bag100,0.7523809523809524,0.736111111111111,0.03834014236927032,6.226,5
analcatdata_asbestos,None,cart_bag200,0.7428571428571429,0.7277777777777777,0.07352988701313734,6.181,5
analcatdata_asbestos,None,cart_fixed,0.7428571428571429,0.7194444444444443,0.00043399175629019735,8.4,5
analcatdata_asbestos,None,cart_mix10_100,0.7428571428571429,0.7277777777777777,0.08786015883088112,6.586,5
analcatdata_asbestos,None,greedy100,0.7523809523809524,0.736111111111111,0.08184021767228841,6.2219999999999995,5
analcatdata_asbestos,None,greedy20,0.7333333333333333,0.7138888888888888,0.016010992228984833,6.1,5
analcatdata_asbestos,None,greedy200,0.7428571428571429,0.7277777777777777,0.15872988561168314,6.183,5
analcatdata_asbestos,None,mix05_100,0.7428571428571429,0.7277777777777777,0.10364568373188376,6.4159999999999995,5
analcatdata_asbestos,None,mix05_20,0.7333333333333333,0.7138888888888888,0.020831783581525088,6.2299999999999995,5
analcatdata_asbestos,None,mix10_100,0.7428571428571429,0.7277777777777777,0.1255221664905548,6.5840000000000005,5
analcatdata_asbestos,None,mix10_20,0.7333333333333333,0.7138888888888888,0.024301416426897048,6.35,5
analcatdata_asbestos,None,mix25_100,0.7428571428571429,0.7277777777777777,0.190623564645648,7.186,5
analcatdata_asbestos,None,mix25_20,0.7333333333333333,0.7138888888888888,0.03524506613612175,6.87,5
analcatdata_asbestos,None,mix50_20,0.7142857142857142,0.6972222222222222,0.055497199203819035,7.959999999999999,5
analcatdata_asbestos,None,rf_sqrt_fixed,0.7333333333333333,0.7194444444444444,0.05303371688351035,6.553999999999999,5
analcatdata_asbestos,None,sighted2_20,0.6952380952380952,0.6777777777777778,0.10202960772439837,10.19,5
analcatdata_asbestos,None,tree_k1,0.7333333333333333,0.7138888888888888,0.0014067498967051506,8.4,5
analcatdata_asbestos,None,tree_k2,0.6761904761904762,0.6638888888888889,0.009385600034147502,13.4,5
analcatdata_bankruptcy,3,cart_bag100,0.8153846153846154,0.8142857142857143,0.0502286184579134,2.5460000000000003,5
analcatdata_bankruptcy,3,cart_bag200,0.8153846153846154,0.8142857142857143,0.09663781980052591,2.539,5
analcatdata_bankruptcy,3,cart_fixed,0.8307692307692308,0.8333333333333334,0.0005833749659359455,3.0,5
analcatdata_bankruptcy,3,cart_mix10_100,0.8153846153846154,0.8142857142857143,0.4318020883947611,2.6079999999999997,5
analcatdata_bankruptcy,3,cart_tuned,0.8461538461538461,0.85,0.00040688514709472654,,5
analcatdata_bankruptcy,3,greedy100,0.8615384615384615,0.8619047619047618,0.06957847038283944,2.5460000000000003,5
analcatdata_bankruptcy,3,greedy20,0.8461538461538461,0.8452380952380952,0.01409058403223753,2.56,5
analcatdata_bankruptcy,3,greedy200,0.8461538461538461,0.8476190476190476,0.1391373042948544,2.538,5
analcatdata_bankruptcy,3,majority,0.46153846153846156,0.5,0.0,,5
analcatdata_bankruptcy,3,mix05_100,0.8615384615384615,0.8619047619047618,0.22831198628991842,2.5740000000000003,5
analcatdata_bankruptcy,3,mix05_20,0.8461538461538461,0.8428571428571429,0.0384211921133101,2.59,5
analcatdata_bankruptcy,3,mix10_100,0.8615384615384615,0.8619047619047618,0.3858367600478232,2.6079999999999997,5
analcatdata_bankruptcy,3,mix10_20,0.8461538461538461,0.8428571428571429,0.06612450834363699,2.6,5
analcatdata_bankruptcy,3,mix25_100,0.8153846153846154,0.8142857142857143,0.8593776749446989,2.656,5
analcatdata_bankruptcy,3,mix25_20,0.8461538461538461,0.8428571428571429,0.1611553498543799,2.6799999999999997,5
analcatdata_bankruptcy,3,mix50_20,0.8153846153846154,0.8142857142857143,0.30966267473995684,2.79,5
analcatdata_bankruptcy,3,rf_sqrt_fixed,0.8307692307692308,0.830952380952381,0.07187091689556838,2.7920000000000003,5
analcatdata_bankruptcy,3,rf_tuned,0.8,0.8,0.05692367553710938,,5
analcatdata_bankruptcy,3,sighted2_20,0.8307692307692308,0.8333333333333334,0.6118486995808781,3.0,5
analcatdata_bankruptcy,3,tree_k1,0.7846153846153847,0.7857142857142858,0.0010853413492441177,3.0,5
analcatdata_bankruptcy,3,tree_k2,0.8,0.8,0.06377199180424213,3.0,5
analcatdata_bankruptcy,6,cart_bag100,0.8153846153846154,0.8142857142857143,0.048274217545986174,2.748,5
analcatdata_bankruptcy,6,cart_bag200,0.8153846153846154,0.8142857142857143,0.09335668608546258,2.7560000000000002,5
analcatdata_bankruptcy,6,cart_fixed,0.8461538461538461,0.8476190476190476,0.0006350749172270298,3.4,5
analcatdata_bankruptcy,6,cart_mix10_100,0.8,0.8,0.7417750667780638,3.094,5
analcatdata_bankruptcy,6,greedy100,0.8615384615384615,0.8619047619047618,0.07155015906319022,2.75,5
analcatdata_bankruptcy,6,greedy20,0.876923076923077,0.8761904761904763,0.014366332907229662,2.77,5
analcatdata_bankruptcy,6,greedy200,0.8461538461538461,0.8476190476190476,0.1427447970956564,2.755,5
analcatdata_bankruptcy,6,mix05_100,0.8615384615384615,0.8619047619047618,0.3467759589664638,2.9219999999999997,5
analcatdata_bankruptcy,6,mix05_20,0.876923076923077,0.8761904761904763,0.05346399964764714,2.95,5
analcatdata_bankruptcy,6,mix10_100,0.8461538461538461,0.8476190476190476,0.6158396339975297,3.098,5
analcatdata_bankruptcy,6,mix10_20,0.8461538461538461,0.8428571428571429,0.09696371657773853,3.1100000000000003,5
analcatdata_bankruptcy,6,mix25_100,0.8153846153846154,0.8166666666666667,1.4114151986315846,3.562,5
analcatdata_bankruptcy,6,mix25_20,0.8615384615384615,0.8595238095238095,0.27189655024558307,3.6,5
analcatdata_bankruptcy,6,mix50_20,0.8153846153846154,0.8166666666666667,0.51959984973073,4.42,5
analcatdata_bankruptcy,6,rf_sqrt_fixed,0.8307692307692308,0.8285714285714286,0.06922460859641433,3.532,5
analcatdata_bankruptcy,6,sighted2_20,0.7692307692307693,0.7714285714285715,1.0471783500164746,5.99,5
analcatdata_bankruptcy,6,tree_k1,0.8307692307692308,0.8333333333333334,0.0009507747367024421,3.4,5
analcatdata_bankruptcy,6,tree_k2,0.8,0.7976190476190477,0.10115939192473888,6.0,5
analcatdata_bankruptcy,None,cart_bag100,0.8153846153846154,0.8142857142857143,0.04597362382337451,2.748,5
analcatdata_bankruptcy,None,cart_bag200,0.8153846153846154,0.8142857142857143,0.09243215974420309,2.7560000000000002,5
analcatdata_bankruptcy,None,cart_fixed,0.8461538461538461,0.8476190476190476,0.0005506750196218491,3.4,5
analcatdata_bankruptcy,None,cart_mix10_100,0.8,0.8,1.1148415924981236,4.016,5
analcatdata_bankruptcy,None,greedy100,0.8615384615384615,0.8619047619047618,0.07798818331211806,2.75,5
analcatdata_bankruptcy,None,greedy20,0.876923076923077,0.8761904761904763,0.01605496518313885,2.77,5
analcatdata_bankruptcy,None,greedy200,0.8461538461538461,0.8476190476190476,0.15451357504352928,2.755,5
analcatdata_bankruptcy,None,mix05_100,0.8615384615384615,0.8619047619047618,0.5483065505512059,3.432,5
analcatdata_bankruptcy,None,mix05_20,0.8307692307692308,0.8285714285714285,0.07457566550001501,3.25,5
analcatdata_bankruptcy,None,mix10_100,0.8461538461538461,0.8476190476190476,0.9801849258132279,4.0200000000000005,5
analcatdata_bankruptcy,None,mix10_20,0.8461538461538461,0.8428571428571429,0.15225566560402512,3.7299999999999995,5
analcatdata_bankruptcy,None,mix25_100,0.8153846153846154,0.8166666666666667,2.237179641518742,5.7299999999999995,5
analcatdata_bankruptcy,None,mix25_20,0.8,0.7976190476190477,0.48913254076614976,5.86,5
analcatdata_bankruptcy,None,mix50_20,0.7846153846153847,0.7833333333333333,0.8882788575254381,8.540000000000001,5
analcatdata_bankruptcy,None,rf_sqrt_fixed,0.8307692307692308,0.8285714285714286,0.07306897519156337,3.5380000000000003,5
analcatdata_bankruptcy,None,sighted2_20,0.5538461538461539,0.5547619047619048,1.7128919908776878,14.24,5
analcatdata_bankruptcy,None,tree_k1,0.8307692307692308,0.8333333333333334,0.0011004246771335602,3.4,5
analcatdata_bankruptcy,None,tree_k2,0.6,0.5976190476190476,0.179515574965626,19.0,5
analcatdata_boxing1,3,cart_bag100,0.7666666666666667,0.7239234449760765,0.037162633053958415,3.0,5
analcatdata_boxing1,3,cart_bag200,0.7666666666666667,0.716267942583732,0.07355664316564799,3.0,5
analcatdata_boxing1,3,cart_fixed,0.6466666666666667,0.6062200956937799,0.000402150209993124,3.0,5
analcatdata_boxing1,3,cart_mix10_100,0.78,0.7382775119617224,0.06115416148677468,3.0,5
analcatdata_boxing1,3,cart_tuned,0.76,0.75311004784689,0.00031027793884277346,,5
analcatdata_boxing1,3,greedy100,0.7666666666666667,0.7239234449760765,0.054979558754712346,3.0,5
analcatdata_boxing1,3,greedy20,0.7733333333333333,0.7253588516746412,0.01146315960213542,3.0,5
analcatdata_boxing1,3,greedy200,0.7666666666666667,0.716267942583732,0.10789490817114711,3.0,5
analcatdata_boxing1,3,majority,0.6333333333333333,0.5,0.0,,5
analcatdata_boxing1,3,mix05_100,0.78,0.7382775119617224,0.06427049962803721,3.0,5
analcatdata_boxing1,3,mix05_20,0.78,0.7344497607655501,0.013043859507888556,3.0,5
analcatdata_boxing1,3,mix10_100,0.78,0.7382775119617224,0.07406907444819807,3.0,5
analcatdata_boxing1,3,mix10_20,0.7733333333333333,0.7253588516746412,0.015081601403653621,3.0,5
analcatdata_boxing1,3,mix25_100,0.7866666666666667,0.7473684210526315,0.10223457291722297,3.0,5
analcatdata_boxing1,3,mix25_20,0.7866666666666667,0.7435406698564593,0.019649042189121245,3.0,5
analcatdata_boxing1,3,mix50_20,0.78,0.745933014354067,0.02836019154638052,3.0,5
analcatdata_boxing1,3,rf_sqrt_fixed,0.6866666666666666,0.607177033492823,0.052040658239275214,3.0,5
analcatdata_boxing1,3,rf_tuned,0.7866666666666667,0.7511961722488038,0.05133204460144043,,5
analcatdata_boxing1,3,sighted2_20,0.7866666666666666,0.7473684210526316,0.047106949146836996,3.0,5
analcatdata_boxing1,3,tree_k1,0.6466666666666667,0.6062200956937799,0.0005783166736364365,3.0,5
analcatdata_boxing1,3,tree_k2,0.7866666666666666,0.7626794258373206,0.0021664083935320376,3.0,5
analcatdata_boxing1,6,cart_bag100,0.8066666666666666,0.7746411483253588,0.0360381823964417,5.994,5
analcatdata_boxing1,6,cart_bag200,0.8,0.769377990430622,0.07197736948728561,5.992,5
analcatdata_boxing1,6,cart_fixed,0.7933333333333333,0.7679425837320574,0.00042057475075125695,6.0,5
analcatdata_boxing1,6,cart_mix10_100,0.7866666666666667,0.755023923444976,0.08538423348218202,5.994,5
analcatdata_boxing1,6,greedy100,0.8066666666666666,0.7746411483253588,0.0911043512634933,5.994,5
analcatdata_boxing1,6,greedy20,0.8,0.7732057416267942,0.019338859245181084,5.9799999999999995,5
analcatdata_boxing1,6,greedy200,0.7933333333333333,0.7641148325358851,0.18526125308126212,5.993,5
analcatdata_boxing1,6,mix05_100,0.8,0.769377990430622,0.10920004332438112,5.994,5
analcatdata_boxing1,6,mix05_20,0.7933333333333333,0.7679425837320574,0.02260677618905902,5.9799999999999995,5
analcatdata_boxing1,6,mix10_100,0.7933333333333333,0.7641148325358851,0.12779433513060212,5.994,5
analcatdata_boxing1,6,mix10_20,0.7733333333333333,0.7444976076555024,0.025855893082916737,5.9799999999999995,5
analcatdata_boxing1,6,mix25_100,0.7866666666666667,0.7588516746411483,0.18411891860887408,5.994,5
analcatdata_boxing1,6,mix25_20,0.76,0.7263157894736841,0.03689314238727093,5.9799999999999995,5
analcatdata_boxing1,6,mix50_20,0.7533333333333333,0.7210526315789474,0.05449433298781514,5.99,5
analcatdata_boxing1,6,rf_sqrt_fixed,0.72,0.6794258373205742,0.05466290852054954,6.0,5
analcatdata_boxing1,6,sighted2_20,0.7066666666666667,0.6727272727272727,0.0936158487573266,6.0,5
analcatdata_boxing1,6,tree_k1,0.78,0.7574162679425838,0.00116884158924222,6.0,5
analcatdata_boxing1,6,tree_k2,0.64,0.6009569377990431,0.005564166605472565,6.0,5
analcatdata_boxing1,None,cart_bag100,0.76,0.737799043062201,0.03670835066586733,8.172,5
analcatdata_boxing1,None,cart_bag200,0.7666666666666667,0.7430622009569378,0.07373860906809568,8.146,5
analcatdata_boxing1,None,cart_fixed,0.7466666666666667,0.7311004784688995,0.00045876652002334594,9.4,5
analcatdata_boxing1,None,cart_mix10_100,0.76,0.7339712918660287,0.09741738252341747,8.362,5
analcatdata_boxing1,None,greedy100,0.7733333333333333,0.7521531100478469,0.11277991477400065,8.138,5
analcatdata_boxing1,None,greedy20,0.8,0.7808612440191387,0.026149331033229826,7.93,5
analcatdata_boxing1,None,greedy200,0.7866666666666667,0.7665071770334928,0.22010577321052552,8.116,5
analcatdata_boxing1,None,mix05_100,0.78,0.7574162679425838,0.1329953816719353,8.212,5
analcatdata_boxing1,None,mix05_20,0.7933333333333333,0.775598086124402,0.030512164533138274,8.03,5
analcatdata_boxing1,None,mix10_100,0.7733333333333333,0.7483253588516746,0.15816242499276995,8.331999999999999,5
analcatdata_boxing1,None,mix10_20,0.7933333333333333,0.7717703349282297,0.03484238954260945,8.09,5
analcatdata_boxing1,None,mix25_100,0.7933333333333333,0.7717703349282297,0.2225279573351145,8.594,5
analcatdata_boxing1,None,mix25_20,0.7466666666666667,0.708133971291866,0.04937028037384152,8.49,5
analcatdata_boxing1,None,mix50_20,0.6933333333333334,0.6545454545454545,0.06865134043619037,8.9,5
analcatdata_boxing1,None,rf_sqrt_fixed,0.7266666666666667,0.7,0.05447351671755314,8.448,5
analcatdata_boxing1,None,sighted2_20,0.6333333333333333,0.5918660287081339,0.11217182548716664,9.709999999999999,5
analcatdata_boxing1,None,tree_k1,0.7533333333333333,0.7401913875598086,0.001505016814917326,9.4,5
analcatdata_boxing1,None,tree_k2,0.6399999999999999,0.6047846889952153,0.0073056665249168875,10.8,5
analcatdata_boxing2,3,cart_bag100,0.7636363636363637,0.75,0.03542608916759491,3.0,5
analcatdata_boxing2,3,cart_bag200,0.7696969696969698,0.7555555555555555,0.07026178976520896,3.0,5
analcatdata_boxing2,3,cart_fixed,0.7818181818181819,0.7666666666666666,0.00047894176095724105,3.0,5
analcatdata_boxing2,3,cart_mix10_100,0.793939393939394,0.7822222222222222,0.06467516589909791,3.0,5
analcatdata_boxing2,3,cart_tuned,0.7818181818181819,0.7677777777777777,0.0003189563751220703,,5
analcatdata_boxing2,3,greedy100,0.7575757575757576,0.7444444444444445,0.06281189294531941,3.0,5
analcatdata_boxing2,3,greedy20,0.7515151515151516,0.7388888888888889,0.013390983548015356,3.0,5
analcatdata_boxing2,3,greedy200,0.7818181818181819,0.768888888888889,0.1264185688458383,3.0,5
analcatdata_boxing2,3,majority,0.5454545454545454,0.5,0.0,,5
analcatdata_boxing2,3,mix05_100,0.7757575757575758,0.7622222222222221,0.0724750004708767,3.0,5
analcatdata_boxing2,3,mix05_20,0.7515151515151516,0.7411111111111112,0.015154142025858163,3.0,5
analcatdata_boxing2,3,mix10_100,0.793939393939394,0.7822222222222222,0.08378900801762938,3.0,5
analcatdata_boxing2,3,mix10_20,0.7515151515151516,0.74,0.017028800398111343,3.0,5
analcatdata_boxing2,3,mix25_100,0.7878787878787878,0.7766666666666666,0.11616712603718042,3.0,5
analcatdata_boxing2,3,mix25_20,0.7757575757575758,0.7655555555555555,0.022647208347916604,3.0,5
analcatdata_boxing2,3,mix50_20,0.7696969696969698,0.758888888888889,0.03493735007941723,3.0,5
analcatdata_boxing2,3,rf_sqrt_fixed,0.696969696969697,0.6777777777777778,0.05147944986820221,3.0,5
analcatdata_boxing2,3,rf_tuned,0.7515151515151516,0.7377777777777779,0.053360795974731444,,5
analcatdata_boxing2,3,sighted2_20,0.7636363636363637,0.7544444444444445,0.05450604250654578,3.0,5
analcatdata_boxing2,3,tree_k1,0.7818181818181819,0.7666666666666666,0.0006493165157735348,3.0,5
analcatdata_boxing2,3,tree_k2,0.7696969696969698,0.7611111111111112,0.002541658468544483,3.0,5
analcatdata_boxing2,6,cart_bag100,0.7515151515151516,0.7455555555555555,0.03620387623086572,6.0,5
analcatdata_boxing2,6,cart_bag200,0.7515151515151516,0.7444444444444445,0.07163551859557629,6.0,5
analcatdata_boxing2,6,cart_fixed,0.7393939393939395,0.7322222222222222,0.00047524990513920785,6.0,5
analcatdata_boxing2,6,cart_mix10_100,0.7454545454545455,0.7388888888888889,0.09491041023284197,6.0,5
analcatdata_boxing2,6,greedy100,0.7454545454545455,0.7388888888888889,0.10632854122668504,6.0,5
analcatdata_boxing2,6,greedy20,0.7333333333333334,0.7277777777777777,0.02365105114877224,6.0,5
analcatdata_boxing2,6,greedy200,0.7515151515151516,0.7444444444444445,0.2093590224161744,6.0,5
analcatdata_boxing2,6,mix05_100,0.7393939393939395,0.7322222222222222,0.1276570750400424,6.0,5
analcatdata_boxing2,6,mix05_20,0.7393939393939395,0.7333333333333334,0.028003042005002497,6.0,5
analcatdata_boxing2,6,mix10_100,0.7393939393939395,0.7322222222222222,0.15104406662285327,6.0,5
analcatdata_boxing2,6,mix10_20,0.7393939393939395,0.7333333333333334,0.0326645752415061,6.0,5
analcatdata_boxing2,6,mix25_100,0.7212121212121213,0.7144444444444444,0.21543594812974334,6.0,5
analcatdata_boxing2,6,mix25_20,0.7212121212121213,0.7155555555555555,0.04697226593270898,6.0,5
analcatdata_boxing2,6,mix50_20,0.7090909090909091,0.7011111111111111,0.06938200732693076,6.0,5
analcatdata_boxing2,6,rf_sqrt_fixed,0.6666666666666666,0.6533333333333333,0.05804578335955739,6.0,5
analcatdata_boxing2,6,sighted2_20,0.6848484848484848,0.6755555555555556,0.11008546492084861,6.0,5
analcatdata_boxing2,6,tree_k1,0.7333333333333334,0.7266666666666667,0.00148489186540246,6.0,5
analcatdata_boxing2,6,tree_k2,0.6787878787878788,0.67,0.0069228001870214936,6.0,5
analcatdata_boxing2,None,cart_bag100,0.7090909090909091,0.7055555555555555,0.0373391474597156,8.745999999999999,5
analcatdata_boxing2,None,cart_bag200,0.7090909090909091,0.7055555555555555,0.07472767950966955,8.727,5
analcatdata_boxing2,None,cart_fixed,0.7090909090909091,0.7022222222222222,0.000499508436769247,10.0,5
analcatdata_boxing2,None,cart_mix10_100,0.7090909090909091,0.7055555555555555,0.10168347787111998,8.866,5
analcatdata_boxing2,None,greedy100,0.7151515151515151,0.71,0.12964913044124843,8.73,5
analcatdata_boxing2,None,greedy20,0.703030303030303,0.7,0.02670833356678486,8.77,5
analcatdata_boxing2,None,greedy200,0.7151515151515151,0.711111111111111,0.2585885126143694,8.703999999999999,5
analcatdata_boxing2,None,mix05_100,0.7151515151515151,0.71,0.15356392990797757,8.798,5
analcatdata_boxing2,None,mix05_20,0.696969696969697,0.6944444444444444,0.031090575456619262,8.78,5
analcatdata_boxing2,None,mix10_100,0.7151515151515151,0.71,0.17680292194709182,8.844,5
analcatdata_boxing2,None,mix10_20,0.703030303030303,0.7,0.036165733262896536,8.83,5
analcatdata_boxing2,None,mix25_100,0.696969696969697,0.6911111111111111,0.25311809023842213,9.052000000000001,5
analcatdata_boxing2,None,mix25_20,0.6787878787878788,0.6755555555555556,0.0503002243116498,8.940000000000001,5
analcatdata_boxing2,None,mix50_20,0.6727272727272727,0.6666666666666667,0.07447908287867903,9.08,5
analcatdata_boxing2,None,rf_sqrt_fixed,0.6484848484848484,0.6377777777777778,0.05280372481793165,9.272,5
analcatdata_boxing2,None,sighted2_20,0.593939393939394,0.5833333333333333,0.12275555692613124,9.58,5
analcatdata_boxing2,None,tree_k1,0.696969696969697,0.6911111111111111,0.001668474730104208,9.2,5
analcatdata_boxing2,None,tree_k2,0.6,0.5888888888888889,0.007631550263613463,11.8,5
analcatdata_creditscore,3,cart_bag100,0.968,0.9515873015873015,0.047190125845372674,1.668,5
analcatdata_creditscore,3,cart_bag200,0.968,0.9515873015873015,0.091731983050704,1.671,5
analcatdata_creditscore,3,cart_fixed,0.968,0.9515873015873015,0.0005640246905386448,2.2,5
analcatdata_creditscore,3,cart_mix10_100,0.968,0.9515873015873015,0.3801126563921571,1.798,5
analcatdata_creditscore,3,cart_tuned,0.984,0.98015873015873,0.00038433074951171875,,5
analcatdata_creditscore,3,greedy100,0.968,0.9515873015873015,0.05182184306904673,1.668,5
analcatdata_creditscore,3,greedy20,0.968,0.9515873015873015,0.010438732989132404,1.6300000000000001,5
analcatdata_creditscore,3,greedy200,0.968,0.9515873015873015,0.10408815229311585,1.671,5
analcatdata_creditscore,3,majority,0.72,0.5,0.0,,5
analcatdata_creditscore,3,mix05_100,0.968,0.9515873015873015,0.17972240075469018,1.7399999999999998,5
analcatdata_creditscore,3,mix05_20,0.968,0.9515873015873015,0.032602241914719346,1.72,5
analcatdata_creditscore,3,mix10_100,0.976,0.9658730158730158,0.31194489281624554,1.798,5
analcatdata_creditscore,3,mix10_20,0.968,0.9515873015873015,0.056241100654006004,1.7899999999999998,5
analcatdata_creditscore,3,mix25_100,0.976,0.9658730158730158,0.6999785268679262,1.998,5
analcatdata_creditscore,3,mix25_20,0.976,0.9658730158730158,0.13086577588692308,1.9899999999999998,5
analcatdata_creditscore,3,mix50_20,0.976,0.9658730158730158,0.25380227556452156,2.34,5
analcatdata_creditscore,3,rf_sqrt_fixed,0.992,0.9944444444444445,0.0696080750785768,2.496,5
analcatdata_creditscore,3,rf_tuned,0.992,0.9944444444444445,0.055212974548339844,,5
analcatdata_creditscore,3,sighted2_20,0.976,0.9658730158730158,0.514677217695862,3.0,5
analcatdata_creditscore,3,tree_k1,0.968,0.9515873015873015,0.0007624249905347824,2.2,5
analcatdata_creditscore,3,tree_k2,0.976,0.9658730158730158,0.04540383331477642,3.0,5
analcatdata_creditscore,6,cart_bag100,0.968,0.9515873015873015,0.048582233116030694,1.668,5
analcatdata_creditscore,6,cart_bag200,0.968,0.9515873015873015,0.09638042226433755,1.671,5
analcatdata_creditscore,6,cart_fixed,0.968,0.9515873015873015,0.0006015169434249401,2.2,5
analcatdata_creditscore,6,cart_mix10_100,0.968,0.9515873015873015,0.7716432803310453,2.098,5
analcatdata_creditscore,6,greedy100,0.968,0.9515873015873015,0.053068322129547596,1.668,5
analcatdata_creditscore,6,greedy20,0.968,0.9515873015873015,0.010617632418870926,1.6300000000000001,5
analcatdata_creditscore,6,greedy200,0.968,0.9515873015873015,0.10715505126863718,1.671,5
analcatdata_creditscore,6,mix05_100,0.968,0.9515873015873015,0.3257532064802945,1.8900000000000001,5
analcatdata_creditscore,6,mix05_20,0.968,0.9515873015873015,0.059927907399833204,1.8699999999999999,5
analcatdata_creditscore,6,mix10_100,0.976,0.9658730158730158,0.6033120727166533,2.098,5
analcatdata_creditscore,6,mix10_20,0.968,0.9515873015873015,0.11186010772362351,2.09,5
analcatdata_creditscore,6,mix25_100,0.976,0.9658730158730158,1.440510488860309,2.748,5
analcatdata_creditscore,6,mix25_20,0.976,0.9658730158730158,0.2733112660236657,2.7399999999999998,5
analcatdata_creditscore,6,mix50_20,0.96,0.9373015873015873,0.5455946665257215,3.84,5
analcatdata_creditscore,6,rf_sqrt_fixed,0.992,0.9944444444444445,0.07027345020323991,3.5660000000000003,5
analcatdata_creditscore,6,sighted2_20,0.8880000000000001,0.8261904761904763,1.0917901752516628,6.0,5
analcatdata_creditscore,6,tree_k1,0.968,0.9515873015873015,0.0007373666390776634,2.2,5
analcatdata_creditscore,6,tree_k2,0.8800000000000001,0.8293650793650794,0.09895903309807182,6.0,5
analcatdata_creditscore,None,cart_bag100,0.968,0.9515873015873015,0.047040990367531774,1.668,5
analcatdata_creditscore,None,cart_bag200,0.968,0.9515873015873015,0.09290322195738554,1.671,5
analcatdata_creditscore,None,cart_fixed,0.968,0.9515873015873015,0.000549567025154829,2.2,5
analcatdata_creditscore,None,cart_mix10_100,0.968,0.9515873015873015,1.349903033580631,3.628,5
analcatdata_creditscore,None,greedy100,0.968,0.9515873015873015,0.0616208485327661,1.668,5
analcatdata_creditscore,None,greedy20,0.968,0.9515873015873015,0.012058049254119397,1.6300000000000001,5
analcatdata_creditscore,None,greedy200,0.968,0.9515873015873015,0.12214826811105013,1.671,5
analcatdata_creditscore,None,mix05_100,0.968,0.9515873015873015,0.5975051989778877,2.6719999999999997,5
analcatdata_creditscore,None,mix05_20,0.968,0.9515873015873015,0.10730671593919397,2.59,5
analcatdata_creditscore,None,mix10_100,0.968,0.9515873015873015,1.1252722324803472,3.628,5
analcatdata_creditscore,None,mix10_20,0.968,0.9515873015873015,0.21249955724924802,3.54,5
analcatdata_creditscore,None,mix25_100,0.968,0.9515873015873015,2.706247749272734,6.622,5
analcatdata_creditscore,None,mix25_20,0.968,0.9515873015873015,0.540966506768018,6.609999999999999,5
analcatdata_creditscore,None,mix50_20,0.952,0.9230158730158731,1.076743915490806,11.57,5
analcatdata_creditscore,None,rf_sqrt_fixed,0.992,0.9944444444444445,0.07041146652773023,3.7640000000000002,5
analcatdata_creditscore,None,sighted2_20,0.584,0.4404761904761904,2.1270255075767635,21.3,5
analcatdata_creditscore,None,tree_k1,0.968,0.9515873015873015,0.000792483426630497,2.2,5
analcatdata_creditscore,None,tree_k2,0.584,0.4492063492063492,0.2120536917820573,24.2,5
analcatdata_cyyoung8092,3,cart_bag100,0.8480000000000001,0.7517543859649123,0.06125881420448422,2.996,5
analcatdata_cyyoung8092,3,cart_bag200,0.8480000000000001,0.7517543859649123,0.11925857057794928,2.992,5
analcatdata_cyyoung8092,3,cart_fixed,0.808,0.7026315789473684,0.000770583376288414,3.0,5
analcatdata_cyyoung8092,3,cart_mix10_100,0.8400000000000001,0.7464912280701754,1.7630296745337546,2.996,5
analcatdata_cyyoung8092,3,cart_tuned,0.8160000000000001,0.6964912280701754,0.0006203651428222656,,5
analcatdata_cyyoung8092,3,greedy100,0.8480000000000001,0.7517543859649123,0.18566700583323836,2.996,5
analcatdata_cyyoung8092,3,greedy20,0.808,0.7026315789473684,0.03721959199756384,3.0,5
analcatdata_cyyoung8092,3,greedy200,0.8400000000000001,0.7464912280701754,0.3710575892589986,2.992,5
analcatdata_cyyoung8092,3,majority,0.76,0.5,0.0,,5
analcatdata_cyyoung8092,3,mix05_100,0.8480000000000001,0.7517543859649123,0.8821979468688369,2.996,5
analcatdata_cyyoung8092,3,mix05_20,0.808,0.7026315789473684,0.18565967502072453,3.0,5
analcatdata_cyyoung8092,3,mix10_100,0.8400000000000001,0.7350877192982457,1.6274229392409325,2.996,5
analcatdata_cyyoung8092,3,mix10_20,0.808,0.7026315789473684,0.3362465747632086,3.0,5
analcatdata_cyyoung8092,3,mix25_100,0.8400000000000001,0.7350877192982457,3.8162124138325453,3.0,5
analcatdata_cyyoung8092,3,mix25_20,0.8160000000000001,0.7192982456140351,0.7710398075170815,3.0,5
analcatdata_cyyoung8092,3,mix50_20,0.8160000000000001,0.7078947368421054,1.5023765909485518,3.0,5
analcatdata_cyyoung8092,3,rf_sqrt_fixed,0.8160000000000001,0.6736842105263158,0.0743039415217936,3.0,5
analcatdata_cyyoung8092,3,rf_tuned,0.8400000000000001,0.7236842105263157,0.07142162322998047,,5
analcatdata_cyyoung8092,3,sighted2_20,0.808,0.6798245614035088,2.863249675370753,3.0,5
analcatdata_cyyoung8092,3,tree_k1,0.776,0.6359649122807017,0.002552783489227295,3.0,5
analcatdata_cyyoung8092,3,tree_k2,0.736,0.6324561403508772,0.2966681753285229,3.0,5
analcatdata_cyyoung8092,6,cart_bag100,0.8400000000000001,0.7464912280701754,0.05932404100894928,4.696,5
analcatdata_cyyoung8092,6,cart_bag200,0.8320000000000001,0.7412280701754386,0.12066868180409074,4.6739999999999995,5
analcatdata_cyyoung8092,6,cart_fixed,0.808,0.6912280701754386,0.0009203500114381314,5.0,5
analcatdata_cyyoung8092,6,cart_mix10_100,0.8320000000000001,0.7298245614035087,2.402376899216324,4.854,5
analcatdata_cyyoung8092,6,greedy100,0.8480000000000001,0.7517543859649123,0.21321163261309267,4.692,5
analcatdata_cyyoung8092,6,greedy20,0.8240000000000001,0.724561403508772,0.04116979194805026,4.58,5
analcatdata_cyyoung8092,6,greedy200,0.8480000000000001,0.7517543859649123,0.4235864206217229,4.675,5
analcatdata_cyyoung8092,6,mix05_100,0.8480000000000001,0.7517543859649123,1.252761623635888,4.7700000000000005,5
analcatdata_cyyoung8092,6,mix05_20,0.8320000000000001,0.7298245614035087,0.2463447921909392,4.66,5
analcatdata_cyyoung8092,6,mix10_100,0.8400000000000001,0.7350877192982457,2.4110425815917553,4.85,5
analcatdata_cyyoung8092,6,mix10_20,0.8400000000000001,0.7350877192982457,0.453675533644855,4.71,5
analcatdata_cyyoung8092,6,mix25_100,0.8400000000000001,0.7350877192982457,5.722765033040195,5.056,5
analcatdata_cyyoung8092,6,mix25_20,0.8320000000000001,0.7298245614035087,1.0927015175111592,4.96,5
analcatdata_cyyoung8092,6,mix50_20,0.792,0.6350877192982456,2.2044846422970297,5.26,5
analcatdata_cyyoung8092,6,rf_sqrt_fixed,0.8320000000000001,0.7070175438596491,0.07766320826485754,5.454,5
analcatdata_cyyoung8092,6,sighted2_20,0.768,0.5964912280701754,4.4185987752862275,6.0,5
analcatdata_cyyoung8092,6,tree_k1,0.8,0.6745614035087719,0.0028828749433159827,5.0,5
analcatdata_cyyoung8092,6,tree_k2,0.736,0.6552631578947368,0.4189666584134102,6.0,5
analcatdata_cyyoung8092,None,cart_bag100,0.8400000000000001,0.7464912280701754,0.05686076693236828,4.726,5
analcatdata_cyyoung8092,None,cart_bag200,0.8320000000000001,0.7412280701754386,0.11321993889287114,4.705,5
analcatdata_cyyoung8092,None,cart_fixed,0.808,0.6912280701754386,0.0007243666797876358,5.0,5
analcatdata_cyyoung8092,None,cart_mix10_100,0.8400000000000001,0.7350877192982457,2.682476584147662,5.432,5
analcatdata_cyyoung8092,None,greedy100,0.8480000000000001,0.7517543859649123,0.21805344140157104,4.724,5
analcatdata_cyyoung8092,None,greedy20,0.8240000000000001,0.724561403508772,0.04100674958899617,4.58,5
analcatdata_cyyoung8092,None,greedy200,0.8480000000000001,0.7517543859649123,0.4171757987700403,4.7090000000000005,5
analcatdata_cyyoung8092,None,mix05_100,0.8480000000000001,0.7517543859649123,1.4731180500239134,5.0760000000000005,5
analcatdata_cyyoung8092,None,mix05_20,0.8320000000000001,0.7298245614035087,0.2602406249381602,4.9,5
analcatdata_cyyoung8092,None,mix10_100,0.8400000000000001,0.7350877192982457,2.787754525244236,5.43,5
analcatdata_cyyoung8092,None,mix10_20,0.8400000000000001,0.7350877192982457,0.4900980586186051,5.23,5
analcatdata_cyyoung8092,None,mix25_100,0.8320000000000001,0.718421052631579,6.721131523977965,6.462000000000001,5
analcatdata_cyyoung8092,None,mix25_20,0.8160000000000001,0.6964912280701754,1.1910306251607836,6.29,5
analcatdata_cyyoung8092,None,mix50_20,0.776,0.6017543859649123,2.5056557251140474,7.959999999999999,5
analcatdata_cyyoung8092,None,rf_sqrt_fixed,0.8240000000000001,0.7017543859649124,0.07533685797825455,5.816,5
analcatdata_cyyoung8092,None,sighted2_20,0.728,0.5245614035087719,5.221196275483817,11.35,5
analcatdata_cyyoung8092,None,tree_k1,0.8,0.6745614035087719,0.003001408372074366,5.0,5
analcatdata_cyyoung8092,None,tree_k2,0.72,0.6219298245614036,0.4940875249914825,12.8,5
analcatdata_cyyoung9302,3,cart_bag100,0.8434782608695652,0.7266666666666668,0.053285449370741846,2.928,5
analcatdata_cyyoung9302,3,cart_bag200,0.8434782608695652,0.7266666666666668,0.10529917366802692,2.927,5
analcatdata_cyyoung9302,3,cart_fixed,0.8521739130434783,0.7322222222222222,0.0006384165026247501,3.0,5
analcatdata_cyyoung9302,3,cart_mix10_100,0.8521739130434783,0.7322222222222223,1.3319786556065083,2.928,5
analcatdata_cyyoung9302,3,cart_tuned,0.808695652173913,0.6611111111111111,0.0005038738250732422,,5
analcatdata_cyyoung9302,3,greedy100,0.8347826086956521,0.7066666666666667,0.15842805188149214,2.928,5
analcatdata_cyyoung9302,3,greedy20,0.8434782608695652,0.7122222222222223,0.03269233470782638,2.97,5
analcatdata_cyyoung9302,3,greedy200,0.826086956521739,0.6866666666666668,0.3141626502387226,2.927,5
analcatdata_cyyoung9302,3,majority,0.782608695652174,0.5,0.0,,5
analcatdata_cyyoung9302,3,mix05_100,0.8347826086956521,0.7066666666666667,0.7950905092991889,2.928,5
analcatdata_cyyoung9302,3,mix05_20,0.8521739130434781,0.7322222222222223,0.14784353477880358,2.97,5
analcatdata_cyyoung9302,3,mix10_100,0.8434782608695652,0.7122222222222223,1.4116292680613696,2.928,5
analcatdata_cyyoung9302,3,mix10_20,0.8521739130434781,0.7322222222222223,0.26422054320573807,2.97,5
analcatdata_cyyoung9302,3,mix25_100,0.8521739130434781,0.7177777777777778,3.218399126175791,2.938,5
analcatdata_cyyoung9302,3,mix25_20,0.8434782608695652,0.7122222222222222,0.6288123430684209,2.97,5
analcatdata_cyyoung9302,3,mix50_20,0.8434782608695652,0.6977777777777778,1.223329985048622,2.98,5
analcatdata_cyyoung9302,3,rf_sqrt_fixed,0.8347826086956521,0.6777777777777778,0.07767909178510309,2.994,5
analcatdata_cyyoung9302,3,rf_tuned,0.8347826086956521,0.6777777777777778,0.06446781158447265,,5
analcatdata_cyyoung9302,3,sighted2_20,0.8521739130434781,0.7033333333333334,2.6117425660602747,3.0,5
analcatdata_cyyoung9302,3,tree_k1,0.8521739130434783,0.7322222222222222,0.002262824960052967,3.0,5
analcatdata_cyyoung9302,3,tree_k2,0.8,0.6844444444444444,0.2561956915073097,3.0,5
analcatdata_cyyoung9302,6,cart_bag100,0.8434782608695652,0.7411111111111112,0.05685048485174775,4.036,5
analcatdata_cyyoung9302,6,cart_bag200,0.8434782608695652,0.7411111111111112,0.11282087834551931,4.018,5
analcatdata_cyyoung9302,6,cart_fixed,0.8695652173913043,0.8011111111111111,0.0006544332951307297,5.2,5
analcatdata_cyyoung9302,6,cart_mix10_100,0.8521739130434783,0.7466666666666667,2.018682540114969,4.215999999999999,5
analcatdata_cyyoung9302,6,greedy100,0.8347826086956521,0.721111111111111,0.18076734691858293,4.042,5
analcatdata_cyyoung9302,6,greedy20,0.8521739130434783,0.7466666666666667,0.0403220659121871,4.19,5
analcatdata_cyyoung9302,6,greedy200,0.8347826086956521,0.7066666666666667,0.35595240062102673,4.027,5
analcatdata_cyyoung9302,6,mix05_100,0.8347826086956521,0.721111111111111,1.049283089581877,4.14,5
analcatdata_cyyoung9302,6,mix05_20,0.8608695652173912,0.7522222222222222,0.20004895767197012,4.2700000000000005,5
analcatdata_cyyoung9302,6,mix10_100,0.8434782608695652,0.7266666666666667,1.9272696151398123,4.2219999999999995,5
analcatdata_cyyoung9302,6,mix10_20,0.8608695652173912,0.7522222222222222,0.3725536912679672,4.37,5
analcatdata_cyyoung9302,6,mix25_100,0.8521739130434783,0.7177777777777778,4.548825323022902,4.496,5
analcatdata_cyyoung9302,6,mix25_20,0.8434782608695652,0.7122222222222223,0.8975976495072245,4.57,5
analcatdata_cyyoung9302,6,mix50_20,0.8434782608695652,0.6977777777777778,1.7607795409858227,5.029999999999999,5
analcatdata_cyyoung9302,6,rf_sqrt_fixed,0.8521739130434783,0.7177777777777778,0.07231038315221668,5.038,5
analcatdata_cyyoung9302,6,sighted2_20,0.7913043478260869,0.5633333333333332,3.4305483739823104,5.9799999999999995,5
analcatdata_cyyoung9302,6,tree_k1,0.8434782608695652,0.7411111111111112,0.0030355165712535382,5.2,5
analcatdata_cyyoung9302,6,tree_k2,0.8,0.6844444444444444,0.3944650665856898,6.0,5
analcatdata_cyyoung9302,None,cart_bag100,0.8434782608695652,0.7411111111111112,0.05667742472141981,4.058,5
analcatdata_cyyoung9302,None,cart_bag200,0.8434782608695652,0.7411111111111112,0.11122479513287545,4.031000000000001,5
analcatdata_cyyoung9302,None,cart_fixed,0.8695652173913043,0.8011111111111111,0.0007008167915046215,5.2,5
analcatdata_cyyoung9302,None,cart_mix10_100,0.8521739130434783,0.7466666666666667,2.279786374978721,4.638,5
analcatdata_cyyoung9302,None,greedy100,0.8347826086956521,0.721111111111111,0.17594232661649584,4.064,5
analcatdata_cyyoung9302,None,greedy20,0.8521739130434783,0.7466666666666667,0.03704640939831734,4.24,5
analcatdata_cyyoung9302,None,greedy200,0.8347826086956521,0.7066666666666667,0.34764863988384603,4.04,5
analcatdata_cyyoung9302,None,mix05_100,0.8347826086956521,0.721111111111111,1.0818495684303344,4.35,5
analcatdata_cyyoung9302,None,mix05_20,0.8521739130434783,0.7322222222222222,0.20792329255491496,4.49,5
analcatdata_cyyoung9302,None,mix10_100,0.8434782608695652,0.7266666666666667,2.055850393511355,4.644,5
analcatdata_cyyoung9302,None,mix10_20,0.8521739130434783,0.7322222222222222,0.41678061755374074,4.8,5
analcatdata_cyyoung9302,None,mix25_100,0.8434782608695652,0.6977777777777778,4.926427734456956,5.524,5
analcatdata_cyyoung9302,None,mix25_20,0.8347826086956521,0.6922222222222223,0.9980800503864884,5.529999999999999,5
analcatdata_cyyoung9302,None,mix50_20,0.826086956521739,0.6577777777777778,1.944948399066925,6.909999999999999,5
analcatdata_cyyoung9302,None,rf_sqrt_fixed,0.8521739130434783,0.7177777777777778,0.07631701696664095,5.178,5
analcatdata_cyyoung9302,None,sighted2_20,0.7739130434782608,0.5522222222222222,3.873349049221724,9.99,5
analcatdata_cyyoung9302,None,tree_k1,0.8434782608695652,0.7411111111111112,0.0027664665132761,5.2,5
analcatdata_cyyoung9302,None,tree_k2,0.7130434782608696,0.5422222222222223,0.43686027489602564,11.2,5
analcatdata_dmft,3,cart_bag100,0.24300000000000002,0.2407471758159614,0.05811796905472875,3.0,5
analcatdata_dmft,3,cart_bag200,0.236,0.23507582115860104,0.1155727849341929,3.0,5
analcatdata_dmft,3,cart_fixed,0.209,0.21044349586213912,0.0006133580580353736,3.0,5
analcatdata_dmft,3,cart_mix10_100,0.238,0.23650913049632213,0.13479294236749412,3.0,5
analcatdata_dmft,3,cart_tuned,0.199,0.20145060110667323,0.0006547451019287109,,5
analcatdata_dmft,3,greedy100,0.24300000000000002,0.2407471758159614,0.12378157526254654,3.0,5
analcatdata_dmft,3,greedy20,0.23500000000000001,0.23207240261319959,0.025203074887394906,3.0,5
analcatdata_dmft,3,greedy200,0.238,0.23703660547232658,0.25227945744991304,3.0,5
analcatdata_dmft,3,majority,0.195,0.16666666666666666,0.0,,5
analcatdata_dmft,3,mix05_100,0.238,0.23669423950496057,0.15163985965773463,3.0,5
analcatdata_dmft,3,mix05_20,0.23399999999999999,0.23108811715903746,0.030437550414353608,3.0,5
analcatdata_dmft,3,mix10_100,0.238,0.23650913049632213,0.18061116756871343,3.0,5
analcatdata_dmft,3,mix10_20,0.233,0.2302638761723202,0.03571684202179313,3.0,5
analcatdata_dmft,3,mix25_100,0.246,0.24324221727566128,0.2672422589734197,3.0,5
analcatdata_dmft,3,mix25_20,0.23200000000000004,0.2285863211740821,0.0524227162823081,3.0,5
analcatdata_dmft,3,mix50_20,0.227,0.22148071725870588,0.08056948306038976,3.0,5
analcatdata_dmft,3,rf_sqrt_fixed,0.24,0.2370397707921427,0.08077485002577305,3.0,5
analcatdata_dmft,3,rf_tuned,0.231,0.2297887787154865,0.06701478958129883,,5
analcatdata_dmft,3,sighted2_20,0.23199999999999998,0.22911251067085986,0.1402263415046036,3.0,5
analcatdata_dmft,3,tree_k1,0.209,0.21044349586213912,0.0014297330752015113,3.0,5
analcatdata_dmft,3,tree_k2,0.21200000000000002,0.21120047725835206,0.007023666705936194,3.0,5
analcatdata_dmft,6,cart_bag100,0.21399999999999997,0.2161029356475277,0.07118716044351459,6.0,5
analcatdata_dmft,6,cart_bag200,0.21200000000000002,0.21357642989521547,0.1403504994697869,6.0,5
analcatdata_dmft,6,cart_fixed,0.20600000000000002,0.20820394224687394,0.0007552000693976879,6.0,5
analcatdata_dmft,6,cart_mix10_100,0.21600000000000003,0.21803290531943284,0.23894500844180583,6.0,5
analcatdata_dmft,6,greedy100,0.21400000000000002,0.21582109317522033,0.334623600076884,6.0,5
analcatdata_dmft,6,greedy20,0.21400000000000002,0.21570633075021117,0.0660328010097146,6.0,5
analcatdata_dmft,6,greedy200,0.21200000000000002,0.21357642989521547,0.6687644684687257,6.0,5
analcatdata_dmft,6,mix05_100,0.217,0.21910742312189183,0.3965333171188831,6.0,5
analcatdata_dmft,6,mix05_20,0.21000000000000002,0.21203649950092074,0.07790022622793913,6.0,5
analcatdata_dmft,6,mix10_100,0.217,0.21904300632953383,0.45600941609591245,6.0,5
analcatdata_dmft,6,mix10_20,0.21000000000000002,0.21235658843581046,0.0905364758335054,6.0,5
analcatdata_dmft,6,mix25_100,0.211,0.21272097802576928,0.6464426975697279,6.0,5
analcatdata_dmft,6,mix25_20,0.203,0.20514050702618064,0.12813139213249086,6.0,5
analcatdata_dmft,6,mix50_20,0.20800000000000002,0.2087502709182026,0.19152510790154337,6.0,5
analcatdata_dmft,6,rf_sqrt_fixed,0.20800000000000002,0.20972020415805992,0.07751047546043992,6.0,5
analcatdata_dmft,6,sighted2_20,0.20099999999999998,0.20244488473259822,0.312202172819525,6.0,5
analcatdata_dmft,6,tree_k1,0.20600000000000002,0.2079833742843705,0.003695900086313486,6.0,5
analcatdata_dmft,6,tree_k2,0.21000000000000002,0.21154007875426287,0.017165374755859376,6.0,5
analcatdata_dmft,None,cart_bag100,0.197,0.19969856203252787,0.08373670671135187,12.395999999999999,5
analcatdata_dmft,None,cart_bag200,0.205,0.20717298790709604,0.1640872059389949,12.428999999999998,5
analcatdata_dmft,None,cart_fixed,0.2,0.2041910308750916,0.0009313250891864299,13.2,5
analcatdata_dmft,None,cart_mix10_100,0.198,0.2006789541893906,0.36759644309058787,12.292,5
analcatdata_dmft,None,greedy100,0.20099999999999998,0.2036544838252618,0.8724016177468001,12.398,5
analcatdata_dmft,None,greedy20,0.195,0.19759016415800099,0.174481715913862,12.370000000000001,5
analcatdata_dmft,None,greedy200,0.20400000000000001,0.2061925957502333,1.78846315164119,12.428999999999998,5
analcatdata_dmft,None,mix05_100,0.196,0.19859358436208532,0.9703553505241871,12.346,5
analcatdata_dmft,None,mix05_20,0.2,0.20243049565867405,0.19285446563735603,12.309999999999999,5
analcatdata_dmft,None,mix10_100,0.197,0.19966885317928962,1.060158258304,12.288,5
analcatdata_dmft,None,mix10_20,0.196,0.19844486501270184,0.2116777492687106,12.290000000000001,5
analcatdata_dmft,None,mix25_100,0.198,0.20061378638228736,1.3451284836046398,12.146,5
analcatdata_dmft,None,mix25_20,0.19,0.1920927730818623,0.2676438662223518,12.17,5
analcatdata_dmft,None,mix50_20,0.196,0.19787989458886043,0.3637699748389423,11.809999999999999,5
analcatdata_dmft,None,rf_sqrt_fixed,0.185,0.18716296024763768,0.08406630866229534,12.425999999999998,5
analcatdata_dmft,None,sighted2_20,0.191,0.19300596093764974,0.5481806588359177,11.35,5
analcatdata_dmft,None,tree_k1,0.199,0.203086053204649,0.011654508020728826,13.2,5
analcatdata_dmft,None,tree_k2,0.198,0.20190997793583182,0.03054374996572733,11.8,5
analcatdata_fraud,3,cart_bag100,0.5818181818181818,0.525,0.04361077845096588,2.976,5
analcatdata_fraud,3,cart_bag200,0.6,0.5375,0.08611374450847506,2.979,5
analcatdata_fraud,3,cart_fixed,0.5636363636363637,0.4916666666666666,0.0004898500628769398,3.0,5
analcatdata_fraud,3,cart_mix10_100,0.6,0.5375,0.06999844973906874,2.98,5
analcatdata_fraud,3,cart_tuned,0.7090909090909091,0.6541666666666666,0.00036978721618652344,,5
analcatdata_fraud,3,greedy100,0.6,0.5375,0.056444850750267506,2.976,5
analcatdata_fraud,3,greedy20,0.5818181818181818,0.4833333333333333,0.012349990848451852,2.96,5
analcatdata_fraud,3,greedy200,0.6,0.5375,0.114336743298918,2.979,5
analcatdata_fraud,3,majority,0.7272727272727273,0.5,0.0,,5
analcatdata_fraud,3,mix05_100,0.6181818181818182,0.55,0.06622091736644506,2.978,5
analcatdata_fraud,3,mix05_20,0.5818181818181818,0.4833333333333333,0.013542791176587344,2.9699999999999998,5
analcatdata_fraud,3,mix10_100,0.6181818181818182,0.55,0.07536266781389714,2.98,5
analcatdata_fraud,3,mix10_20,0.5636363636363637,0.4708333333333333,0.015052257664501667,2.9699999999999998,5
analcatdata_fraud,3,mix25_100,0.6363636363636364,0.5625,0.10402185060083866,2.98,5
analcatdata_fraud,3,mix25_20,0.5636363636363637,0.4708333333333333,0.020065282937139273,2.98,5
analcatdata_fraud,3,mix50_20,0.6,0.5375,0.029575082194060087,2.9899999999999998,5
analcatdata_fraud,3,rf_sqrt_fixed,0.7090909090909091,0.5916666666666666,0.07031919164583086,2.996,5
analcatdata_fraud,3,rf_tuned,0.6545454545454545,0.575,0.06810598373413086,,5
analcatdata_fraud,3,sighted2_20,0.5818181818181818,0.5458333333333333,0.046817466337233785,3.0,5
analcatdata_fraud,3,tree_k1,0.5454545454545454,0.47916666666666663,0.00070818355306983,3.0,5
analcatdata_fraud,3,tree_k2,0.6363636363636364,0.625,0.0024276913143694403,3.0,5
analcatdata_fraud,6,cart_bag100,0.5818181818181818,0.525,0.0446928177960217,4.506,5
analcatdata_fraud,6,cart_bag200,0.5818181818181818,0.5041666666666667,0.08792282603681087,4.507,5
analcatdata_fraud,6,cart_fixed,0.5818181818181818,0.5458333333333333,0.0004931583069264888,5.6,5
analcatdata_fraud,6,cart_mix10_100,0.6363636363636364,0.5625,0.0834205680526793,4.61,5
analcatdata_fraud,6,greedy100,0.6,0.5375,0.07225875947624445,4.51,5
analcatdata_fraud,6,greedy20,0.6,0.5166666666666666,0.014786951150745154,4.41,5
analcatdata_fraud,6,greedy200,0.5818181818181818,0.5041666666666667,0.1450185745023191,4.511,5
analcatdata_fraud,6,mix05_100,0.6181818181818182,0.55,0.08769074305891991,4.572,5
analcatdata_fraud,6,mix05_20,0.6,0.5166666666666666,0.01702063446864486,4.46,5
analcatdata_fraud,6,mix10_100,0.6363636363636364,0.5625,0.10273314341902733,4.616,5
analcatdata_fraud,6,mix10_20,0.6,0.5166666666666666,0.019971051160246132,4.55,5
analcatdata_fraud,6,mix25_100,0.6363636363636364,0.5625,0.1498748015612364,4.736,5
analcatdata_fraud,6,mix25_20,0.6,0.4958333333333333,0.02878184327855706,4.720000000000001,5
analcatdata_fraud,6,mix50_20,0.6363636363636364,0.5416666666666666,0.044206042774021626,4.93,5
analcatdata_fraud,6,rf_sqrt_fixed,0.6545454545454545,0.575,0.06732149180024863,5.454,5
analcatdata_fraud,6,sighted2_20,0.5818181818181818,0.5041666666666667,0.07606490096077323,5.470000000000001,5
analcatdata_fraud,6,tree_k1,0.509090909090909,0.4541666666666666,0.0011118166148662567,5.4,5
analcatdata_fraud,6,tree_k2,0.5636363636363637,0.45,0.0064538330771028996,6.0,5
analcatdata_fraud,None,cart_bag100,0.5818181818181818,0.525,0.045195094868540765,4.5520000000000005,5
analcatdata_fraud,None,cart_bag200,0.5818181818181818,0.5041666666666667,0.0914094883017242,4.5649999999999995,5
analcatdata_fraud,None,cart_fixed,0.5818181818181818,0.5458333333333333,0.0005834749899804592,6.2,5
analcatdata_fraud,None,cart_mix10_100,0.6363636363636364,0.5625,0.08446924546733499,4.662000000000001,5
analcatdata_fraud,None,greedy100,0.6,0.5375,0.0839073931798339,4.556,5
analcatdata_fraud,None,greedy20,0.6,0.5166666666666666,0.017489067185670136,4.45,5
analcatdata_fraud,None,greedy200,0.5818181818181818,0.5041666666666667,0.16735191848129033,4.567,5
analcatdata_fraud,None,mix05_100,0.6363636363636364,0.5625,0.10131939351558686,4.622,5
analcatdata_fraud,None,mix05_20,0.6,0.5166666666666666,0.02016847562044859,4.5,5
analcatdata_fraud,None,mix10_100,0.6545454545454545,0.575,0.11806718502193689,4.668,5
analcatdata_fraud,None,mix10_20,0.6,0.5166666666666666,0.023165425565093756,4.6,5
analcatdata_fraud,None,mix25_100,0.6363636363636364,0.5625,0.16946144429966808,4.808,5
analcatdata_fraud,None,mix25_20,0.6,0.4958333333333333,0.03277380904182792,4.7700000000000005,5
analcatdata_fraud,None,mix50_20,0.6181818181818182,0.5291666666666666,0.04951665932312608,5.01,5
analcatdata_fraud,None,rf_sqrt_fixed,0.6545454545454545,0.575,0.06510786665603518,5.818,5
analcatdata_fraud,None,sighted2_20,0.5636363636363637,0.4916666666666666,0.08568122452124953,5.6,5
analcatdata_fraud,None,tree_k1,0.509090909090909,0.4541666666666666,0.001308466773480177,5.8,5
analcatdata_fraud,None,tree_k2,0.6363636363636364,0.5,0.007132933475077152,7.2,5
analcatdata_germangss,3,cart_bag100,0.43,0.43,0.05491773160174489,3.0,5
analcatdata_germangss,3,cart_bag200,0.426,0.426,0.10917428331449627,3.0,5
analcatdata_germangss,3,cart_fixed,0.4,0.4,0.0006705413572490216,3.0,5
analcatdata_germangss,3,cart_mix10_100,0.43200000000000005,0.43200000000000005,0.3023839628323913,3.0,5
analcatdata_germangss,3,cart_tuned,0.386,0.386,0.0005566120147705078,,5
analcatdata_germangss,3,greedy100,0.43200000000000005,0.43200000000000005,0.11891934294253588,3.0,5
analcatdata_germangss,3,greedy20,0.40800000000000003,0.40800000000000003,0.02367212614044547,3.0,5
analcatdata_germangss,3,greedy200,0.426,0.426,0.24034483265131712,3.0,5
analcatdata_germangss,3,majority,0.25,0.25,0.0,,5
analcatdata_germangss,3,mix05_100,0.42800000000000005,0.42800000000000005,0.22273081811144949,3.0,5
analcatdata_germangss,3,mix05_20,0.406,0.406,0.04588778456673026,3.0,5
analcatdata_germangss,3,mix10_100,0.43200000000000005,0.43200000000000005,0.3256974338553846,3.0,5
analcatdata_germangss,3,mix10_20,0.40199999999999997,0.40199999999999997,0.06679940968751907,3.0,5
analcatdata_germangss,3,mix25_100,0.43,0.43,0.6371671094559133,3.0,5
analcatdata_germangss,3,mix25_20,0.406,0.406,0.12296864269301296,3.0,5
analcatdata_germangss,3,mix50_20,0.404,0.404,0.22065564235672355,3.0,5
analcatdata_germangss,3,rf_sqrt_fixed,0.372,0.372,0.07076694145798683,3.0,5
analcatdata_germangss,3,rf_tuned,0.422,0.42200000000000004,0.06520524024963378,,5
analcatdata_germangss,3,sighted2_20,0.39,0.39,0.4281887342222035,3.0,5
analcatdata_germangss,3,tree_k1,0.4,0.4,0.0012826332822442055,3.0,5
analcatdata_germangss,3,tree_k2,0.41,0.41,0.026762083172798157,3.0,5
analcatdata_germangss,6,cart_bag100,0.37,0.37,0.06523223714902997,6.0,5
analcatdata_germangss,6,cart_bag200,0.364,0.364,0.13035974567756056,6.0,5
analcatdata_germangss,6,cart_fixed,0.388,0.388,0.0007753835991024971,6.0,5
analcatdata_germangss,6,cart_mix10_100,0.358,0.358,0.5296521421521903,6.0,5
analcatdata_germangss,6,greedy100,0.364,0.364,0.2870827684178948,6.0,5
analcatdata_germangss,6,greedy20,0.372,0.372,0.05472398353740573,6.0,5
analcatdata_germangss,6,greedy200,0.364,0.364,0.5915675930678844,6.0,5
analcatdata_germangss,6,mix05_100,0.358,0.358,0.471012210752815,6.0,5
analcatdata_germangss,6,mix05_20,0.366,0.366,0.09423949141055346,6.0,5
analcatdata_germangss,6,mix10_100,0.348,0.348,0.6559810028411448,6.0,5
analcatdata_germangss,6,mix10_20,0.37,0.37,0.13398349974304438,6.0,5
analcatdata_germangss,6,mix25_100,0.35,0.35,1.2127329690381885,6.0,5
analcatdata_germangss,6,mix25_20,0.362,0.362,0.24062688313424588,6.0,5
analcatdata_germangss,6,mix50_20,0.372,0.372,0.423813016153872,6.0,5
analcatdata_germangss,6,rf_sqrt_fixed,0.312,0.312,0.07660824982449413,6.0,5
analcatdata_germangss,6,sighted2_20,0.358,0.358,0.7905769166536629,6.0,5
analcatdata_germangss,6,tree_k1,0.384,0.384,0.003371116425842047,6.0,5
analcatdata_germangss,6,tree_k2,0.358,0.358,0.04662122493609786,6.0,5
analcatdata_germangss,None,cart_bag100,0.33999999999999997,0.34,0.07583084022626281,12.364,5
analcatdata_germangss,None,cart_bag200,0.344,0.34400000000000003,0.15352988811209797,12.412,5
analcatdata_germangss,None,cart_fixed,0.35,0.35,0.0009080328978598118,13.2,5
analcatdata_germangss,None,cart_mix10_100,0.33599999999999997,0.336,0.6903401404619217,12.294,5
analcatdata_germangss,None,greedy100,0.33599999999999997,0.336,0.6465371150523425,12.386,5
analcatdata_germangss,None,greedy20,0.344,0.344,0.12869584308937193,12.190000000000001,5
analcatdata_germangss,None,greedy200,0.34199999999999997,0.34199999999999997,1.2899229538626968,12.425,5
analcatdata_germangss,None,mix05_100,0.33599999999999997,0.33599999999999997,0.872490406781435,12.34,5
analcatdata_germangss,None,mix05_20,0.33599999999999997,0.336,0.17846553418785333,12.17,5
analcatdata_germangss,None,mix10_100,0.33799999999999997,0.33799999999999997,1.1028267401270568,12.308,5
analcatdata_germangss,None,mix10_20,0.32599999999999996,0.326,0.2279649093747139,12.16,5
analcatdata_germangss,None,mix25_100,0.318,0.31799999999999995,1.7850795884616673,12.181999999999999,5
analcatdata_germangss,None,mix25_20,0.322,0.322,0.3587296256795526,12.120000000000001,5
analcatdata_germangss,None,mix50_20,0.308,0.308,0.5822559755295516,11.9,5
analcatdata_germangss,None,rf_sqrt_fixed,0.258,0.258,0.08747412487864495,12.232,5
analcatdata_germangss,None,sighted2_20,0.268,0.268,1.0397787662222981,11.69,5
analcatdata_germangss,None,tree_k1,0.34199999999999997,0.34199999999999997,0.009590033441781998,13.2,5
analcatdata_germangss,None,tree_k2,0.29,0.29,0.07849948313087225,12.4,5
analcatdata_happiness,3,cart_bag100,0.5599999999999999,0.5599999999999999,0.0353025758638978,3.0,5
analcatdata_happiness,3,cart_bag200,0.5599999999999999,0.5599999999999999,0.07008362393826247,3.0,5
analcatdata_happiness,3,cart_fixed,0.4533333333333333,0.4533333333333333,0.0003953833132982254,3.0,5
analcatdata_happiness,3,cart_mix10_100,0.5333333333333333,0.5333333333333334,0.06226440714672208,3.0,5
analcatdata_happiness,3,cart_tuned,0.38666666666666666,0.38666666666666666,0.00036644935607910156,,5
analcatdata_happiness,3,greedy100,0.5466666666666666,0.5466666666666666,0.054326375015079975,3.0,5
analcatdata_happiness,3,greedy20,0.5333333333333333,0.5333333333333334,0.0103520761243999,3.0,5
analcatdata_happiness,3,greedy200,0.5599999999999999,0.5599999999999999,0.10951710008084774,3.0,5
analcatdata_happiness,3,majority,0.3333333333333333,0.3333333333333333,0.0,,5
analcatdata_happiness,3,mix05_100,0.5466666666666666,0.5466666666666666,0.0640693255700171,3.0,5
analcatdata_happiness,3,mix05_20,0.5333333333333333,0.5333333333333334,0.01200683442875743,3.0,5
analcatdata_happiness,3,mix10_100,0.5333333333333333,0.5333333333333334,0.0747284666635096,3.0,5
analcatdata_happiness,3,mix10_20,0.5333333333333333,0.5333333333333334,0.013665709551423788,3.0,5
analcatdata_happiness,3,mix25_100,0.52,0.52,0.10506437523290516,3.0,5
analcatdata_happiness,3,mix25_20,0.5066666666666666,0.5066666666666666,0.018891017884016037,3.0,5
analcatdata_happiness,3,mix50_20,0.5066666666666666,0.5066666666666666,0.0291965096257627,3.0,5
analcatdata_happiness,3,rf_sqrt_fixed,0.4133333333333333,0.4133333333333334,0.05048313345760107,3.0,5
analcatdata_happiness,3,rf_tuned,0.5333333333333333,0.5333333333333334,0.04763469696044922,,5
analcatdata_happiness,3,sighted2_20,0.5333333333333333,0.5333333333333333,0.050634632166475055,3.0,5
analcatdata_happiness,3,tree_k1,0.4533333333333333,0.4533333333333333,0.0008477668277919292,3.0,5
analcatdata_happiness,3,tree_k2,0.4133333333333333,0.4133333333333333,0.004052216745913028,3.0,5
analcatdata_happiness,6,cart_bag100,0.4666666666666666,0.4666666666666666,0.035557734221220015,5.884,5
analcatdata_happiness,6,cart_bag200,0.48,0.48,0.06982876677066088,5.89,5
analcatdata_happiness,6,cart_fixed,0.4,0.4,0.0004961667582392693,6.0,5
analcatdata_happiness,6,cart_mix10_100,0.4666666666666666,0.4666666666666666,0.07613445129245519,5.9,5
analcatdata_happiness,6,greedy100,0.48,0.48,0.07962137227877975,5.8839999999999995,5
analcatdata_happiness,6,greedy20,0.42666666666666664,0.42666666666666675,0.015316499955952167,5.86,5
analcatdata_happiness,6,greedy200,0.4533333333333333,0.4533333333333333,0.16042371690273285,5.8950000000000005,5
analcatdata_happiness,6,mix05_100,0.4666666666666666,0.4666666666666666,0.09533193120732904,5.89,5
analcatdata_happiness,6,mix05_20,0.42666666666666664,0.42666666666666675,0.01787911616265774,5.85,5
analcatdata_happiness,6,mix10_100,0.4666666666666666,0.4666666666666666,0.11139749698340892,5.9,5
analcatdata_happiness,6,mix10_20,0.4133333333333333,0.4133333333333333,0.02052015783265233,5.85,5
analcatdata_happiness,6,mix25_100,0.4666666666666666,0.4666666666666666,0.1591453311033547,5.918,5
analcatdata_happiness,6,mix25_20,0.4,0.4,0.03116401582956314,5.85,5
analcatdata_happiness,6,mix50_20,0.33333333333333337,0.33333333333333337,0.04938470758497715,5.91,5
analcatdata_happiness,6,rf_sqrt_fixed,0.4,0.4,0.052692733332514764,5.988,5
analcatdata_happiness,6,sighted2_20,0.3466666666666667,0.3466666666666667,0.07977427560836077,5.99,5
analcatdata_happiness,6,tree_k1,0.44000000000000006,0.43999999999999995,0.0013816251419484615,6.0,5
analcatdata_happiness,6,tree_k2,0.36,0.36000000000000004,0.006906975153833627,6.0,5
analcatdata_happiness,None,cart_bag100,0.4533333333333333,0.4533333333333333,0.03647017348557711,6.8340000000000005,5
analcatdata_happiness,None,cart_bag200,0.4666666666666666,0.4666666666666666,0.07296728668734431,6.8180000000000005,5
analcatdata_happiness,None,cart_fixed,0.4533333333333333,0.4533333333333333,0.0004580415785312653,7.6,5
analcatdata_happiness,None,cart_mix10_100,0.4666666666666666,0.4666666666666666,0.08147664805874229,6.840000000000001,5
analcatdata_happiness,None,greedy100,0.4666666666666666,0.4666666666666666,0.0895755285397172,6.854000000000001,5
analcatdata_happiness,None,greedy20,0.42666666666666664,0.42666666666666675,0.016712492611259223,6.83,5
analcatdata_happiness,None,greedy200,0.4666666666666666,0.4666666666666666,0.18012481229379773,6.837999999999999,5
analcatdata_happiness,None,mix05_100,0.4666666666666666,0.4666666666666666,0.10702473623678088,6.856,5
analcatdata_happiness,None,mix05_20,0.42666666666666664,0.42666666666666675,0.0201863762922585,6.779999999999999,5
analcatdata_happiness,None,mix10_100,0.4666666666666666,0.4666666666666666,0.12446289462968707,6.854000000000001,5
analcatdata_happiness,None,mix10_20,0.4533333333333333,0.4533333333333333,0.02302905134856701,6.75,5
analcatdata_happiness,None,mix25_100,0.4666666666666666,0.4666666666666666,0.173118953127414,6.859999999999999,5
analcatdata_happiness,None,mix25_20,0.4,0.4,0.03255198476836085,6.590000000000001,5
analcatdata_happiness,None,mix50_20,0.33333333333333337,0.33333333333333337,0.04793571755290031,6.67,5
analcatdata_happiness,None,rf_sqrt_fixed,0.4,0.4,0.05346567528322339,7.35,5
analcatdata_happiness,None,sighted2_20,0.3333333333333333,0.3333333333333333,0.08369241654872894,6.779999999999999,5
analcatdata_happiness,None,tree_k1,0.48,0.48,0.0014124663546681404,7.8,5
analcatdata_happiness,None,tree_k2,0.30666666666666664,0.3066666666666667,0.006498375255614519,7.2,5
analcatdata_japansolvent,3,cart_bag100,0.7846153846153847,0.7857142857142857,0.05192122561857104,2.7600000000000002,5
analcatdata_japansolvent,3,cart_bag200,0.7692307692307693,0.769047619047619,0.10555619541555643,2.7600000000000002,5
analcatdata_japansolvent,3,cart_fixed,0.7538461538461538,0.7595238095238095,0.0007206084206700325,3.0,5
analcatdata_japansolvent,3,cart_mix10_100,0.8,0.8023809523809524,1.0277340992353856,2.79,5
analcatdata_japansolvent,3,cart_tuned,0.7538461538461538,0.7595238095238095,0.000491476058959961,,5
analcatdata_japansolvent,3,greedy100,0.7076923076923076,0.7071428571428571,0.10300289867445826,2.7600000000000002,5
analcatdata_japansolvent,3,greedy20,0.7076923076923077,0.7119047619047619,0.020396649558097123,2.7800000000000002,5
analcatdata_japansolvent,3,greedy200,0.7384615384615385,0.738095238095238,0.20520965466275812,2.761,5
analcatdata_japansolvent,3,majority,0.5384615384615384,0.5,0.0,,5
analcatdata_japansolvent,3,mix05_100,0.7384615384615385,0.7404761904761905,0.48490250706672666,2.77,5
analcatdata_japansolvent,3,mix05_20,0.7230769230769231,0.7261904761904762,0.08471583258360624,2.7800000000000002,5
analcatdata_japansolvent,3,mix10_100,0.7692307692307693,0.7714285714285715,0.8713702744804322,2.79,5
analcatdata_japansolvent,3,mix10_20,0.7384615384615385,0.7404761904761905,0.15434624962508678,2.81,5
analcatdata_japansolvent,3,mix25_100,0.7538461538461538,0.7571428571428571,2.0681561158038675,2.836,5
analcatdata_japansolvent,3,mix25_20,0.7846153846153847,0.7857142857142858,0.38123389119282364,2.83,5
analcatdata_japansolvent,3,mix50_20,0.8153846153846154,0.8214285714285715,0.7856521746143699,2.87,5
analcatdata_japansolvent,3,rf_sqrt_fixed,0.8307692307692308,0.8333333333333334,0.07720935838297009,2.916,5
analcatdata_japansolvent,3,rf_tuned,0.8153846153846154,0.819047619047619,0.058112382888793945,,5
analcatdata_japansolvent,3,sighted2_20,0.8153846153846154,0.8214285714285715,1.5670016759075225,3.0,5
analcatdata_japansolvent,3,tree_k1,0.7384615384615385,0.7404761904761905,0.001531033404171467,3.0,5
analcatdata_japansolvent,3,tree_k2,0.6461538461538462,0.6452380952380953,0.18717262493446468,3.0,5
analcatdata_japansolvent,6,cart_bag100,0.7692307692307693,0.769047619047619,0.061038688756525517,3.186,5
analcatdata_japansolvent,6,cart_bag200,0.7692307692307693,0.769047619047619,0.12106247935444117,3.1879999999999997,5
analcatdata_japansolvent,6,cart_fixed,0.676923076923077,0.6785714285714286,0.0007169916294515133,4.2,5
analcatdata_japansolvent,6,cart_mix10_100,0.8,0.8023809523809524,1.7500691318884491,3.476,5
analcatdata_japansolvent,6,greedy100,0.6923076923076923,0.6904761904761905,0.1072866833768785,3.192,5
analcatdata_japansolvent,6,greedy20,0.6923076923076923,0.6952380952380952,0.021086125262081624,3.1399999999999997,5
analcatdata_japansolvent,6,greedy200,0.7076923076923076,0.7047619047619047,0.21465029362589122,3.193,5
analcatdata_japansolvent,6,mix05_100,0.7384615384615385,0.7404761904761905,0.7424355421215296,3.322,5
analcatdata_japansolvent,6,mix05_20,0.6923076923076923,0.6952380952380952,0.12133733360096813,3.29,5
analcatdata_japansolvent,6,mix10_100,0.7538461538461538,0.7571428571428571,1.4121805749833585,3.478,5
analcatdata_japansolvent,6,mix10_20,0.7076923076923077,0.7119047619047619,0.24104208331555127,3.45,5
analcatdata_japansolvent,6,mix25_100,0.7692307692307693,0.7738095238095238,3.484576814621687,3.908,5
analcatdata_japansolvent,6,mix25_20,0.7384615384615385,0.7428571428571429,0.6301375324837863,3.8600000000000003,5
analcatdata_japansolvent,6,mix50_20,0.7846153846153847,0.7904761904761906,1.3441087902523576,4.55,5
analcatdata_japansolvent,6,rf_sqrt_fixed,0.8461538461538461,0.85,0.07881094999611378,3.7399999999999998,5
analcatdata_japansolvent,6,sighted2_20,0.7538461538461538,0.7619047619047619,2.706324556097388,5.9799999999999995,5
analcatdata_japansolvent,6,tree_k1,0.7076923076923076,0.7071428571428571,0.0016427584923803806,4.2,5
analcatdata_japansolvent,6,tree_k2,0.6,0.6023809523809524,0.30577784180641177,6.0,5
analcatdata_japansolvent,None,cart_bag100,0.7692307692307693,0.769047619047619,0.05628611845895648,3.186,5
analcatdata_japansolvent,None,cart_bag200,0.7692307692307693,0.769047619047619,0.11116931969299912,3.1879999999999997,5
analcatdata_japansolvent,None,cart_fixed,0.676923076923077,0.6785714285714286,0.0006213334389030933,4.2,5
analcatdata_japansolvent,None,cart_mix10_100,0.8,0.8023809523809524,2.5303776768967507,4.412000000000001,5
analcatdata_japansolvent,None,greedy100,0.6923076923076923,0.6904761904761905,0.10676827561110258,3.192,5
analcatdata_japansolvent,None,greedy20,0.6923076923076923,0.6952380952380952,0.020972825400531293,3.1399999999999997,5
analcatdata_japansolvent,None,greedy200,0.7076923076923076,0.7047619047619047,0.21312798960134388,3.193,5
analcatdata_japansolvent,None,mix05_100,0.7230769230769231,0.7238095238095238,1.0373932578600944,3.7700000000000005,5
analcatdata_japansolvent,None,mix05_20,0.6923076923076923,0.6952380952380952,0.15209029149264097,3.69,5
analcatdata_japansolvent,None,mix10_100,0.7384615384615385,0.7404761904761905,2.0274695909582077,4.414,5
analcatdata_japansolvent,None,mix10_20,0.7076923076923077,0.7119047619047619,0.33634198335930704,4.3,5
analcatdata_japansolvent,None,mix25_100,0.7384615384615385,0.7380952380952381,5.130120557546616,6.346,5
analcatdata_japansolvent,None,mix25_20,0.7384615384615385,0.7404761904761905,0.8860817836597562,6.1,5
analcatdata_japansolvent,None,mix50_20,0.7384615384615385,0.7428571428571428,1.8961828992702068,9.190000000000001,5
analcatdata_japansolvent,None,rf_sqrt_fixed,0.8461538461538461,0.85,0.08540523340925574,3.742,5
analcatdata_japansolvent,None,sighted2_20,0.6,0.6047619047619047,3.9045344171114267,15.6,5
analcatdata_japansolvent,None,tree_k1,0.7076923076923076,0.7071428571428571,0.0015895663760602473,4.2,5
analcatdata_japansolvent,None,tree_k2,0.6307692307692309,0.6333333333333333,0.48764752484858037,22.8,5
analcatdata_lawsuit,3,cart_bag100,0.9818181818181818,0.9350819672131149,0.047921433579176664,2.724,5
analcatdata_lawsuit,3,cart_bag200,0.9818181818181818,0.9350819672131149,0.09343151487410069,2.727,5
analcatdata_lawsuit,3,cart_fixed,0.9848484848484848,0.9550819672131148,0.0005822833627462387,2.8,5
analcatdata_lawsuit,3,cart_mix10_100,0.9848484848484848,0.9550819672131148,1.0070752246305346,2.75,5
analcatdata_lawsuit,3,cart_tuned,0.9848484848484848,0.9550819672131148,0.0004565715789794922,,5
analcatdata_lawsuit,3,greedy100,0.9818181818181818,0.9350819672131149,0.11883423533290624,2.724,5
analcatdata_lawsuit,3,greedy20,0.9818181818181818,0.9350819672131149,0.0238246014341712,2.7199999999999998,5
analcatdata_lawsuit,3,greedy200,0.9818181818181818,0.9350819672131149,0.23931525656953453,2.727,5
analcatdata_lawsuit,3,majority,0.9242424242424242,0.5,0.0,,5
analcatdata_lawsuit,3,mix05_100,0.9818181818181818,0.9350819672131149,0.5012740103527904,2.7359999999999998,5
analcatdata_lawsuit,3,mix05_20,0.9818181818181818,0.9350819672131149,0.10351746818050742,2.74,5
analcatdata_lawsuit,3,mix10_100,0.9818181818181818,0.9350819672131149,0.9202148113399744,2.75,5
analcatdata_lawsuit,3,mix10_20,0.9818181818181818,0.9350819672131149,0.17655329275876283,2.7600000000000002,5
analcatdata_lawsuit,3,mix25_100,0.9818181818181818,0.9350819672131149,2.2168893281370403,2.786,5
analcatdata_lawsuit,3,mix25_20,0.9818181818181818,0.9350819672131149,0.44441516818478705,2.79,5
analcatdata_lawsuit,3,mix50_20,0.9818181818181818,0.9350819672131149,0.8932879684492946,2.84,5
analcatdata_lawsuit,3,rf_sqrt_fixed,0.9787878787878789,0.9150819672131147,0.06223746687173844,2.8760000000000003,5
analcatdata_lawsuit,3,rf_tuned,0.9787878787878789,0.9150819672131147,0.06908364295959472,,5
analcatdata_lawsuit,3,sighted2_20,0.9787878787878789,0.8967213114754099,1.7465340422466398,3.0,5
analcatdata_lawsuit,3,tree_k1,0.9818181818181818,0.9350819672131149,0.0017358165234327317,2.8,5
analcatdata_lawsuit,3,tree_k2,0.9787878787878789,0.9150819672131147,0.1498118916526437,3.0,5
analcatdata_lawsuit,6,cart_bag100,0.9878787878787879,0.9750819672131147,0.045413166657090186,3.224,5
analcatdata_lawsuit,6,cart_bag200,0.9848484848484848,0.9550819672131148,0.08918015686795115,3.21,5
analcatdata_lawsuit,6,cart_fixed,0.9818181818181818,0.9350819672131149,0.0005536501295864582,4.0,5
analcatdata_lawsuit,6,cart_mix10_100,0.9878787878787879,0.9750819672131147,1.355249730590731,3.5,5
analcatdata_lawsuit,6,greedy100,0.9787878787878789,0.9150819672131147,0.12778173526749015,3.232,5
analcatdata_lawsuit,6,greedy20,0.9787878787878789,0.9150819672131147,0.024994242843240498,3.2700000000000005,5
analcatdata_lawsuit,6,greedy200,0.9818181818181818,0.9350819672131149,0.2558740680105984,3.217,5
analcatdata_lawsuit,6,mix05_100,0.9787878787878789,0.9150819672131147,0.6526985682547093,3.376,5
analcatdata_lawsuit,6,mix05_20,0.9787878787878789,0.9150819672131147,0.1526234013028443,3.4200000000000004,5
analcatdata_lawsuit,6,mix10_100,0.9787878787878789,0.9150819672131147,1.1791721350513398,3.508,5
analcatdata_lawsuit,6,mix10_20,0.9787878787878789,0.9150819672131147,0.23037839280441402,3.5700000000000003,5
analcatdata_lawsuit,6,mix25_100,0.9787878787878789,0.9150819672131147,3.1201908762566744,3.908,5
analcatdata_lawsuit,6,mix25_20,0.9787878787878789,0.9150819672131147,0.5878491512499749,3.9299999999999997,5
analcatdata_lawsuit,6,mix50_20,0.9787878787878789,0.9150819672131147,1.283312492351979,4.6,5
analcatdata_lawsuit,6,rf_sqrt_fixed,0.9787878787878789,0.9150819672131147,0.06405890006572008,4.018,5
analcatdata_lawsuit,6,sighted2_20,0.9666666666666668,0.8167213114754098,2.409320233389735,5.9799999999999995,5
analcatdata_lawsuit,6,tree_k1,0.9787878787878789,0.9150819672131147,0.0018032419495284558,4.0,5
analcatdata_lawsuit,6,tree_k2,0.9696969696969697,0.8550819672131148,0.17596089988946914,6.0,5
analcatdata_lawsuit,None,cart_bag100,0.9878787878787879,0.9750819672131147,0.04965508813038468,3.224,5
analcatdata_lawsuit,None,cart_bag200,0.9848484848484848,0.9550819672131148,0.09805517895147205,3.21,5
analcatdata_lawsuit,None,cart_fixed,0.9818181818181818,0.9350819672131149,0.0007686331868171692,4.0,5
analcatdata_lawsuit,None,cart_mix10_100,0.9848484848484848,0.9550819672131148,2.8250577210448684,5.0600000000000005,5
analcatdata_lawsuit,None,greedy100,0.9787878787878789,0.9150819672131147,0.1262011978775263,3.232,5
analcatdata_lawsuit,None,greedy20,0.9787878787878789,0.9150819672131147,0.024944766703993083,3.2700000000000005,5
analcatdata_lawsuit,None,greedy200,0.9818181818181818,0.9350819672131149,0.25155528346076605,3.217,5
analcatdata_lawsuit,None,mix05_100,0.9787878787878789,0.9150819672131147,1.2669690477661788,4.144,5
analcatdata_lawsuit,None,mix05_20,0.9787878787878789,0.9150819672131147,0.2282052170485258,4.01,5
analcatdata_lawsuit,None,mix10_100,0.9787878787878789,0.9150819672131147,2.455457472987473,5.068,5
analcatdata_lawsuit,None,mix10_20,0.9787878787878789,0.9150819672131147,0.3058047167956829,4.26,5
analcatdata_lawsuit,None,mix25_100,0.9787878787878789,0.9150819672131147,8.170511681213975,9.178,5
analcatdata_lawsuit,None,mix25_20,0.9787878787878789,0.9150819672131147,1.1607724758796394,7.480000000000001,5
analcatdata_lawsuit,None,mix50_20,0.9818181818181818,0.9167213114754098,3.331412108615041,15.02,5
analcatdata_lawsuit,None,rf_sqrt_fixed,0.9787878787878789,0.9150819672131147,0.06905516674742103,4.058,5
analcatdata_lawsuit,None,sighted2_20,0.9606060606060606,0.7767213114754099,6.486661933455617,27.369999999999997,5
analcatdata_lawsuit,None,tree_k1,0.9787878787878789,0.9150819672131147,0.001847650296986103,4.0,5
analcatdata_lawsuit,None,tree_k2,0.9636363636363636,0.8518032786885247,0.43410319155082105,18.4,5
appendicitis,3,cart_bag100,0.8592592592592592,0.6818181818181819,0.056306340545415876,2.9880000000000004,5
appendicitis,3,cart_bag200,0.8518518518518519,0.6618181818181819,0.11003086380660534,2.9880000000000004,5
appendicitis,3,cart_fixed,0.8296296296296296,0.6481818181818182,0.000689016655087471,3.0,5
appendicitis,3,cart_mix10_100,0.8592592592592592,0.6818181818181819,1.9791091843508184,2.9880000000000004,5
appendicitis,3,cart_tuned,0.8444444444444444,0.6881818181818182,0.000550222396850586,,5
appendicitis,3,greedy100,0.8296296296296296,0.6481818181818182,0.1903114845044911,2.9880000000000004,5
appendicitis,3,greedy20,0.8518518518518519,0.6772727272727272,0.03767744051292539,2.98,5
appendicitis,3,greedy200,0.837037037037037,0.6527272727272727,0.389675909280777,2.9880000000000004,5
appendicitis,3,majority,0.8148148148148147,0.5,0.0,,5
appendicitis,3,mix05_100,0.837037037037037,0.6681818181818182,1.2051752683706582,2.9880000000000004,5
appendicitis,3,mix05_20,0.8518518518518519,0.6772727272727272,0.21986951595172285,2.98,5
appendicitis,3,mix10_100,0.837037037037037,0.6681818181818182,2.207491917628795,2.9880000000000004,5
appendicitis,3,mix10_20,0.8518518518518519,0.6772727272727272,0.4237579577602446,2.98,5
appendicitis,3,mix25_100,0.8444444444444444,0.6727272727272726,5.109723714739085,2.992,5
appendicitis,3,mix25_20,0.837037037037037,0.6681818181818182,1.0183372406288982,2.98,5
appendicitis,3,mix50_20,0.837037037037037,0.6681818181818182,2.0091521914117036,2.9899999999999998,5
appendicitis,3,rf_sqrt_fixed,0.8592592592592592,0.6818181818181819,0.07105837520211936,2.996,5
appendicitis,3,rf_tuned,0.8518518518518519,0.6772727272727272,0.06983075141906739,,5
appendicitis,3,sighted2_20,0.837037037037037,0.6836363636363636,3.9484849840402605,3.0,5
appendicitis,3,tree_k1,0.8222222222222222,0.6281818181818182,0.0029420414008200168,3.0,5
appendicitis,3,tree_k2,0.837037037037037,0.7145454545454546,0.3644423916004598,3.0,5
appendicitis,6,cart_bag100,0.8518518518518519,0.6772727272727272,0.059081158321350816,4.57,5
appendicitis,6,cart_bag200,0.8592592592592592,0.6818181818181819,0.11420656321570277,4.566000000000001,5
appendicitis,6,cart_fixed,0.8222222222222222,0.6436363636363637,0.0006961585022509098,4.8,5
appendicitis,6,cart_mix10_100,0.8592592592592592,0.6818181818181819,2.721157102659345,4.688,5
appendicitis,6,greedy100,0.8222222222222222,0.6590909090909091,0.21870384933426976,4.574,5
appendicitis,6,greedy20,0.8296296296296296,0.6636363636363637,0.04479427468031645,4.68,5
appendicitis,6,greedy200,0.8222222222222222,0.6590909090909091,0.439532189257443,4.566000000000001,5
appendicitis,6,mix05_100,0.8222222222222222,0.6590909090909091,1.54194889171049,4.624,5
appendicitis,6,mix05_20,0.8222222222222222,0.6590909090909091,0.28972035013139247,4.75,5
appendicitis,6,mix10_100,0.8222222222222222,0.6590909090909091,2.848575008008629,4.6899999999999995,5
appendicitis,6,mix10_20,0.8222222222222222,0.6590909090909091,0.5402394750155508,4.8,5
appendicitis,6,mix25_100,0.8296296296296296,0.6636363636363637,6.758606191445142,4.882,5
appendicitis,6,mix25_20,0.8296296296296296,0.6636363636363637,1.3365566249005496,5.0200000000000005,5
appendicitis,6,mix50_20,0.8296296296296296,0.6636363636363637,2.7781799824908378,5.29,5
appendicitis,6,rf_sqrt_fixed,0.8592592592592592,0.6818181818181819,0.07589008333161473,5.164,5
appendicitis,6,sighted2_20,0.837037037037037,0.6681818181818182,5.511333891469985,5.91,5
appendicitis,6,tree_k1,0.7851851851851851,0.6209090909090909,0.002678400184959173,4.8,5
appendicitis,6,tree_k2,0.8296296296296296,0.6945454545454546,0.5067987084388733,6.0,5
appendicitis,None,cart_bag100,0.8518518518518519,0.6772727272727272,0.05641967533156276,4.656000000000001,5
appendicitis,None,cart_bag200,0.8592592592592592,0.6818181818181819,0.11363900937139988,4.642,5
appendicitis,None,cart_fixed,0.8222222222222222,0.6436363636363637,0.0006849999539554119,5.4,5
appendicitis,None,cart_mix10_100,0.8592592592592592,0.6818181818181819,3.3471468738280237,5.482,5
appendicitis,None,greedy100,0.8222222222222222,0.6590909090909091,0.23049207478761674,4.668,5
appendicitis,None,greedy20,0.8296296296296296,0.6636363636363637,0.047171758394688366,4.779999999999999,5
appendicitis,None,greedy200,0.8222222222222222,0.6590909090909091,0.4522140009328723,4.647,5
appendicitis,None,mix05_100,0.8222222222222222,0.6590909090909091,1.899677898734808,5.0840000000000005,5
appendicitis,None,mix05_20,0.8222222222222222,0.6590909090909091,0.33102814182639123,5.15,5
appendicitis,None,mix10_100,0.8222222222222222,0.6590909090909091,3.527141264826059,5.492,5
appendicitis,None,mix10_20,0.8222222222222222,0.6590909090909091,0.690748733561486,5.65,5
appendicitis,None,mix25_100,0.8444444444444444,0.6881818181818182,8.233028664346785,6.676,5
appendicitis,None,mix25_20,0.8296296296296296,0.6636363636363637,1.6126274490728973,6.890000000000001,5
appendicitis,None,mix50_20,0.837037037037037,0.6836363636363636,3.3671698325313626,8.84,5
appendicitis,None,rf_sqrt_fixed,0.8592592592592592,0.6818181818181819,0.07512325812131167,5.458,5
appendicitis,None,sighted2_20,0.8296296296296296,0.6636363636363637,6.641876031830907,12.919999999999998,5
appendicitis,None,tree_k1,0.7777777777777778,0.6163636363636364,0.0032809086143970488,5.4,5
appendicitis,None,tree_k2,0.7925925925925925,0.6718181818181819,0.7723024502396584,19.8,5
balance_scale,3,cart_bag100,0.8305732484076433,0.5994926433282598,0.054592631105333564,3.0,5
balance_scale,3,cart_bag200,0.829299363057325,0.5985667174023338,0.10900183031335473,3.0,5
balance_scale,3,cart_fixed,0.7286624203821657,0.5258878741755454,0.0005712749436497689,3.0,5
balance_scale,3,cart_mix10_100,0.8254777070063695,0.5958016235413496,0.11981582548469305,3.0,5
balance_scale,3,cart_tuned,0.7770700636942676,0.5794393708777271,0.0005260467529296875,,5
balance_scale,3,greedy100,0.8305732484076433,0.5994926433282598,0.11071568420156837,3.0,5
balance_scale,3,greedy20,0.8089171974522295,0.5838406900050735,0.022391675133258106,3.0,5
balance_scale,3,greedy200,0.829299363057325,0.5985667174023338,0.2244269412010908,3.0,5
balance_scale,3,majority,0.4585987261146497,0.3333333333333333,0.0,,5
balance_scale,3,mix05_100,0.8280254777070064,0.5976407914764079,0.13745340136811138,3.0,5
balance_scale,3,mix05_20,0.8063694267515924,0.5820142059868088,0.026962383929640055,3.0,5
balance_scale,3,mix10_100,0.8254777070063695,0.5958016235413496,0.16199270011857153,3.0,5
balance_scale,3,mix10_20,0.8101910828025478,0.5847666159309994,0.032037217449396846,3.0,5
balance_scale,3,mix25_100,0.8242038216560509,0.5948883815322172,0.2353740656748414,3.0,5
balance_scale,3,mix25_20,0.8012738853503185,0.5783485540334856,0.04720453396439552,3.0,5
balance_scale,3,mix50_20,0.8203821656050956,0.5921486555048199,0.07387022469192743,3.0,5
balance_scale,3,rf_sqrt_fixed,0.8496815286624205,0.6132927447995942,0.06585544161498547,3.0,5
balance_scale,3,rf_tuned,0.8522292993630574,0.615220700152207,0.058804988861083984,,5
balance_scale,3,sighted2_20,0.8267515923566879,0.596765601217656,0.12162401713430882,3.0,5
balance_scale,3,tree_k1,0.7286624203821657,0.5258878741755454,0.0011747414246201515,3.0,5
balance_scale,3,tree_k2,0.7121019108280254,0.5140537798072045,0.005711191799491644,3.0,5
balance_scale,6,cart_bag100,0.8343949044585987,0.6023338406900051,0.06546112392097711,6.0,5
balance_scale,6,cart_bag200,0.8305732484076433,0.5996067985794014,0.12911135740578175,6.0,5
balance_scale,6,cart_fixed,0.7719745222929937,0.561834094368341,0.0008344246074557304,6.0,5
balance_scale,6,cart_mix10_100,0.8382165605095542,0.6050989345509893,0.23214283185079693,6.0,5
balance_scale,6,greedy100,0.8356687898089172,0.6032470826991375,0.25713997464627025,6.0,5
balance_scale,6,greedy20,0.8318471337579618,0.6004819888381532,0.05221777502447367,6.0,5
balance_scale,6,greedy200,0.8318471337579618,0.6005200405885337,0.51702147629112,6.0,5
balance_scale,6,mix05_100,0.8356687898089172,0.6032470826991375,0.3147563336417079,6.0,5
balance_scale,6,mix05_20,0.8280254777070064,0.5977422628107559,0.06234943373128772,6.0,5
balance_scale,6,mix10_100,0.8343949044585987,0.6023338406900051,0.3731490667909384,6.0,5
balance_scale,6,mix10_20,0.8280254777070064,0.5977549467275495,0.07441125065088272,6.0,5
balance_scale,6,mix25_100,0.8267515923566879,0.5968290208016235,0.5489229822531343,6.0,5
balance_scale,6,mix25_20,0.8254777070063695,0.595890410958904,0.10856525087729096,6.0,5
balance_scale,6,mix50_20,0.8305732484076433,0.5995306950786403,0.16410470167174934,6.0,5
balance_scale,6,rf_sqrt_fixed,0.8573248407643312,0.6189117199391172,0.0716054999269545,6.0,5
balance_scale,6,sighted2_20,0.8254777070063695,0.595890410958904,0.27208451088517904,6.0,5
balance_scale,6,tree_k1,0.7796178343949045,0.5719685438863521,0.0030506999231874944,6.0,5
balance_scale,6,tree_k2,0.7770700636942676,0.5841070522577372,0.013397300243377685,6.0,5
balance_scale,None,cart_bag100,0.8050955414012739,0.5811643835616438,0.07283711517229677,10.373999999999999,5
balance_scale,None,cart_bag200,0.7961783439490446,0.5747590055809233,0.14499797886237503,10.379999999999999,5
balance_scale,None,cart_fixed,0.7770700636942676,0.5655885337392187,0.0007327496074140072,11.0,5
balance_scale,None,cart_mix10_100,0.8050955414012739,0.5811770674784373,0.28832429787144065,10.384,5
balance_scale,None,greedy100,0.802547770700637,0.579337899543379,0.42308529298752545,10.376,5
balance_scale,None,greedy20,0.8063694267515924,0.5820903094875698,0.08659355025738477,10.379999999999999,5
balance_scale,None,greedy200,0.7974522292993631,0.5756976154236428,0.8253346322104335,10.385,5
balance_scale,None,mix05_100,0.8012738853503185,0.5784246575342465,0.4901128516532481,10.384,5
balance_scale,None,mix05_20,0.8012738853503185,0.5784119736174531,0.1004977498203516,10.39,5
balance_scale,None,mix10_100,0.8076433121019109,0.5830035514967021,0.5605539096519351,10.388,5
balance_scale,None,mix10_20,0.8012738853503185,0.5784373414510401,0.11430850001052022,10.43,5
balance_scale,None,mix25_100,0.8089171974522295,0.5839802130898021,0.7720460349693894,10.42,5
balance_scale,None,mix25_20,0.8063694267515924,0.5821029934043633,0.15498281633481384,10.45,5
balance_scale,None,mix50_20,0.8152866242038217,0.5885210553018771,0.22508607413619758,10.53,5
balance_scale,None,rf_sqrt_fixed,0.829299363057325,0.5986681887366819,0.07805278347805142,10.564,5
balance_scale,None,sighted2_20,0.8076433121019109,0.5830542871638762,0.3657122416421771,10.68,5
balance_scale,None,tree_k1,0.780891719745223,0.5683663115169965,0.00635232524946332,11.0,5
balance_scale,None,tree_k2,0.7796178343949045,0.5767376966007103,0.022653349675238132,11.2,5
breast_cancer,3,cart_bag100,0.7416666666666666,0.6103641456582632,0.061623130552470685,3.0,5
breast_cancer,3,cart_bag200,0.7416666666666666,0.6159663865546218,0.12417307617142796,3.0,5
breast_cancer,3,cart_fixed,0.7333333333333333,0.6016806722689075,0.0008059250190854073,3.0,5
breast_cancer,3,cart_mix10_100,0.736111111111111,0.6064425770308123,0.23313490403816103,3.0,5
breast_cancer,3,cart_tuned,0.7277777777777779,0.6033613445378151,0.0005243301391601562,,5
breast_cancer,3,greedy100,0.7416666666666666,0.6103641456582632,0.12198757668957114,3.0,5
breast_cancer,3,greedy20,0.7472222222222222,0.6198879551820728,0.025098542030900717,3.0,5
breast_cancer,3,greedy200,0.7416666666666666,0.6159663865546218,0.24383511869236826,3.0,5
breast_cancer,3,majority,0.7083333333333334,0.5,0.0,,5
breast_cancer,3,mix05_100,0.7416666666666666,0.6103641456582632,0.18260382544249296,3.0,5
breast_cancer,3,mix05_20,0.7472222222222222,0.6226890756302521,0.036708558350801467,3.0,5
breast_cancer,3,mix10_100,0.736111111111111,0.6064425770308123,0.2432476833462715,3.0,5
breast_cancer,3,mix10_20,0.75,0.6246498599439776,0.04890029169619083,3.0,5
breast_cancer,3,mix25_100,0.7472222222222222,0.6170868347338935,0.4232147172093391,3.0,5
breast_cancer,3,mix25_20,0.7527777777777778,0.6266106442577031,0.08460622495040297,3.0,5
breast_cancer,3,mix50_20,0.7416666666666667,0.6187675070028011,0.14582145689055323,3.0,5
breast_cancer,3,rf_sqrt_fixed,0.7611111111111111,0.626890756302521,0.08299489170312882,3.0,5
breast_cancer,3,rf_tuned,0.7555555555555555,0.6257703081232493,0.06577720642089843,,5
breast_cancer,3,sighted2_20,0.7444444444444445,0.6207282913165265,0.2653834651224315,3.0,5
breast_cancer,3,tree_k1,0.7305555555555555,0.599719887955182,0.0013494168408215046,3.0,5
breast_cancer,3,tree_k2,0.725,0.6070028011204481,0.014401600137352944,3.0,5
breast_cancer,6,cart_bag100,0.7444444444444445,0.6291316526610644,0.07143357330933213,6.0,5
breast_cancer,6,cart_bag200,0.7444444444444445,0.6263305322128851,0.13913328992202878,6.0,5
breast_cancer,6,cart_fixed,0.7166666666666667,0.5983193277310924,0.0008003582246601581,6.0,5
breast_cancer,6,cart_mix10_100,0.7416666666666666,0.6271708683473389,0.4820159934461117,6.0,5
breast_cancer,6,greedy100,0.736111111111111,0.6092436974789915,0.26130208615213635,6.0,5
breast_cancer,6,greedy20,0.7222222222222222,0.6050420168067226,0.051526359748095274,6.0,5
breast_cancer,6,greedy200,0.7333333333333334,0.6128851540616246,0.5241314466111362,6.0,5
breast_cancer,6,mix05_100,0.7333333333333333,0.6072829131652661,0.4118380282074213,6.0,5
breast_cancer,6,mix05_20,0.736111111111111,0.6176470588235293,0.07976540131494403,6.0,5
breast_cancer,6,mix10_100,0.7277777777777777,0.6005602240896358,0.5652881623245776,6.0,5
breast_cancer,6,mix10_20,0.7333333333333333,0.6128851540616246,0.11048745950683951,6.0,5
breast_cancer,6,mix25_100,0.725,0.5957983193277311,1.0276401187293231,6.0,5
breast_cancer,6,mix25_20,0.7305555555555555,0.6165266106442576,0.20085470909252762,6.0,5
breast_cancer,6,mix50_20,0.7333333333333333,0.6212885154061624,0.35848815077915785,6.0,5
breast_cancer,6,rf_sqrt_fixed,0.7472222222222222,0.6254901960784313,0.08887386685237289,6.0,5
breast_cancer,6,sighted2_20,0.7472222222222222,0.6338935574229692,0.6685802669264376,6.0,5
breast_cancer,6,tree_k1,0.7166666666666667,0.5983193277310924,0.002990758419036865,6.0,5
breast_cancer,6,tree_k2,0.6416666666666667,0.542577030812325,0.04056985005736351,6.0,5
breast_cancer,None,cart_bag100,0.711111111111111,0.6140056022408963,0.07692485144361853,13.034,5
breast_cancer,None,cart_bag200,0.7194444444444444,0.6198879551820728,0.151779277715832,13.030000000000001,5
breast_cancer,None,cart_fixed,0.6472222222222223,0.5689075630252101,0.0008801915682852268,15.4,5
breast_cancer,None,cart_mix10_100,0.7138888888888889,0.6131652661064426,0.5993059065192938,12.940000000000001,5
breast_cancer,None,greedy100,0.6972222222222222,0.5985994397759103,0.4218100916594267,13.008,5
breast_cancer,None,greedy20,0.6666666666666667,0.5602240896358543,0.0847997329197824,12.959999999999999,5
breast_cancer,None,greedy200,0.6972222222222222,0.6014005602240896,0.8428868431597948,12.999,5
breast_cancer,None,mix05_100,0.6888888888888889,0.584313725490196,0.6127371503040194,12.99,5
breast_cancer,None,mix05_20,0.6611111111111111,0.5563025210084034,0.12385975793004037,12.89,5
breast_cancer,None,mix10_100,0.6944444444444444,0.5910364145658263,0.8100488835014403,12.913999999999998,5
breast_cancer,None,mix10_20,0.6722222222222223,0.5725490196078431,0.1615795660763979,12.73,5
breast_cancer,None,mix25_100,0.6861111111111111,0.5823529411764705,1.3837908406741917,12.684000000000001,5
breast_cancer,None,mix25_20,0.6777777777777778,0.565266106442577,0.27287838226184247,12.52,5
breast_cancer,None,mix50_20,0.6888888888888889,0.5759103641456582,0.46766880759969354,12.14,5
breast_cancer,None,rf_sqrt_fixed,0.725,0.6238095238095238,0.08835383346304297,13.478,5
breast_cancer,None,sighted2_20,0.6777777777777778,0.5596638655462185,0.836579867452383,11.28,5
breast_cancer,None,tree_k1,0.6583333333333333,0.5767507002801121,0.006174583360552788,15.4,5
breast_cancer,None,tree_k2,0.625,0.5476190476190477,0.061530574969947335,12.8,5
bupa,3,cart_bag100,0.5862068965517241,0.5871564482029598,0.06654085982590914,3.0,5
bupa,3,cart_bag200,0.5885057471264368,0.5894291754756871,0.13299787687137724,3.0,5
bupa,3,cart_fixed,0.560919540229885,0.5627906976744186,0.0007870918139815331,3.0,5
bupa,3,cart_mix10_100,0.5908045977011495,0.5917019027484144,3.284544100705534,3.0,5
bupa,3,cart_tuned,0.5425287356321838,0.5430761099365751,0.0007488727569580078,,5
bupa,3,greedy100,0.5839080459770114,0.5847780126849894,0.2845761644653976,3.0,5
bupa,3,greedy20,0.5655172413793104,0.5664904862579281,0.05680881636217237,3.0,5
bupa,3,greedy200,0.5908045977011495,0.5917019027484144,0.567527874186635,3.0,5
bupa,3,majority,0.5057471264367817,0.5,0.0,,5
bupa,3,mix05_100,0.5908045977011495,0.5916490486257928,1.75794592294842,3.0,5
bupa,3,mix05_20,0.5724137931034482,0.5733086680761099,0.34519123351201414,3.0,5
bupa,3,mix10_100,0.5954022988505747,0.5962473572938689,3.1597750155255198,3.0,5
bupa,3,mix10_20,0.5816091954022988,0.5825052854122622,0.6636183254420758,3.0,5
bupa,3,mix25_100,0.6,0.6007928118393234,7.464197882451117,3.0,5
bupa,3,mix25_20,0.5885057471264368,0.5892177589852008,1.4930832673795522,3.0,5
bupa,3,mix50_20,0.5839080459770115,0.5847251585623678,2.8959319085814057,3.0,5
bupa,3,rf_sqrt_fixed,0.5816091954022988,0.5827167019027485,0.07451928360387683,3.0,5
bupa,3,rf_tuned,0.5862068965517241,0.5873678646934462,0.0650871753692627,,5
bupa,3,sighted2_20,0.6022988505747127,0.6029069767441861,5.875531391985715,3.0,5
bupa,3,tree_k1,0.5632183908045978,0.5651162790697675,0.003292008675634861,3.0,5
bupa,3,tree_k2,0.5563218390804597,0.5585623678646934,0.39719249987974764,3.0,5
bupa,6,cart_bag100,0.6114942528735632,0.6119450317124736,0.07955162562429904,6.0,5
bupa,6,cart_bag200,0.6045977011494252,0.6050211416490486,0.15854627657681702,6.0,5
bupa,6,cart_fixed,0.5701149425287356,0.5702959830866808,0.0010596747510135175,6.0,5
bupa,6,cart_mix10_100,0.6137931034482759,0.614323467230444,5.141431538108736,6.0,5
bupa,6,greedy100,0.6068965517241379,0.6075581395348838,0.5040123509243131,6.0,5
bupa,6,greedy20,0.6160919540229886,0.616384778012685,0.10069094197824598,6.0,5
bupa,6,greedy200,0.6137931034482758,0.6142706131078224,1.027097291778773,6.0,5
bupa,6,mix05_100,0.6,0.6005813953488371,2.7018334249965847,6.0,5
bupa,6,mix05_20,0.6206896551724138,0.6209830866807612,0.5457072669640184,6.0,5
bupa,6,mix10_100,0.6,0.6005813953488371,4.877856899984181,6.0,5
bupa,6,mix10_20,0.6114942528735632,0.6118393234672305,1.01396075040102,6.0,5
bupa,6,mix25_100,0.6022988505747127,0.6028012684989429,11.574427982233464,6.0,5
bupa,6,mix25_20,0.6,0.6001585623678647,2.3448975761421025,6.0,5
bupa,6,mix50_20,0.5816091954022988,0.5817124735729386,4.578134326636791,6.0,5
bupa,6,rf_sqrt_fixed,0.6022988505747127,0.6028012684989429,0.07733753314241767,6.0,5
bupa,6,sighted2_20,0.5977011494252873,0.5979915433403805,9.108095817174762,6.0,5
bupa,6,tree_k1,0.5632183908045978,0.5634249471458774,0.005970633402466774,6.0,5
bupa,6,tree_k2,0.5333333333333334,0.533985200845666,0.6884007916785777,6.0,5
bupa,None,cart_bag100,0.5747126436781609,0.5748414376321354,0.09128793235868216,12.984,5
bupa,None,cart_bag200,0.5816091954022988,0.581553911205074,0.18015905590727926,12.95,5
bupa,None,cart_fixed,0.5149425287356322,0.5145877378435518,0.0011047000996768474,14.6,5
bupa,None,cart_mix10_100,0.5747126436781609,0.5748414376321354,5.769337431527674,13.022,5
bupa,None,greedy100,0.5701149425287356,0.5701374207188161,0.775742918252945,13.008000000000001,5
bupa,None,greedy20,0.5908045977011495,0.5908033826638478,0.1649841177277267,13.219999999999999,5
bupa,None,greedy200,0.5885057471264368,0.5885306553911206,1.5268483692780137,12.956999999999999,5
bupa,None,mix05_100,0.5563218390804597,0.5565010570824525,3.3925182854756715,13.02,5
bupa,None,mix05_20,0.574712643678161,0.5747357293868922,0.6638498092070222,13.14,5
bupa,None,mix10_100,0.5655172413793104,0.5655391120507399,5.833813535794616,13.052000000000001,5
bupa,None,mix10_20,0.5793103448275863,0.5794397463002114,1.1787552839145063,13.14,5
bupa,None,mix25_100,0.5770114942528736,0.5771670190274841,13.285249669477343,13.124,5
bupa,None,mix25_20,0.5770114942528736,0.5772727272727274,2.6834537920542063,13.16,5
bupa,None,mix50_20,0.5632183908045978,0.5636363636363637,5.212874142359942,13.51,5
bupa,None,rf_sqrt_fixed,0.5632183908045978,0.5631606765327696,0.0870337332598865,14.542000000000002,5
bupa,None,sighted2_20,0.5655172413793104,0.5663847780126849,10.200138891953975,13.809999999999999,5
bupa,None,tree_k1,0.5310344827586206,0.5308139534883721,0.0106199917383492,14.6,5
bupa,None,tree_k2,0.5494252873563219,0.5497357293868922,0.8813609162345528,15.8,5
car_evaluation,3,cart_bag100,0.812037037037037,0.40863758250825083,0.08165284097194672,3.0,5
car_evaluation,3,cart_bag200,0.8157407407407409,0.41422751650165013,0.16358283786103128,3.0,5
car_evaluation,3,cart_fixed,0.7921296296296296,0.3730765264026402,0.0008855747058987617,3.0,5
car_evaluation,3,cart_mix10_100,0.8152777777777779,0.416197400990099,0.2520648972131312,3.0,5
car_evaluation,3,cart_tuned,0.9773148148148149,0.9554291642399534,0.0013225555419921875,,5
car_evaluation,3,greedy100,0.812037037037037,0.40863758250825083,0.2557581252418458,3.0,5
car_evaluation,3,greedy20,0.7962962962962963,0.391996699669967,0.05214090021327138,3.0,5
car_evaluation,3,greedy200,0.8157407407407409,0.41422751650165013,0.5115655333735049,3.0,5
car_evaluation,3,majority,0.7013888888888888,0.25,0.0,,5
car_evaluation,3,mix05_100,0.811574074074074,0.4106074669966997,0.33845645943656566,3.0,5
car_evaluation,3,mix05_20,0.7962962962962963,0.391996699669967,0.0683414169587195,3.0,5
car_evaluation,3,mix10_100,0.8152777777777779,0.416197400990099,0.42172984313219786,3.0,5
car_evaluation,3,mix10_20,0.8037037037037038,0.4088696369636963,0.08423864990472793,3.0,5
car_evaluation,3,mix25_100,0.8375,0.45258353960396036,0.6711665927432477,3.0,5
car_evaluation,3,mix25_20,0.8314814814814815,0.4440336221122112,0.1343091420829296,3.0,5
car_evaluation,3,mix50_20,0.8189814814814815,0.44669451320132014,0.21749569298699498,3.0,5
car_evaluation,3,rf_sqrt_fixed,0.8064814814814815,0.3735664191419142,0.0836791998706758,3.0,5
car_evaluation,3,rf_tuned,0.9800925925925925,0.9561338211026985,0.13998165130615234,,5
car_evaluation,3,sighted2_20,0.8430555555555556,0.4677289603960396,0.3861104091629386,3.0,5
car_evaluation,3,tree_k1,0.7921296296296296,0.3730765264026402,0.002853958494961262,3.0,5
car_evaluation,3,tree_k2,0.7907407407407407,0.43520523927392746,0.0187988331541419,3.0,5
car_evaluation,6,cart_bag100,0.936574074074074,0.8663223767229665,0.10309372609481215,6.0,5
car_evaluation,6,cart_bag200,0.9375,0.8670082265579498,0.20408982457593083,6.0,5
car_evaluation,6,cart_fixed,0.923611111111111,0.8847675208697341,0.0010384416207671165,6.0,5
car_evaluation,6,cart_mix10_100,0.9388888888888889,0.8685707265579499,0.4272427809424698,6.0,5
car_evaluation,6,greedy100,0.936574074074074,0.8663223767229665,0.370283926744014,6.0,5
car_evaluation,6,greedy20,0.937037037037037,0.8882704814599107,0.07468732558190823,6.0,5
car_evaluation,6,greedy200,0.9375,0.8670082265579498,0.743507884722203,6.0,5
car_evaluation,6,mix05_100,0.937037037037037,0.8664873932246167,0.5297880010679364,6.0,5
car_evaluation,6,mix05_20,0.937962962962963,0.8900237817899438,0.10431215865537524,6.0,5
car_evaluation,6,mix10_100,0.9388888888888889,0.8685707265579499,0.690509868785739,6.0,5
car_evaluation,6,mix10_20,0.937962962962963,0.8900237817899438,0.13295370051637292,6.0,5
car_evaluation,6,mix25_100,0.9398148148148149,0.8630629974762183,1.1721712430007756,6.0,5
car_evaluation,6,mix25_20,0.9398148148148149,0.8679036837507279,0.22108447635546327,6.0,5
car_evaluation,6,mix50_20,0.938425925925926,0.856487817899437,0.3697164932265878,6.0,5
car_evaluation,6,rf_sqrt_fixed,0.9277777777777778,0.7174420015530965,0.09023614171892405,6.0,5
car_evaluation,6,sighted2_20,0.9305555555555556,0.8430395796932635,0.6729031255468726,6.0,5
car_evaluation,6,tree_k1,0.923611111111111,0.8847675208697341,0.003845925070345402,6.0,5
car_evaluation,6,tree_k2,0.9018518518518519,0.7875139536012424,0.03313448317348957,6.0,5
car_evaluation,None,cart_bag100,0.9819444444444445,0.9684381673461464,0.11513669276610017,11.488,5
car_evaluation,None,cart_bag200,0.9814814814814815,0.9654969908755582,0.22559988051652907,11.484,5
car_evaluation,None,cart_fixed,0.9773148148148149,0.9554291642399534,0.0012456916272640228,11.8,5
car_evaluation,None,cart_mix10_100,0.9805555555555555,0.9637436905455251,0.7708771921694278,11.734,5
car_evaluation,None,greedy100,0.9782407407407409,0.9571824645699865,0.7667203275486827,11.501999999999999,5
car_evaluation,None,greedy20,0.975,0.9542482649000193,0.153111675940454,11.32,5
car_evaluation,None,greedy200,0.9782407407407409,0.9547621214327314,1.6826812708750367,11.5,5
car_evaluation,None,mix05_100,0.9787037037037039,0.9597678242088914,1.0916759941726923,11.624,5
car_evaluation,None,mix05_20,0.974537037037037,0.9533716147350029,0.2537725175730884,11.45,5
car_evaluation,None,mix10_100,0.9768518518518519,0.9552641477383033,1.4171076356433332,11.75,5
car_evaluation,None,mix10_20,0.9736111111111111,0.9526857649000193,0.31946360915899275,11.61,5
car_evaluation,None,mix25_100,0.975462962962963,0.9537016477383032,2.3765177939087154,12.164,5
car_evaluation,None,mix25_20,0.9712962962962963,0.9473054382644147,0.5188425924628973,12.03,5
car_evaluation,None,mix50_20,0.9537037037037036,0.9039279387497572,0.8555580423213541,12.809999999999999,5
car_evaluation,None,rf_sqrt_fixed,0.9819444444444445,0.9510459134148709,0.10129741663113237,12.648,5
car_evaluation,None,sighted2_20,0.7712962962962963,0.6526147835371773,1.51517055016011,14.169999999999998,5
car_evaluation,None,tree_k1,0.975,0.9483401281304602,0.008619999699294566,12.0,5
car_evaluation,None,tree_k2,0.763425925925926,0.6170895214521452,0.09198589995503426,14.6,5
cloud,3,cart_bag100,0.45925925925925926,0.45446428571428565,0.06045478582382202,3.0,5
cloud,3,cart_bag200,0.4666666666666666,0.4595238095238095,0.11744517954066395,3.0,5
cloud,3,cart_fixed,0.34814814814814815,0.3455357142857143,0.0006874501705169678,3.0,5
cloud,3,cart_mix10_100,0.4814814814814815,0.4752976190476191,2.30392892267555,3.0,5
cloud,3,cart_tuned,0.39259259259259255,0.39464285714285713,0.0007073879241943359,,5
cloud,3,greedy100,0.4666666666666666,0.46279761904761896,0.22256239205598832,3.0,5
cloud,3,greedy20,0.45925925925925926,0.4553571428571429,0.045031882263720034,3.0,5
cloud,3,greedy200,0.45925925925925926,0.4574404761904762,0.4403457167558372,3.0,5
cloud,3,majority,0.2962962962962963,0.25,0.0,,5
cloud,3,mix05_100,0.47407407407407404,0.469047619047619,1.2268050089478493,3.0,5
cloud,3,mix05_20,0.47407407407407404,0.4708333333333333,0.24974374938756227,3.0,5
cloud,3,mix10_100,0.47407407407407404,0.469047619047619,2.3043003576807677,3.0,5
cloud,3,mix10_20,0.45925925925925926,0.45714285714285713,0.46211362443864346,3.0,5
cloud,3,mix25_100,0.4962962962962963,0.48988095238095236,5.413739626295865,3.0,5
cloud,3,mix25_20,0.5185185185185185,0.5151785714285714,1.1309444250538945,3.0,5
cloud,3,mix50_20,0.5407407407407407,0.5363095238095238,2.2395388669334353,3.0,5
cloud,3,rf_sqrt_fixed,0.37037037037037035,0.3583333333333333,0.07581266686320305,3.0,5
cloud,3,rf_tuned,0.47407407407407404,0.469047619047619,0.08277645111083984,,5
cloud,3,sighted2_20,0.5703703703703704,0.5601190476190476,4.386436108127237,3.0,5
cloud,3,tree_k1,0.34814814814814815,0.3455357142857143,0.002955291606485844,3.0,5
cloud,3,tree_k2,0.44444444444444436,0.425595238095238,0.5483349001966417,3.0,5
cloud,6,cart_bag100,0.5037037037037037,0.5020833333333333,0.06453986577689648,5.998,5
cloud,6,cart_bag200,0.4666666666666666,0.4657738095238095,0.1297057054936886,5.9990000000000006,5
cloud,6,cart_fixed,0.36296296296296293,0.3708333333333333,0.0008578918874263764,6.0,5
cloud,6,cart_mix10_100,0.5333333333333333,0.5321428571428571,3.1219548945315183,5.998,5
cloud,6,greedy100,0.5185185185185185,0.5178571428571429,0.31411541821435096,5.998,5
cloud,6,greedy20,0.4814814814814815,0.4854166666666666,0.0624020759947598,6.0,5
cloud,6,greedy200,0.4888888888888888,0.4875,0.627030910179019,5.9990000000000006,5
cloud,6,mix05_100,0.5407407407407407,0.5383928571428571,1.6540912929922342,5.998,5
cloud,6,mix05_20,0.4888888888888888,0.48839285714285713,0.30618882616981863,6.0,5
cloud,6,mix10_100,0.5333333333333333,0.53125,3.018552683945745,5.998,5
cloud,6,mix10_20,0.4814814814814815,0.4854166666666666,0.5630002005025745,6.0,5
cloud,6,mix25_100,0.6148148148148148,0.6077380952380952,7.115633841510862,5.998,5
cloud,6,mix25_20,0.6,0.5964285714285714,1.3587717755697668,6.0,5
cloud,6,mix50_20,0.6592592592592592,0.6511904761904762,2.653830283973366,6.0,5
cloud,6,rf_sqrt_fixed,0.34814814814814815,0.34285714285714286,0.08458793321624399,6.0,5
cloud,6,sighted2_20,0.7333333333333333,0.7226190476190476,5.307686408609152,6.0,5
cloud,6,tree_k1,0.37777777777777777,0.38541666666666663,0.004039233177900314,6.0,5
cloud,6,tree_k2,0.7851851851851851,0.7738095238095238,0.7094507752917707,6.0,5
cloud,None,cart_bag100,0.5333333333333333,0.5333333333333332,0.06995015675202013,9.122,5
cloud,None,cart_bag200,0.4962962962962963,0.4949404761904761,0.13771577198058366,9.048,5
cloud,None,cart_fixed,0.5111111111111111,0.5113095238095238,0.0009446831420063973,10.8,5
cloud,None,cart_mix10_100,0.5333333333333333,0.5312499999999999,3.3670957810245454,9.184000000000001,5
cloud,None,greedy100,0.6222222222222221,0.6181547619047618,0.37357057435438035,9.117999999999999,5
cloud,None,greedy20,0.5111111111111111,0.5092261904761906,0.07462752349674702,9.4,5
cloud,None,greedy200,0.5851851851851851,0.5839285714285714,0.7401796403340996,9.049000000000001,5
cloud,None,mix05_100,0.6148148148148148,0.6086309523809523,1.623112491890788,9.124,5
cloud,None,mix05_20,0.5407407407407407,0.5360119047619047,0.33141277376562356,9.47,5
cloud,None,mix10_100,0.6148148148148148,0.606547619047619,2.9447090501897035,9.181999999999999,5
cloud,None,mix10_20,0.5555555555555556,0.5547619047619048,0.6005424575880169,9.48,5
cloud,None,mix25_100,0.674074074074074,0.6666666666666666,6.780488683190197,9.182,5
cloud,None,mix25_20,0.6296296296296295,0.6232142857142857,1.3872952660545708,9.540000000000001,5
cloud,None,mix50_20,0.6962962962962963,0.6866071428571427,2.694812033418566,9.379999999999999,5
cloud,None,rf_sqrt_fixed,0.34814814814814815,0.34196428571428567,0.08135310858488083,9.879999999999999,5
cloud,None,sighted2_20,0.7481481481481481,0.7392857142857142,5.230232509318739,9.36,5
cloud,None,tree_k1,0.548148148148148,0.5476190476190477,0.005828566942363977,10.8,5
cloud,None,tree_k2,0.8074074074074075,0.8050595238095237,0.7813717001117766,11.6,5
confidence,3,cart_bag100,0.8,0.7999999999999999,0.036620596423745155,3.0,5
confidence,3,cart_bag200,0.7777777777777778,0.7777777777777777,0.0746569954790175,3.0,5
confidence,3,cart_fixed,0.6666666666666667,0.6666666666666666,0.00045429151505231856,3.0,5
confidence,3,cart_mix10_100,0.8111111111111111,0.8111111111111111,0.19955403432250024,3.0,5
confidence,3,cart_tuned,0.788888888888889,0.7888888888888889,0.00033211708068847656,,5
confidence,3,greedy100,0.788888888888889,0.7888888888888889,0.06366456430405379,3.0,5
confidence,3,greedy20,0.8,0.7999999999999999,0.012311858683824539,3.0,5
confidence,3,greedy200,0.788888888888889,0.7888888888888889,0.1265867894515395,3.0,5
confidence,3,majority,0.16666666666666666,0.16666666666666666,0.0,,5
confidence,3,mix05_100,0.8,0.8,0.13261298108845948,3.0,5
confidence,3,mix05_20,0.8,0.7999999999999999,0.02514435052871704,3.0,5
confidence,3,mix10_100,0.8,0.8,0.2027416553348303,3.0,5
confidence,3,mix10_20,0.8111111111111111,0.8111111111111111,0.03752899151295423,3.0,5
confidence,3,mix25_100,0.788888888888889,0.788888888888889,0.4155114718712866,3.0,5
confidence,3,mix25_20,0.8222222222222222,0.8222222222222222,0.07796597434207797,3.0,5
confidence,3,mix50_20,0.8333333333333334,0.8333333333333334,0.1461383574642241,3.0,5
confidence,3,rf_sqrt_fixed,0.8444444444444444,0.8444444444444444,0.05642664162442088,3.0,5
confidence,3,rf_tuned,0.8,0.8,0.051039695739746094,,5
confidence,3,sighted2_20,0.8111111111111111,0.8111111111111111,0.28423570897430184,3.0,5
confidence,3,tree_k1,0.711111111111111,0.711111111111111,0.0010657334700226785,3.0,5
confidence,3,tree_k2,0.7444444444444445,0.7444444444444444,0.030288091488182546,3.0,5
confidence,6,cart_bag100,0.8222222222222222,0.8222222222222222,0.0397086163982749,5.596,5
confidence,6,cart_bag200,0.8111111111111111,0.8111111111111111,0.07767095752060413,5.621,5
confidence,6,cart_fixed,0.7444444444444445,0.7444444444444445,0.0004801499657332897,6.0,5
confidence,6,cart_mix10_100,0.8333333333333334,0.8333333333333334,0.25665402561426165,5.648,5
confidence,6,greedy100,0.8,0.8,0.08594601470977067,5.593999999999999,5
confidence,6,greedy20,0.788888888888889,0.7888888888888889,0.01648118318989873,5.619999999999999,5
confidence,6,greedy200,0.8,0.7999999999999999,0.16978153819218278,5.619,5
confidence,6,mix05_100,0.8,0.8,0.17822064822539688,5.616,5
confidence,6,mix05_20,0.8111111111111111,0.8111111111111111,0.034066691715270284,5.63,5
confidence,6,mix10_100,0.8,0.8,0.2738555232062936,5.646,5
confidence,6,mix10_20,0.8333333333333334,0.8333333333333333,0.05302757481113076,5.67,5
confidence,6,mix25_100,0.8111111111111111,0.8111111111111111,0.5568212163634598,5.712000000000001,5
confidence,6,mix25_20,0.8222222222222222,0.8222222222222222,0.1046686664223671,5.73,5
confidence,6,mix50_20,0.8111111111111111,0.8111111111111111,0.19859198424965144,5.83,5
confidence,6,rf_sqrt_fixed,0.8666666666666666,0.8666666666666666,0.05503340000286698,5.696,5
confidence,6,sighted2_20,0.8111111111111111,0.8111111111111111,0.37792985094711185,6.0,5
confidence,6,tree_k1,0.7666666666666667,0.7666666666666666,0.001401258073747158,5.4,5
confidence,6,tree_k2,0.7222222222222222,0.7222222222222221,0.04410634143278003,6.0,5
confidence,None,cart_bag100,0.8222222222222222,0.8222222222222222,0.038028400484472515,6.042,5
confidence,None,cart_bag200,0.8222222222222222,0.8222222222222222,0.07606593538075686,6.074,5
confidence,None,cart_fixed,0.7555555555555555,0.7555555555555555,0.0004434665665030479,6.8,5
confidence,None,cart_mix10_100,0.8222222222222222,0.8222222222222222,0.27514927480369805,6.4,5
confidence,None,greedy100,0.8111111111111111,0.8111111111111111,0.08926257705315947,6.026,5
confidence,None,greedy20,0.8,0.8,0.0163459837436676,6.01,5
confidence,None,greedy200,0.8,0.7999999999999999,0.17546612853184343,6.064,5
confidence,None,mix05_100,0.8111111111111111,0.8111111111111111,0.18973566042259335,6.206,5
confidence,None,mix05_20,0.8,0.8,0.03620975846424699,6.13,5
confidence,None,mix10_100,0.8111111111111111,0.8111111111111111,0.2945671858265996,6.388,5
confidence,None,mix10_20,0.8222222222222222,0.8222222222222222,0.05619867565110326,6.34,5
confidence,None,mix25_100,0.8222222222222222,0.8222222222222222,0.6003059858456254,6.918000000000001,5
confidence,None,mix25_20,0.8111111111111111,0.8111111111111111,0.12200739113613963,6.909999999999999,5
confidence,None,mix50_20,0.8,0.8,0.2269692494533956,7.92,5
confidence,None,rf_sqrt_fixed,0.8555555555555555,0.8555555555555555,0.05461524995043874,6.332,5
confidence,None,sighted2_20,0.7555555555555555,0.7555555555555555,0.43512095818296076,9.42,5
confidence,None,tree_k1,0.7666666666666667,0.7666666666666666,0.0016414417885243892,5.4,5
confidence,None,tree_k2,0.7222222222222222,0.7222222222222221,0.051337275002151725,12.8,5
corral,3,cart_bag100,0.9550000000000001,0.9532279314888011,0.05098764169961214,3.0,5
corral,3,cart_bag200,0.96,0.9587834870443567,0.10207756068557501,3.0,5
corral,3,cart_fixed,0.825,0.8258944948203262,0.0005832916125655174,3.0,5
corral,3,cart_mix10_100,0.97,0.9676767676767677,0.06456431997939945,3.0,5
corral,3,cart_tuned,1.0,1.0,0.00037903785705566405,,5
corral,3,greedy100,0.9550000000000001,0.9532279314888011,0.05577466739341617,3.0,5
corral,3,greedy20,0.95,0.9476723759332455,0.011883500404655934,3.0,5
corral,3,greedy200,0.96,0.9587834870443567,0.1118960689753294,3.0,5
corral,3,majority,0.555,0.5,0.0,,5
corral,3,mix05_100,0.96,0.9575757575757576,0.058397308364510535,3.0,5
corral,3,mix05_20,0.97,0.9698945981554677,0.012224342208355665,3.0,5
corral,3,mix10_100,0.9650000000000001,0.9631313131313132,0.060903374664485456,3.0,5
corral,3,mix10_20,0.9800000000000001,0.9787878787878788,0.012690175417810678,3.0,5
corral,3,mix25_100,0.9800000000000001,0.9777777777777779,0.06835963968187571,3.0,5
corral,3,mix25_20,0.985,0.9843434343434343,0.014161534514278174,3.0,5
corral,3,mix50_20,1.0,1.0,0.016640909668058156,3.0,5
corral,3,rf_sqrt_fixed,0.9400000000000001,0.9375713658322354,0.07830717517063021,3.0,5
corral,3,rf_tuned,1.0,1.0,0.056718063354492185,,5
corral,3,sighted2_20,1.0,1.0,0.02126980097964406,3.0,5
corral,3,tree_k1,0.8300000000000001,0.8304399493657806,0.0006729415617883205,3.0,5
corral,3,tree_k2,0.9099999999999999,0.903623188405797,0.001008266769349575,3.0,5
corral,6,cart_bag100,1.0,1.0,0.05174382450059056,4.624,5
corral,6,cart_bag200,1.0,1.0,0.10188585072755814,4.624,5
corral,6,cart_fixed,1.0,1.0,0.0005959999747574329,5.0,5
corral,6,cart_mix10_100,1.0,1.0,0.07089379979297519,4.561999999999999,5
corral,6,greedy100,1.0,1.0,0.07634141799062491,4.61,5
corral,6,greedy20,1.0,1.0,0.015569976437836886,4.71,5
corral,6,greedy200,1.0,1.0,0.15329354917630553,4.6049999999999995,5
corral,6,mix05_100,1.0,1.0,0.08104476872831583,4.5840000000000005,5
corral,6,mix05_20,1.0,1.0,0.01638470161706209,4.68,5
corral,6,mix10_100,1.0,1.0,0.08521672785282135,4.548,5
corral,6,mix10_20,1.0,1.0,0.017234626691788435,4.66,5
corral,6,mix25_100,1.0,1.0,0.09838319187983871,4.458,5
corral,6,mix25_20,1.0,1.0,0.019830117467790842,4.54,5
corral,6,mix50_20,1.0,1.0,0.02435561819002032,4.390000000000001,5
corral,6,rf_sqrt_fixed,1.0,1.0,0.07183135021477938,5.804,5
corral,6,sighted2_20,1.0,1.0,0.032426618039608,4.04,5
corral,6,tree_k1,1.0,1.0,0.0012694998644292355,5.0,5
corral,6,tree_k2,1.0,1.0,0.001736899930983782,4.0,5
corral,None,cart_bag100,1.0,1.0,0.05026919534429908,4.624,5
corral,None,cart_bag200,1.0,1.0,0.09806947614997626,4.624,5
corral,None,cart_fixed,1.0,1.0,0.0006300749257206917,5.0,5
corral,None,cart_mix10_100,1.0,1.0,0.07534460891038179,4.561999999999999,5
corral,None,greedy100,1.0,1.0,0.08765517640858889,4.61,5
corral,None,greedy20,1.0,1.0,0.018267959263175725,4.71,5
corral,None,greedy200,1.0,1.0,0.1745026085525751,4.6049999999999995,5
corral,None,mix05_100,1.0,1.0,0.09211235120892525,4.5840000000000005,5
corral,None,mix05_20,1.0,1.0,0.01908130934461951,4.68,5
corral,None,mix10_100,1.0,1.0,0.09686084194108843,4.548,5
corral,None,mix10_20,1.0,1.0,0.02019370933994651,4.66,5
corral,None,mix25_100,1.0,1.0,0.11102777495980262,4.458,5
corral,None,mix25_20,1.0,1.0,0.02312233354896307,4.54,5
corral,None,mix50_20,1.0,1.0,0.027705857623368503,4.390000000000001,5
corral,None,rf_sqrt_fixed,1.0,1.0,0.07904032487422227,5.804,5
corral,None,sighted2_20,1.0,1.0,0.03764340728521347,4.04,5
corral,None,tree_k1,1.0,1.0,0.0012176084332168103,5.0,5
corral,None,tree_k2,1.0,1.0,0.0019892251119017603,4.0,5
dermatology,3,cart_bag100,0.7891304347826087,0.6474358974358975,0.0786110308021307,3.0,5
dermatology,3,cart_bag200,0.8043478260869567,0.6675747863247864,0.15334753934293985,3.0,5
dermatology,3,cart_fixed,0.7847826086956522,0.644625050875051,0.0008803417906165123,3.0,5
dermatology,3,cart_mix10_100,0.8695652173913043,0.7484279609279609,2.567524750251323,3.0,5
dermatology,3,cart_tuned,0.9347826086956521,0.9166488603988604,0.0010198116302490234,,5
dermatology,3,greedy100,0.7934782608695652,0.6522970085470086,0.31392481047660115,3.0,5
dermatology,3,greedy20,0.8065217391304348,0.6696581196581197,0.06311273397877812,3.0,5
dermatology,3,greedy200,0.8065217391304348,0.6696581196581197,0.6412000266835094,3.0,5
dermatology,3,majority,0.30434782608695654,0.16666666666666666,0.0,,5
dermatology,3,mix05_100,0.8630434782608696,0.7394001831501832,1.7049343188293278,3.0,5
dermatology,3,mix05_20,0.85,0.7243208180708182,0.3297691839747131,3.0,5
dermatology,3,mix10_100,0.8717391304347826,0.7505112942612943,3.039740918856114,3.0,5
dermatology,3,mix10_20,0.8695652173913043,0.7493208180708182,0.5888542171567679,3.0,5
dermatology,3,mix25_100,0.9021739130434783,0.7846382783882785,7.130963019747287,3.0,5
dermatology,3,mix25_20,0.8891304347826086,0.782098595848596,1.4218778085894883,3.0,5
dermatology,3,mix50_20,0.9,0.7871581196581198,2.7585563593544067,3.0,5
dermatology,3,rf_sqrt_fixed,0.9478260869565217,0.9127777777777777,0.07335903346538544,3.0,5
dermatology,3,rf_tuned,0.9565217391304348,0.9467017704517705,0.09411640167236328,,5
dermatology,3,sighted2_20,0.9130434782608695,0.8333084045584045,5.405217976309359,3.0,5
dermatology,3,tree_k1,0.7847826086956522,0.644625050875051,0.003231874667108059,3.0,5
dermatology,3,tree_k2,0.8956521739130434,0.7753917378917379,0.2847200413234532,3.0,5
dermatology,6,cart_bag100,0.9565217391304348,0.9450946275946276,0.08646954940631986,6.0,5
dermatology,6,cart_bag200,0.9543478260869565,0.9439041514041513,0.16950334617868065,6.0,5
dermatology,6,cart_fixed,0.9347826086956521,0.9166488603988604,0.0009883834980428218,6.0,5
dermatology,6,cart_mix10_100,0.9586956521739131,0.9517612942612942,4.716456148959696,6.0,5
dermatology,6,greedy100,0.9586956521739131,0.9471779609279609,0.5155326482839883,6.0,5
dermatology,6,greedy20,0.9543478260869565,0.944135632885633,0.08842092463746667,6.0,5
dermatology,6,greedy200,0.9565217391304348,0.9459874847374847,1.007103613484651,6.0,5
dermatology,6,mix05_100,0.9608695652173914,0.9538446275946276,2.98281693989411,6.0,5
dermatology,6,mix05_20,0.9543478260869565,0.944135632885633,0.6098371170461178,6.0,5
dermatology,6,mix10_100,0.9608695652173914,0.9538446275946276,5.411879248172045,6.0,5
dermatology,6,mix10_20,0.9521739130434783,0.9422837810337811,1.138695059157908,6.0,5
dermatology,6,mix25_100,0.9673913043478262,0.9565231990231989,13.048517997004092,6.0,5
dermatology,6,mix25_20,0.9586956521739131,0.9513314000814,2.747286334261298,6.0,5
dermatology,6,mix50_20,0.9673913043478262,0.9549358974358974,5.545353650487959,6.0,5
dermatology,6,rf_sqrt_fixed,0.9717391304347827,0.9581944444444443,0.07738248370587826,6.0,5
dermatology,6,sighted2_20,0.9391304347826086,0.9250040700040699,10.598432875610888,6.0,5
dermatology,6,tree_k1,0.9347826086956521,0.9205377492877492,0.005573158245533704,6.0,5
dermatology,6,tree_k2,0.9347826086956521,0.9103128815628816,0.6412019750103355,6.0,5
dermatology,None,cart_bag100,0.9586956521739131,0.9444993894993894,0.08622566564008594,8.784,5
dermatology,None,cart_bag200,0.9586956521739131,0.9444993894993894,0.1701649901457131,8.757,5
dermatology,None,cart_fixed,0.9391304347826086,0.9154583842083841,0.0010503834113478661,10.8,5
dermatology,None,cart_mix10_100,0.9630434782608696,0.9523565323565324,5.9756868740543725,9.081999999999999,5
dermatology,None,greedy100,0.9586956521739131,0.9444993894993894,0.5658673668280244,8.788,5
dermatology,None,greedy20,0.9586956521739131,0.9444993894993894,0.10667278384789824,8.57,5
dermatology,None,greedy200,0.9565217391304348,0.9424160561660562,1.109612941928208,8.755,5
dermatology,None,mix05_100,0.9608695652173912,0.9511660561660562,3.894929749611765,8.93,5
dermatology,None,mix05_20,0.9565217391304348,0.9424160561660562,0.7579994003288448,8.72,5
dermatology,None,mix10_100,0.9608695652173912,0.9511660561660562,7.276164407934994,9.078,5
dermatology,None,mix10_20,0.9565217391304348,0.9426475376475377,1.470675858668983,8.870000000000001,5
dermatology,None,mix25_100,0.9608695652173912,0.9509676434676434,17.265329608228058,9.6,5
dermatology,None,mix25_20,0.9565217391304348,0.947230870980871,3.357706508785486,9.39,5
dermatology,None,mix50_20,0.9565217391304348,0.945213675213675,6.701143817137927,10.32,5
dermatology,None,rf_sqrt_fixed,0.9695652173913043,0.9581944444444443,0.07598049975931645,11.632,5
dermatology,None,sighted2_20,0.8978260869565217,0.8766000203500204,13.791726342216133,12.11,5
dermatology,None,tree_k1,0.9304347826086957,0.911906796906797,0.0058147251605987545,10.8,5
dermatology,None,tree_k2,0.8760869565217391,0.8522898860398861,0.8692694002762437,14.2,5
ecoli,3,cart_bag100,0.8609756097560975,0.8080224921277553,0.07232965100556613,3.0,5
ecoli,3,cart_bag200,0.8560975609756097,0.7991336032388664,0.14710566839203237,3.0,5
ecoli,3,cart_fixed,0.8341463414634147,0.7694358974358975,0.0009244415909051895,3.0,5
ecoli,3,cart_mix10_100,0.8609756097560975,0.8080224921277553,4.734982668235898,3.0,5
ecoli,3,cart_tuned,0.8414634146341463,0.7757516869095816,0.0006628990173339844,,5
ecoli,3,greedy100,0.8634146341463416,0.814654970760234,0.3074934795498848,3.0,5
ecoli,3,greedy20,0.8634146341463416,0.8242789023841656,0.061354182474315164,3.0,5
ecoli,3,greedy200,0.8560975609756097,0.7991336032388664,0.6109262985177338,3.0,5
ecoli,3,majority,0.4390243902439025,0.2,0.0,,5
ecoli,3,mix05_100,0.8609756097560975,0.806654970760234,2.102884947229177,3.0,5
ecoli,3,mix05_20,0.8609756097560975,0.8212019793072424,0.43939879108220337,3.0,5
ecoli,3,mix10_100,0.8634146341463416,0.814654970760234,3.9678523294627666,3.0,5
ecoli,3,mix10_20,0.8560975609756097,0.8169914529914528,0.8196725075133144,3.0,5
ecoli,3,mix25_100,0.8682926829268294,0.8251336032388664,9.570289687346667,3.0,5
ecoli,3,mix25_20,0.853658536585366,0.811948717948718,1.935760891251266,3.0,5
ecoli,3,mix50_20,0.8634146341463416,0.8209230769230768,3.7851547920145094,3.0,5
ecoli,3,rf_sqrt_fixed,0.8658536585365854,0.7939415204678364,0.08433480020612479,3.0,5
ecoli,3,rf_tuned,0.878048780487805,0.8307971210076474,0.06760339736938477,,5
ecoli,3,sighted2_20,0.8634146341463416,0.8272136752136753,7.5422079001553355,3.0,5
ecoli,3,tree_k1,0.8365853658536585,0.7715411605937922,0.003560842014849186,3.0,5
ecoli,3,tree_k2,0.8609756097560975,0.8239568151147099,0.5174750250764191,3.0,5
ecoli,6,cart_bag100,0.8585365853658538,0.8153450292397662,0.10213374961167573,6.0,5
ecoli,6,cart_bag200,0.8560975609756097,0.8148520017993702,0.22497211415320634,6.0,5
ecoli,6,cart_fixed,0.8243902439024391,0.7567098515519568,0.002968233171850443,6.0,5
ecoli,6,cart_mix10_100,0.8585365853658538,0.8130058479532163,7.231357301957905,6.0,5
ecoli,6,greedy100,0.8585365853658538,0.8094278002699055,0.49703374188393357,6.0,5
ecoli,6,greedy20,0.8487804878048781,0.8089347728295095,0.10009654248133301,6.0,5
ecoli,6,greedy200,0.8609756097560975,0.815111111111111,0.9807391664013266,6.0,5
ecoli,6,mix05_100,0.8585365853658538,0.8104219523166891,3.157211208436638,6.0,5
ecoli,6,mix05_20,0.8487804878048781,0.8089347728295095,0.663819217402488,6.0,5
ecoli,6,mix10_100,0.8585365853658538,0.8011938821412505,5.920588283706456,6.0,5
ecoli,6,mix10_20,0.8512195121951219,0.8143733693207377,1.208976517431438,6.0,5
ecoli,6,mix25_100,0.8560975609756097,0.807965811965812,14.387701800093055,6.0,5
ecoli,6,mix25_20,0.8512195121951219,0.8153675213675212,2.856741501111537,6.0,5
ecoli,6,mix50_20,0.8487804878048781,0.7995069725596041,5.6857692510820925,6.0,5
ecoli,6,rf_sqrt_fixed,0.878048780487805,0.8353243364822311,0.09227841682732105,6.0,5
ecoli,6,sighted2_20,0.8512195121951219,0.8091417004048583,11.448267840966583,6.0,5
ecoli,6,tree_k1,0.8341463414634147,0.7737606837606836,0.00592249995097518,6.0,5
ecoli,6,tree_k2,0.7902439024390244,0.731923526765632,0.891592250391841,6.0,5
ecoli,None,cart_bag100,0.8439024390243903,0.8106441745389115,0.08838996766135096,8.348,5
ecoli,None,cart_bag200,0.8414634146341463,0.8022681061628429,0.17481329767033457,8.365,5
ecoli,None,cart_fixed,0.8073170731707318,0.7642060278902384,0.0011591251008212567,10.2,5
ecoli,None,cart_mix10_100,0.8512195121951219,0.8106666666666665,9.34837257405743,10.008,5
ecoli,None,greedy100,0.8317073170731707,0.7938722447143499,0.5161423719488084,8.354,5
ecoli,None,greedy20,0.8390243902439025,0.8054844804318488,0.103837766405195,8.35,5
ecoli,None,greedy200,0.8463414634146341,0.8103877642825011,1.035169579461217,8.368,5
ecoli,None,mix05_100,0.8390243902439025,0.7972055780476832,4.291875063721091,9.212,5
ecoli,None,mix05_20,0.8414634146341463,0.8075897435897434,0.8448629165068269,9.33,5
ecoli,None,mix10_100,0.8365853658536585,0.7892055780476832,7.972746847104281,10.016,5
ecoli,None,mix10_20,0.8439024390243903,0.8120341880341879,1.4926390413194894,9.98,5
ecoli,None,mix25_100,0.8487804878048781,0.7993333333333333,19.281144187878816,12.45,5
ecoli,None,mix25_20,0.853658536585366,0.8139172289698605,3.8780458660796286,12.75,5
ecoli,None,mix50_20,0.8463414634146341,0.7859856050382366,7.837084949202835,17.09,5
ecoli,None,rf_sqrt_fixed,0.8804878048780488,0.8450679262258209,0.12652155021205544,9.828,5
ecoli,None,sighted2_20,0.8170731707317073,0.7174520917678813,15.848406750708818,25.96,5
ecoli,None,tree_k1,0.8048780487804879,0.7584390463337831,0.008332466799765825,10.2,5
ecoli,None,tree_k2,0.7292682926829268,0.6212883490778227,1.30461756689474,30.2,5
flags,3,cart_bag100,0.44000000000000006,0.37466666666666665,0.0599812351167202,3.0,5
flags,3,cart_bag200,0.4622222222222222,0.39282539682539686,0.11803902443498374,3.0,5
flags,3,cart_fixed,0.3688888888888889,0.30498412698412697,0.0007241166196763516,3.0,5
flags,3,cart_mix10_100,0.4488888888888889,0.3800634920634921,0.6357804243452847,3.0,5
flags,3,cart_tuned,0.40888888888888886,0.3407301587301587,0.0008145809173583984,,5
flags,3,greedy100,0.44000000000000006,0.37466666666666665,0.20904003968462348,3.0,5
flags,3,greedy20,0.4666666666666666,0.4015873015873016,0.04075155043974519,3.0,5
flags,3,greedy200,0.45777777777777773,0.3883809523809524,0.5111167903989553,3.0,5
flags,3,majority,0.3333333333333333,0.2,0.0,,5
flags,3,mix05_100,0.44000000000000006,0.37466666666666665,0.5254719309508801,3.0,5
flags,3,mix05_20,0.4622222222222222,0.39847619047619043,0.14032200053334237,3.0,5
flags,3,mix10_100,0.44000000000000006,0.3733968253968254,0.8771867557428777,3.0,5
flags,3,mix10_20,0.4444444444444445,0.37333333333333335,0.24508767519146205,3.0,5
flags,3,mix25_100,0.4311111111111111,0.3614603174603175,1.8453941544517876,3.0,5
flags,3,mix25_20,0.4488888888888889,0.3746666666666666,0.4793583263643086,3.0,5
flags,3,mix50_20,0.48,0.39949206349206345,0.8178422009572387,3.0,5
flags,3,rf_sqrt_fixed,0.47555555555555556,0.3697142857142857,0.07052735844627023,3.0,5
flags,3,rf_tuned,0.4844444444444444,0.41514285714285715,0.10050077438354492,,5
flags,3,sighted2_20,0.5022222222222222,0.41355555555555557,1.4308774166740477,3.0,5
flags,3,tree_k1,0.3688888888888889,0.30498412698412697,0.002963541727513075,3.0,5
flags,3,tree_k2,0.37333333333333335,0.3059047619047619,0.07309166658669711,3.0,5
flags,6,cart_bag100,0.5022222222222222,0.45546031746031745,0.07246817778795958,6.0,5
flags,6,cart_bag200,0.49777777777777776,0.4506984126984127,0.14180834190919994,6.0,5
flags,6,cart_fixed,0.4,0.35193650793650794,0.0008112829178571701,6.0,5
flags,6,cart_mix10_100,0.4844444444444444,0.4417460317460318,1.6739404156804085,6.0,5
flags,6,greedy100,0.49777777777777776,0.45285714285714285,0.5235061810351909,6.0,5
flags,6,greedy20,0.4666666666666667,0.4038412698412698,0.0978733410127461,6.0,5
flags,6,greedy200,0.4888888888888888,0.447968253968254,1.033538387529552,6.0,5
flags,6,mix05_100,0.4844444444444444,0.43952380952380954,1.3855724308639765,6.0,5
flags,6,mix05_20,0.47555555555555556,0.41428571428571426,0.2728734488599002,6.0,5
flags,6,mix10_100,0.4888888888888888,0.44574603174603167,2.2562855392694474,6.0,5
flags,6,mix10_20,0.48,0.423015873015873,0.44960815701633694,6.0,5
flags,6,mix25_100,0.49777777777777776,0.45025396825396824,4.983808305487036,6.0,5
flags,6,mix25_20,0.48,0.4282539682539682,0.9729707241989672,6.0,5
flags,6,mix50_20,0.47111111111111115,0.4203174603174603,1.8628469407558441,6.0,5
flags,6,rf_sqrt_fixed,0.4933333333333333,0.4215238095238095,0.07408730816096068,6.0,5
flags,6,sighted2_20,0.4622222222222222,0.4101587301587301,3.5795364250428974,6.0,5
flags,6,tree_k1,0.39555555555555555,0.3492698412698413,0.007686316873878241,6.0,5
flags,6,tree_k2,0.4133333333333333,0.36584126984126986,0.20847330018877983,6.0,5
flags,None,cart_bag100,0.48,0.43292063492063493,0.08162118401378393,11.374,5
flags,None,cart_bag200,0.47111111111111115,0.4284761904761904,0.16140774115920067,11.399,5
flags,None,cart_fixed,0.39555555555555555,0.3585079365079365,0.0010476666502654552,13.4,5
flags,None,cart_mix10_100,0.49333333333333335,0.4444761904761904,2.099046536721289,11.236,5
flags,None,greedy100,0.48,0.4346349206349206,1.0201323774643243,11.366,5
flags,None,greedy20,0.4533333333333333,0.41634920634920636,0.17800806695595384,11.42,5
flags,None,greedy200,0.4666666666666667,0.42314285714285715,1.9791051195934415,11.394,5
flags,None,mix05_100,0.4888888888888888,0.4417460317460318,2.074055269174278,11.294,5
flags,None,mix05_20,0.4622222222222222,0.41907936507936505,0.3965744421817362,11.27,5
flags,None,mix10_100,0.48888888888888893,0.44136507936507935,3.179276394005865,11.232,5
flags,None,mix10_20,0.4622222222222222,0.41780952380952374,0.6138801673427224,11.18,5
flags,None,mix25_100,0.49333333333333335,0.44571428571428573,6.45754161849618,11.046000000000001,5
flags,None,mix25_20,0.45777777777777773,0.41520634920634925,1.2801453839987516,11.02,5
flags,None,mix50_20,0.4622222222222222,0.4183809523809524,2.5366700764745476,10.73,5
flags,None,rf_sqrt_fixed,0.4533333333333333,0.41053968253968254,0.07494409149512649,13.174000000000001,5
flags,None,sighted2_20,0.4177777777777777,0.3810793650793651,4.766825892776251,10.09,5
flags,None,tree_k1,0.4,0.35768253968253966,0.014912242162972688,13.6,5
flags,None,tree_k2,0.4222222222222222,0.38060317460317455,0.41029825815930965,13.2,5
haberman,3,cart_bag100,0.7324675324675325,0.5856140350877193,0.04270775448530913,3.0,5
haberman,3,cart_bag200,0.7298701298701299,0.5806140350877194,0.08385279588401318,3.0,5
haberman,3,cart_fixed,0.7402597402597403,0.603859649122807,0.0005651331506669521,3.0,5
haberman,3,cart_mix10_100,0.7324675324675325,0.5823684210526315,0.3440115232951939,3.0,5
haberman,3,cart_tuned,0.7376623376623377,0.6021052631578947,0.0004260540008544922,,5
haberman,3,greedy100,0.7298701298701299,0.5838596491228071,0.11282766591757536,3.0,5
haberman,3,greedy20,0.7298701298701299,0.5806140350877194,0.022465400211513043,3.0,5
haberman,3,greedy200,0.7298701298701299,0.5806140350877194,0.22833331618458033,3.0,5
haberman,3,majority,0.7402597402597403,0.5,0.0,,5
haberman,3,mix05_100,0.7324675324675325,0.5856140350877193,0.24015917526558042,3.0,5
haberman,3,mix05_20,0.7272727272727273,0.578859649122807,0.04894975908100605,3.0,5
haberman,3,mix10_100,0.7324675324675325,0.5823684210526315,0.37107820035889744,3.0,5
haberman,3,mix10_20,0.7298701298701299,0.583859649122807,0.07480882573872805,3.0,5
haberman,3,mix25_100,0.7298701298701299,0.5773684210526315,0.7606387997046113,3.0,5
haberman,3,mix25_20,0.7298701298701299,0.583859649122807,0.15403095874935388,3.0,5
haberman,3,mix50_20,0.7324675324675325,0.5953508771929824,0.28016240876168014,3.0,5
haberman,3,rf_sqrt_fixed,0.7246753246753247,0.5414035087719298,0.05513738328590989,3.0,5
haberman,3,rf_tuned,0.7350649350649351,0.5678947368421052,0.05075960159301758,,5
haberman,3,sighted2_20,0.7350649350649351,0.6003508771929824,0.5338738336227834,3.0,5
haberman,3,tree_k1,0.7428571428571429,0.6056140350877193,0.0011801917105913162,3.0,5
haberman,3,tree_k2,0.7558441558441559,0.5851754385964912,0.03418853348121047,3.0,5
haberman,6,cart_bag100,0.7246753246753247,0.5868421052631578,0.05044525042176247,6.0,5
haberman,6,cart_bag200,0.7298701298701299,0.5903508771929824,0.09784630034118891,6.0,5
haberman,6,cart_fixed,0.7220779220779221,0.5948245614035088,0.0005522750318050385,6.0,5
haberman,6,cart_mix10_100,0.7298701298701299,0.5903508771929824,0.5492784870788455,6.0,5
haberman,6,greedy100,0.7298701298701299,0.5935964912280702,0.20995561592280865,6.0,5
haberman,6,greedy20,0.7298701298701299,0.6033333333333333,0.04057804131880403,6.0,5
haberman,6,greedy200,0.7324675324675325,0.5953508771929824,0.4167260343208909,6.0,5
haberman,6,mix05_100,0.7298701298701299,0.5903508771929824,0.42188494075089694,6.0,5
haberman,6,mix05_20,0.7246753246753247,0.5965789473684211,0.08354177474975585,6.0,5
haberman,6,mix10_100,0.7298701298701299,0.5903508771929824,0.6386539309285582,6.0,5
haberman,6,mix10_20,0.7168831168831169,0.5848245614035088,0.12389159966260195,6.0,5
haberman,6,mix25_100,0.7272727272727273,0.5885964912280702,1.2839701243676245,6.0,5
haberman,6,mix25_20,0.7116883116883117,0.5813157894736842,0.25257575828582046,6.0,5
haberman,6,mix50_20,0.7090909090909091,0.5763157894736842,0.46387939136475326,6.0,5
haberman,6,rf_sqrt_fixed,0.7324675324675325,0.5823684210526315,0.058532933332026006,6.0,5
haberman,6,sighted2_20,0.6961038961038961,0.554561403508772,0.8983336570672691,6.0,5
haberman,6,tree_k1,0.7168831168831169,0.5913157894736842,0.0030900416895747185,6.0,5
haberman,6,tree_k2,0.6805194805194805,0.5440350877192982,0.05810555005446076,6.0,5
haberman,None,cart_bag100,0.6961038961038961,0.577280701754386,0.051654618326574565,11.828,5
haberman,None,cart_bag200,0.6909090909090909,0.5705263157894737,0.10377140156924725,11.905,5
haberman,None,cart_fixed,0.6675324675324675,0.5677192982456141,0.0006242417730391026,14.2,5
haberman,None,cart_mix10_100,0.7038961038961039,0.5857894736842105,0.6758602186106145,12.080000000000002,5
haberman,None,greedy100,0.6857142857142857,0.5670175438596491,0.3085660584270954,11.824,5
haberman,None,greedy20,0.6935064935064935,0.5787719298245614,0.06237259088084102,11.91,5
haberman,None,greedy200,0.6883116883116883,0.5655263157894737,0.6149653373286128,11.895999999999999,5
haberman,None,mix05_100,0.6805194805194805,0.5602631578947369,0.5570134256966413,11.978,5
haberman,None,mix05_20,0.6935064935064935,0.5755263157894737,0.11438389075919986,12.03,5
haberman,None,mix10_100,0.6805194805194805,0.5602631578947369,0.8155469506978988,12.075999999999999,5
haberman,None,mix10_20,0.6935064935064935,0.572280701754386,0.16344788260757923,12.02,5
haberman,None,mix25_100,0.6805194805194805,0.5570175438596492,1.575648367125541,12.592,5
haberman,None,mix25_20,0.7064935064935065,0.5940350877192981,0.3181648158468306,12.34,5
haberman,None,mix50_20,0.6909090909090909,0.5510526315789473,0.5689587162807583,13.2,5
haberman,None,rf_sqrt_fixed,0.6987012987012987,0.5725438596491228,0.0639931581914425,12.722,5
haberman,None,sighted2_20,0.6805194805194805,0.5245614035087719,1.0920625089667737,14.780000000000001,5
haberman,None,tree_k1,0.6597402597402597,0.5624561403508771,0.0040498413145542145,14.2,5
haberman,None,tree_k2,0.6519480519480519,0.5442105263157895,0.07957645831629634,16.6,5
hayes_roth,3,cart_bag100,0.6900000000000001,0.7208333333333334,0.04329135529696941,3.0,5
hayes_roth,3,cart_bag200,0.71,0.7416666666666667,0.08456264464184642,3.0,5
hayes_roth,3,cart_fixed,0.58,0.6291666666666667,0.0005798336118459701,3.0,5
hayes_roth,3,cart_mix10_100,0.71,0.7375,0.05681244991719723,3.0,5
hayes_roth,3,cart_tuned,0.78,0.8041666666666666,0.00035190582275390625,,5
hayes_roth,3,greedy100,0.6900000000000001,0.7208333333333334,0.05546414153650403,3.0,5
hayes_roth,3,greedy20,0.675,0.7083333333333334,0.010929616633802652,3.0,5
hayes_roth,3,greedy200,0.705,0.7333333333333334,0.10959269283339382,3.0,5
hayes_roth,3,majority,0.4,0.3333333333333333,0.0,,5
hayes_roth,3,mix05_100,0.6900000000000001,0.7208333333333334,0.061367541551589966,3.0,5
hayes_roth,3,mix05_20,0.7050000000000001,0.7375,0.011803691647946835,3.0,5
hayes_roth,3,mix10_100,0.7,0.7291666666666667,0.06690400065854192,3.0,5
hayes_roth,3,mix10_20,0.6950000000000001,0.725,0.012818183470517396,3.0,5
hayes_roth,3,mix25_100,0.745,0.7666666666666667,0.08240260872989894,3.0,5
hayes_roth,3,mix25_20,0.7150000000000001,0.7416666666666666,0.015612358041107655,3.0,5
hayes_roth,3,mix50_20,0.725,0.7458333333333333,0.02191647421568632,3.0,5
hayes_roth,3,rf_sqrt_fixed,0.745,0.7833333333333333,0.0632877416908741,3.0,5
hayes_roth,3,rf_tuned,0.805,0.8333333333333334,0.05003843307495117,,5
hayes_roth,3,sighted2_20,0.67,0.6458333333333333,0.031558066885918376,3.0,5
hayes_roth,3,tree_k1,0.5900000000000001,0.6375,0.0006964502856135369,3.0,5
hayes_roth,3,tree_k2,0.575,0.5583333333333333,0.0016711503267288208,3.0,5
hayes_roth,6,cart_bag100,0.8,0.8291666666666666,0.04437623964622617,6.0,5
hayes_roth,6,cart_bag200,0.8,0.8291666666666666,0.08833719920367003,6.0,5
hayes_roth,6,cart_fixed,0.795,0.8166666666666667,0.0006539749912917614,6.0,5
hayes_roth,6,cart_mix10_100,0.79,0.8125,0.09374290006235242,6.0,5
hayes_roth,6,greedy100,0.8,0.8291666666666666,0.08658961858600378,6.0,5
hayes_roth,6,greedy20,0.8,0.825,0.016836917866021393,6.0,5
hayes_roth,6,greedy200,0.8,0.8291666666666666,0.17531327856704593,6.0,5
hayes_roth,6,mix05_100,0.8,0.8291666666666666,0.10161715196445584,6.0,5
hayes_roth,6,mix05_20,0.795,0.8208333333333334,0.01981276795268059,6.0,5
hayes_roth,6,mix10_100,0.795,0.8208333333333334,0.11522679319605231,6.0,5
hayes_roth,6,mix10_20,0.795,0.8166666666666667,0.02283015111461282,6.0,5
hayes_roth,6,mix25_100,0.7849999999999999,0.8083333333333333,0.16204959368333222,6.0,5
hayes_roth,6,mix25_20,0.8,0.825,0.03119436828419566,6.0,5
hayes_roth,6,mix50_20,0.775,0.7916666666666667,0.04566584341228008,6.0,5
hayes_roth,6,rf_sqrt_fixed,0.8,0.8291666666666666,0.06413604160770774,6.0,5
hayes_roth,6,sighted2_20,0.7,0.6583333333333333,0.07643138477578759,6.0,5
hayes_roth,6,tree_k1,0.825,0.8541666666666666,0.0009453417733311653,6.0,5
hayes_roth,6,tree_k2,0.74,0.7333333333333333,0.003877025190740824,6.0,5
hayes_roth,None,cart_bag100,0.8099999999999999,0.8333333333333334,0.045621057786047456,9.325999999999999,5
hayes_roth,None,cart_bag200,0.8150000000000001,0.8375,0.09021344995126128,9.325,5
hayes_roth,None,cart_fixed,0.7949999999999999,0.8166666666666667,0.0005185251124203205,10.0,5
hayes_roth,None,cart_mix10_100,0.805,0.825,0.09069299167022109,9.214,5
hayes_roth,None,greedy100,0.8150000000000001,0.8416666666666666,0.12030285010114312,9.296000000000001,5
hayes_roth,None,greedy20,0.8150000000000001,0.8333333333333334,0.022955700010061263,9.27,5
hayes_roth,None,greedy200,0.8150000000000001,0.8416666666666666,0.2330277578905225,9.283,5
hayes_roth,None,mix05_100,0.8099999999999999,0.8375,0.1358222416602075,9.236,5
hayes_roth,None,mix05_20,0.8099999999999999,0.8291666666666666,0.02549177510663867,9.24,5
hayes_roth,None,mix10_100,0.8,0.8208333333333334,0.1507410158403218,9.186,5
hayes_roth,None,mix10_20,0.805,0.825,0.02825005818158388,9.190000000000001,5
hayes_roth,None,mix25_100,0.8099999999999999,0.8291666666666666,0.1946073810569942,9.0,5
hayes_roth,None,mix25_20,0.8150000000000001,0.8375,0.03626370029523969,9.05,5
hayes_roth,None,mix50_20,0.76,0.7541666666666667,0.052051324769854544,8.73,5
hayes_roth,None,rf_sqrt_fixed,0.8,0.8291666666666666,0.06294199982658029,9.404,5
hayes_roth,None,sighted2_20,0.665,0.625,0.08360724179074168,8.02,5
hayes_roth,None,tree_k1,0.8150000000000001,0.8458333333333334,0.0013984167948365212,10.0,5
hayes_roth,None,tree_k2,0.7,0.6958333333333334,0.004707591887563467,9.0,5
iris,3,cart_bag100,0.968421052631579,0.9688034188034189,0.04130477514117956,2.96,5
iris,3,cart_bag200,0.968421052631579,0.9688034188034189,0.08288549650460482,2.963,5
iris,3,cart_fixed,0.9421052631578947,0.9431623931623931,0.0005073169246315956,3.0,5
iris,3,cart_mix10_100,0.968421052631579,0.9688034188034189,0.3140822249464691,2.962,5
iris,3,cart_tuned,0.9473684210526315,0.9482905982905983,0.00036029815673828126,,5
iris,3,greedy100,0.9631578947368421,0.9636752136752138,0.07350312620401382,2.96,5
iris,3,greedy20,0.9631578947368421,0.9636752136752138,0.014959959033876657,2.97,5
iris,3,greedy200,0.968421052631579,0.9688034188034189,0.14408005718141795,2.963,5
iris,3,majority,0.3157894736842105,0.3333333333333333,0.0,,5
iris,3,mix05_100,0.9631578947368421,0.9636752136752138,0.17544714361429214,2.962,5
iris,3,mix05_20,0.9631578947368421,0.9636752136752138,0.03403426734730601,2.97,5
iris,3,mix10_100,0.9631578947368421,0.9636752136752138,0.28085524328052996,2.962,5
iris,3,mix10_20,0.9631578947368421,0.9636752136752138,0.05655691744759679,2.97,5
iris,3,mix25_100,0.968421052631579,0.9688034188034189,0.5822719922289252,2.968,5
iris,3,mix25_20,0.9631578947368421,0.9636752136752138,0.12235412579029799,2.97,5
iris,3,mix50_20,0.9631578947368421,0.9636752136752138,0.2207601085305214,2.97,5
iris,3,rf_sqrt_fixed,0.968421052631579,0.9688034188034189,0.05979596674442291,2.9899999999999998,5
iris,3,rf_tuned,0.968421052631579,0.9688034188034189,0.044620418548583986,,5
iris,3,sighted2_20,0.9526315789473685,0.9534188034188034,0.42650767536833883,3.0,5
iris,3,tree_k1,0.9263157894736842,0.9277777777777778,0.0010767667554318905,3.0,5
iris,3,tree_k2,0.9315789473684211,0.9329059829059829,0.027613125368952753,3.0,5
iris,6,cart_bag100,0.9736842105263157,0.973931623931624,0.044217923656105995,4.274,5
iris,6,cart_bag200,0.9736842105263157,0.973931623931624,0.09037719797343016,4.281000000000001,5
iris,6,cart_fixed,0.9578947368421054,0.9585470085470085,0.0005809170193970204,5.2,5
iris,6,cart_mix10_100,0.9736842105263157,0.973931623931624,0.48818165631964805,4.446,5
iris,6,greedy100,0.968421052631579,0.9688034188034189,0.08992512505501508,4.272,5
iris,6,greedy20,0.968421052631579,0.9688034188034189,0.016497032810002567,4.33,5
iris,6,greedy200,0.9631578947368421,0.9636752136752138,0.17402640199288727,4.279999999999999,5
iris,6,mix05_100,0.9631578947368421,0.9636752136752138,0.26234607510268687,4.362,5
iris,6,mix05_20,0.968421052631579,0.9688034188034189,0.05115761607885361,4.4,5
iris,6,mix10_100,0.9631578947368421,0.9636752136752138,0.44266047505661843,4.444,5
iris,6,mix10_20,0.968421052631579,0.9688034188034189,0.08730110796168447,4.5,5
iris,6,mix25_100,0.9578947368421054,0.9585470085470085,0.9876814404502511,4.702,5
iris,6,mix25_20,0.9578947368421054,0.9585470085470085,0.19508592411875725,4.7,5
iris,6,mix50_20,0.9526315789473685,0.9534188034188034,0.37141019850969315,5.130000000000001,5
iris,6,rf_sqrt_fixed,0.968421052631579,0.9688034188034189,0.06933081671595573,4.894,5
iris,6,sighted2_20,0.9526315789473685,0.9534188034188034,0.7381825575605034,6.0,5
iris,6,tree_k1,0.9421052631578947,0.9431623931623931,0.0010320167057216167,5.4,5
iris,6,tree_k2,0.8947368421052632,0.897008547008547,0.04902397496625781,6.0,5
iris,None,cart_bag100,0.9736842105263157,0.973931623931624,0.044922965485602616,4.29,5
iris,None,cart_bag200,0.9736842105263157,0.973931623931624,0.0869987342506647,4.295,5
iris,None,cart_fixed,0.9578947368421054,0.9585470085470085,0.000554716493934393,5.2,5
iris,None,cart_mix10_100,0.9736842105263157,0.973931623931624,0.6356480670161545,5.272,5
iris,None,greedy100,0.968421052631579,0.9688034188034189,0.08216571575030684,4.286,5
iris,None,greedy20,0.968421052631579,0.9688034188034189,0.015737266279757023,4.33,5
iris,None,greedy200,0.9631578947368421,0.9636752136752138,0.16120643839240073,4.292,5
iris,None,mix05_100,0.9631578947368421,0.9636752136752138,0.32070639794692396,4.788,5
iris,None,mix05_20,0.9631578947368421,0.9636752136752138,0.06296645803377032,4.85,5
iris,None,mix10_100,0.9631578947368421,0.9636752136752138,0.578097746707499,5.268,5
iris,None,mix10_20,0.9631578947368421,0.9636752136752138,0.11229264130815864,5.340000000000001,5
iris,None,mix25_100,0.9578947368421054,0.9585470085470085,1.3741492634639143,6.843999999999999,5
iris,None,mix25_20,0.9473684210526315,0.9482905982905983,0.2625812912359834,6.75,5
iris,None,mix50_20,0.9157894736842105,0.9175213675213676,0.5244781330227852,9.309999999999999,5
iris,None,rf_sqrt_fixed,0.968421052631579,0.9688034188034189,0.05702937506139279,5.012,5
iris,None,sighted2_20,0.8789473684210526,0.8803418803418804,1.0602608581073583,14.469999999999999,5
iris,None,tree_k1,0.9421052631578947,0.9431623931623931,0.0013846667483448983,5.4,5
iris,None,tree_k2,0.8421052631578947,0.8444444444444444,0.06496084146201611,14.2,5
irish,3,cart_bag100,1.0,1.0,0.05542183378711343,2.0,5
irish,3,cart_bag200,1.0,1.0,0.10862182080745697,2.0,5
irish,3,cart_fixed,1.0,1.0,0.0006563166156411171,2.0,5
irish,3,cart_mix10_100,1.0,1.0,0.9703427487052977,2.1,5
irish,3,cart_tuned,1.0,1.0,0.0004557132720947266,,5
irish,3,greedy100,1.0,1.0,0.1223815755918622,2.0,5
irish,3,greedy20,1.0,1.0,0.02508589280769229,2.0,5
irish,3,greedy200,1.0,1.0,0.248277273401618,2.0,5
irish,3,majority,0.552,0.5,0.0,,5
irish,3,mix05_100,1.0,1.0,0.5153827335685491,2.05,5
irish,3,mix05_20,1.0,1.0,0.09995793392881751,2.05,5
irish,3,mix10_100,1.0,1.0,0.9114381003193557,2.1,5
irish,3,mix10_20,1.0,1.0,0.17395983394235373,2.1,5
irish,3,mix25_100,1.0,1.0,2.09113511685282,2.25,5
irish,3,mix25_20,1.0,1.0,0.3998687583953142,2.25,5
irish,3,mix50_20,1.0,1.0,0.7762896672822535,2.5,5
irish,3,rf_sqrt_fixed,0.9968,0.9964285714285716,0.0718162334524095,2.8099999999999996,5
irish,3,rf_tuned,1.0,1.0,0.05925321578979492,,5
irish,3,sighted2_20,1.0,1.0,1.5354048349894582,3.0,5
irish,3,tree_k1,1.0,1.0,0.0027288250625133515,2.0,5
irish,3,tree_k2,1.0,1.0,0.08306492483243347,3.0,5
irish,6,cart_bag100,1.0,1.0,0.054148368258029225,2.0,5
irish,6,cart_bag200,1.0,1.0,0.10840857364237308,2.0,5
irish,6,cart_fixed,1.0,1.0,0.0006416748277842998,2.0,5
irish,6,cart_mix10_100,1.0,1.0,1.9360646983608603,2.4,5
irish,6,greedy100,1.0,1.0,0.11945007843896746,2.0,5
irish,6,greedy20,1.0,1.0,0.023960108682513238,2.0,5
irish,6,greedy200,1.0,1.0,0.23966342033818364,2.0,5
irish,6,mix05_100,1.0,1.0,0.8685596864670515,2.2,5
irish,6,mix05_20,1.0,1.0,0.1625348917208612,2.2,5
irish,6,mix10_100,1.0,1.0,1.659682919550687,2.4,5
irish,6,mix10_20,1.0,1.0,0.3033318500034511,2.4,5
irish,6,mix25_100,1.0,1.0,3.9145740793086587,3.0,5
irish,6,mix25_20,1.0,1.0,0.7318340928293765,3.0,5
irish,6,mix50_20,0.9968,0.9964285714285716,1.457734084688127,4.0,5
irish,6,rf_sqrt_fixed,1.0,1.0,0.07836319981142878,4.732,5
irish,6,sighted2_20,0.992,0.9914078674948239,2.9411272005178035,6.0,5
irish,6,tree_k1,1.0,1.0,0.001261583250015974,2.0,5
irish,6,tree_k2,0.9952,0.9949792960662526,0.165568483248353,6.0,5
irish,None,cart_bag100,1.0,1.0,0.054140325728803874,2.0,5
irish,None,cart_bag200,1.0,1.0,0.10645252615213394,2.0,5
irish,None,cart_fixed,1.0,1.0,0.0006717166863381863,2.0,5
irish,None,cart_mix10_100,1.0,1.0,6.530085499025882,6.67,5
irish,None,greedy100,1.0,1.0,0.1320203430019319,2.0,5
irish,None,greedy20,1.0,1.0,0.02674155877903104,2.0,5
irish,None,greedy200,1.0,1.0,0.2624869138002396,2.0,5
irish,None,mix05_100,1.0,1.0,2.782809967547655,4.316,5
irish,None,mix05_20,1.0,1.0,0.551207542233169,4.36,5
irish,None,mix10_100,1.0,1.0,5.5509984759613875,6.67,5
irish,None,mix10_20,1.0,1.0,1.0883878008462489,6.7,5
irish,None,mix25_100,1.0,1.0,13.695696709956973,13.669999999999998,5
irish,None,mix25_20,1.0,1.0,2.7110554334707557,13.540000000000001,5
irish,None,mix50_20,0.9663999999999999,0.9625,5.443632442690432,25.09,5
irish,None,rf_sqrt_fixed,1.0,1.0,0.07449574992060662,6.096,5
irish,None,sighted2_20,0.8464,0.8453933747412009,10.875138960778713,48.480000000000004,5
irish,None,tree_k1,1.0,1.0,0.0015797664411365986,2.0,5
irish,None,tree_k2,0.8608,0.8604554865424431,0.8020090335980058,57.0,5
labor,3,cart_bag100,0.8533333333333333,0.86,0.04638019287958741,2.7700000000000005,5
labor,3,cart_bag200,0.8400000000000001,0.8400000000000001,0.09391791606321931,2.789,5
labor,3,cart_fixed,0.8133333333333332,0.8,0.0005666166543960571,3.0,5
labor,3,cart_mix10_100,0.8666666666666668,0.8700000000000001,0.2877355396747589,2.79,5
labor,3,cart_tuned,0.8,0.78,0.0005091190338134766,,5
labor,3,greedy100,0.8533333333333333,0.86,0.075527676474303,2.772,5
labor,3,greedy20,0.8533333333333333,0.85,0.015262600034475327,2.7600000000000002,5
labor,3,greedy200,0.8400000000000001,0.8400000000000001,0.1541219105012715,2.787,5
labor,3,majority,0.6666666666666666,0.5,0.0,,5
labor,3,mix05_100,0.8400000000000001,0.8400000000000001,0.17727364348247648,2.784,5
labor,3,mix05_20,0.8533333333333333,0.85,0.03235066663473844,2.7600000000000002,5
labor,3,mix10_100,0.8533333333333333,0.85,0.3062118266709149,2.7920000000000003,5
labor,3,mix10_20,0.8533333333333333,0.85,0.050419125333428384,2.7800000000000002,5
labor,3,mix25_100,0.8666666666666668,0.8700000000000001,0.6170839777216315,2.83,5
labor,3,mix25_20,0.8800000000000001,0.89,0.10915289213880897,2.82,5
labor,3,mix50_20,0.8666666666666668,0.8700000000000001,0.21016465798020362,2.88,5
labor,3,rf_sqrt_fixed,0.9066666666666666,0.9099999999999999,0.0680905501358211,2.966,5
labor,3,rf_tuned,0.9066666666666666,0.9099999999999999,0.06965603828430175,,5
labor,3,sighted2_20,0.8266666666666668,0.8200000000000001,0.41172099886462094,3.0,5
labor,3,tree_k1,0.8133333333333332,0.8,0.0014143497683107853,3.0,5
labor,3,tree_k2,0.8400000000000001,0.8300000000000001,0.030015808530151844,3.0,5
labor,6,cart_bag100,0.8666666666666668,0.8800000000000001,0.04926638826727867,3.2019999999999995,5
labor,6,cart_bag200,0.8400000000000001,0.8400000000000001,0.0957555629312992,3.2019999999999995,5
labor,6,cart_fixed,0.8266666666666668,0.8200000000000001,0.0005516414530575275,3.8,5
labor,6,cart_mix10_100,0.8533333333333333,0.85,0.44663114110007884,3.4299999999999997,5
labor,6,greedy100,0.8533333333333333,0.86,0.08753578318282962,3.2039999999999997,5
labor,6,greedy20,0.8400000000000001,0.8400000000000001,0.017716017179191114,3.29,5
labor,6,greedy200,0.8400000000000001,0.8400000000000001,0.17766678417101503,3.2,5
labor,6,mix05_100,0.8400000000000001,0.8400000000000001,0.25483034998178483,3.3259999999999996,5
labor,6,mix05_20,0.8533333333333333,0.85,0.04844497600570321,3.3899999999999997,5
labor,6,mix10_100,0.8400000000000001,0.8300000000000001,0.43909004107117655,3.432,5
labor,6,mix10_20,0.8666666666666668,0.8700000000000001,0.0779017260298133,3.5100000000000002,5
labor,6,mix25_100,0.8800000000000001,0.8600000000000001,0.9509268091060221,3.812,5
labor,6,mix25_20,0.8933333333333333,0.9,0.18111822567880154,3.85,5
labor,6,mix50_20,0.8666666666666668,0.85,0.36036311769858004,4.470000000000001,5
labor,6,rf_sqrt_fixed,0.8933333333333333,0.9,0.06668356638401747,4.168,5
labor,6,sighted2_20,0.8133333333333332,0.79,0.7033896503970027,5.63,5
labor,6,tree_k1,0.8133333333333332,0.8,0.00106089161708951,3.8,5
labor,6,tree_k2,0.8533333333333333,0.8100000000000002,0.05821098303422332,5.8,5
labor,None,cart_bag100,0.8666666666666668,0.8800000000000001,0.04628551667556167,3.2019999999999995,5
labor,None,cart_bag200,0.8400000000000001,0.8400000000000001,0.09360674601048231,3.2019999999999995,5
labor,None,cart_fixed,0.8266666666666668,0.8200000000000001,0.0005998333916068077,3.8,5
labor,None,cart_mix10_100,0.8533333333333333,0.85,0.45254574278369547,3.4979999999999998,5
labor,None,greedy100,0.8533333333333333,0.86,0.10019734986126423,3.2039999999999997,5
labor,None,greedy20,0.8400000000000001,0.8400000000000001,0.020017992425709962,3.29,5
labor,None,greedy200,0.8400000000000001,0.8400000000000001,0.2000121739692986,3.2,5
labor,None,mix05_100,0.8400000000000001,0.8400000000000001,0.2885310404933989,3.3619999999999997,5
labor,None,mix05_20,0.8533333333333333,0.85,0.0544096177443862,3.3899999999999997,5
labor,None,mix10_100,0.8400000000000001,0.8300000000000001,0.5248327066190541,3.5,5
labor,None,mix10_20,0.8666666666666668,0.8700000000000001,0.08872265117242932,3.5200000000000005,5
labor,None,mix25_100,0.8800000000000001,0.8600000000000001,1.109710715059191,4.0,5
labor,None,mix25_20,0.8933333333333333,0.9,0.2093712423928082,4.0,5
labor,None,mix50_20,0.8666666666666668,0.85,0.42051453329622746,4.86,5
labor,None,rf_sqrt_fixed,0.8933333333333333,0.9,0.07122526671737432,4.1899999999999995,5
labor,None,sighted2_20,0.7866666666666667,0.77,0.8298773581162096,6.4,5
labor,None,tree_k1,0.8133333333333332,0.8,0.0015480083413422108,3.8,5
labor,None,tree_k2,0.8400000000000001,0.8,0.06252999193966388,6.6,5
led24,3,cart_bag100,0.7075,0.7068117563715124,0.2650207274593413,3.0,5
led24,3,cart_bag200,0.7077500000000001,0.7066967973358217,0.5298044955357909,3.0,5
led24,3,cart_fixed,0.5974999999999999,0.589381475029036,0.0026934914290905,3.0,5
led24,3,cart_mix10_100,0.7070000000000001,0.7063300490544393,1.5880135338753463,3.0,5
led24,3,cart_tuned,0.7152499999999999,0.7148174193198583,0.004903745651245117,,5
led24,3,greedy100,0.7075,0.7068117563715124,0.990716731455177,3.0,5
led24,3,greedy20,0.70625,0.7053965171062732,0.19775890819728376,3.0,5
led24,3,greedy200,0.7077500000000001,0.7066967973358217,1.9887412667274476,3.0,5
led24,3,majority,0.10500000000000001,0.1,0.0,,5
led24,3,mix05_100,0.7064999999999999,0.7058483417373662,1.6454901149496437,3.0,5
led24,3,mix05_20,0.70425,0.7034928110562257,0.3450245078653097,3.0,5
led24,3,mix10_100,0.7070000000000001,0.7063300490544393,2.294415665976703,3.0,5
led24,3,mix10_20,0.7077500000000001,0.7071087808587808,0.4737212577834725,3.0,5
led24,3,mix25_100,0.70475,0.7041840262023189,4.24703273307532,3.0,5
led24,3,mix25_20,0.7072499999999999,0.706587946847703,0.8833808666095138,3.0,5
led24,3,mix50_20,0.70475,0.7042203635849977,1.6155537251383065,3.0,5
led24,3,rf_sqrt_fixed,0.7264999999999999,0.7266024233292526,0.11528914188966155,3.0,5
led24,3,rf_tuned,0.72675,0.7263512982732495,0.23964519500732423,,5
led24,3,sighted2_20,0.701,0.7005268959012861,2.9872822340577843,3.0,5
led24,3,tree_k1,0.5974999999999999,0.589381475029036,0.010179391596466303,3.0,5
led24,3,tree_k2,0.59875,0.5906547038327525,0.13628230858594179,3.0,5
led24,6,cart_bag100,0.7205,0.7197998978389222,0.46088685691356657,6.0,5
led24,6,cart_bag200,0.721,0.7203382095272339,0.8975305302068591,6.0,5
led24,6,cart_fixed,0.718,0.7176330237110725,0.0055442252196371555,6.0,5
led24,6,cart_mix10_100,0.7195,0.7187751560239365,3.8469261719845234,6.0,5
led24,6,greedy100,0.721,0.7202533240874704,2.362276881467551,6.0,5
led24,6,greedy20,0.7205,0.7197954419893444,0.4721203503198922,6.0,5
led24,6,greedy200,0.72075,0.7200943070882095,4.818821850419044,6.0,5
led24,6,mix05_100,0.7205,0.7197416453355479,4.129070015065372,6.0,5
led24,6,mix05_20,0.7215,0.720887821857334,0.8162215000018478,6.0,5
led24,6,mix10_100,0.7195,0.7187751560239365,5.884138523321599,6.0,5
led24,6,mix10_20,0.72075,0.7201142635984099,1.1605333667248487,6.0,5
led24,6,mix25_100,0.72275,0.7218932291176194,11.194670216180384,6.0,5
led24,6,mix25_20,0.7212500000000001,0.7205491881333345,2.1980090333148836,6.0,5
led24,6,mix50_20,0.72425,0.723605731150853,3.958521725796163,6.0,5
led24,6,rf_sqrt_fixed,0.7310000000000001,0.7309704584692389,0.13831408321857452,6.0,5
led24,6,sighted2_20,0.7245,0.7237601901394585,7.529257942270488,6.0,5
led24,6,tree_k1,0.718,0.7176294201074689,0.025207433477044107,6.0,5
led24,6,tree_k2,0.7135,0.7131370943163626,0.376245791465044,6.0,5
led24,None,cart_bag100,0.7154999999999999,0.7150794847428994,0.6840280247852206,14.572,5
led24,None,cart_bag200,0.717,0.7165049128634494,1.380980206374079,14.602,5
led24,None,cart_fixed,0.57225,0.5727350540911517,0.007642591279000044,15.4,5
led24,None,cart_mix10_100,0.716,0.7155279031010738,13.331143216695637,14.654,5
led24,None,greedy100,0.71275,0.7123608426291353,9.025080977845937,14.578,5
led24,None,greedy20,0.70225,0.7022703809923322,1.8968008015304805,14.580000000000002,5
led24,None,greedy200,0.71475,0.7145360500189768,18.115363109204917,14.624,5
led24,None,mix05_100,0.7150000000000001,0.7147455738285007,15.36036166138947,14.616,5
led24,None,mix05_20,0.70525,0.705313292925488,3.255077885463834,14.61,5
led24,None,mix10_100,0.71425,0.7138755960585229,22.132441894803197,14.657999999999998,5
led24,None,mix10_20,0.7060000000000001,0.706011160098965,4.624550968594849,14.61,5
led24,None,mix25_100,0.7137499999999999,0.7134961957840006,41.41561062904075,14.748,5
led24,None,mix25_20,0.7070000000000001,0.7068598161671333,8.828803476691245,14.690000000000001,5
led24,None,mix50_20,0.70275,0.7024394541516493,15.516562876477838,14.88,5
led24,None,rf_sqrt_fixed,0.719,0.7188609225316542,0.26777857486158607,15.408000000000001,5
led24,None,sighted2_20,0.7060000000000001,0.7055960301289569,29.04757184246555,15.25,5
led24,None,tree_k1,0.5755,0.5759014186977602,0.1304039664566517,15.6,5
led24,None,tree_k2,0.6042500000000001,0.6048973933230031,2.003200958110392,16.0,5
led7,3,cart_bag100,0.71175,0.7090434065424758,0.12415553629398346,3.0,5
led7,3,cart_bag200,0.71025,0.7075121872181571,0.25233700694516303,3.0,5
led7,3,cart_fixed,0.5345,0.5207521587512853,0.0012496917508542538,3.0,5
led7,3,cart_mix10_100,0.713,0.7102365943904816,0.22631166707724332,3.0,5
led7,3,cart_tuned,0.728,0.7253820068391723,0.0012215614318847657,,5
led7,3,greedy100,0.71175,0.7090434065424758,0.2558162407018244,3.0,5
led7,3,greedy20,0.6992499999999999,0.696387550832849,0.05148950777947903,3.0,5
led7,3,greedy200,0.71025,0.7075121872181571,0.5157380249351263,3.0,5
led7,3,majority,0.10625,0.1,0.0,,5
led7,3,mix05_100,0.7112499999999999,0.7084521896943855,0.28774020755663515,3.0,5
led7,3,mix05_20,0.7025,0.6995789071799864,0.05750885754823685,3.0,5
led7,3,mix10_100,0.713,0.7102365943904816,0.31964805675670505,3.0,5
led7,3,mix10_20,0.70525,0.7023362067157413,0.0637800743803382,3.0,5
led7,3,mix25_100,0.7075,0.7045887237235954,0.4154600899666548,3.0,5
led7,3,mix25_20,0.7045,0.7015776280973327,0.08284990033134818,3.0,5
led7,3,mix50_20,0.7112499999999999,0.7083955867285067,0.11483025811612606,3.0,5
led7,3,rf_sqrt_fixed,0.72575,0.7221270046633643,0.11242376659065485,3.0,5
led7,3,rf_tuned,0.7295,0.7264859340692982,0.10085582733154297,,5
led7,3,sighted2_20,0.7110000000000001,0.7085138161733712,0.1783566413447261,3.0,5
led7,3,tree_k1,0.5345,0.5207521587512853,0.0025587914511561393,3.0,5
led7,3,tree_k2,0.5387500000000001,0.5253916794973374,0.008488532900810242,3.0,5
led7,6,cart_bag100,0.7275,0.7255211002889095,0.15559521447867156,6.0,5
led7,6,cart_bag200,0.72575,0.7240432566615741,0.3072702250443399,6.0,5
led7,6,cart_fixed,0.7175,0.7156362433221,0.001504925172775984,6.0,5
led7,6,cart_mix10_100,0.7275,0.725505653887921,0.39045152654871346,6.0,5
led7,6,greedy100,0.7275,0.7255211002889095,0.6275628175586462,6.0,5
led7,6,greedy20,0.728,0.7263349007851653,0.1273749006912112,6.0,5
led7,6,greedy200,0.72575,0.7240432566615741,1.2467419407330453,6.0,5
led7,6,mix05_100,0.72725,0.7252801364334879,0.6902656007558108,6.0,5
led7,6,mix05_20,0.7262500000000001,0.7244869974447246,0.1399981846101582,6.0,5
led7,6,mix10_100,0.7270000000000001,0.7250237261770776,0.754734958242625,6.0,5
led7,6,mix10_20,0.7262500000000001,0.7244869974447246,0.152534534689039,6.0,5
led7,6,mix25_100,0.727,0.7250293959148522,0.9414006577804684,6.0,5
led7,6,mix25_20,0.72725,0.7254587448331387,0.19063774226233363,6.0,5
led7,6,mix50_20,0.7285,0.7268966771229094,0.2535172005183995,6.0,5
led7,6,rf_sqrt_fixed,0.7310000000000001,0.7284658394977936,0.12056790813803672,6.0,5
led7,6,sighted2_20,0.727,0.7257212240862776,0.3782956005074084,6.0,5
led7,6,tree_k1,0.7175,0.7156362433221,0.006435658410191536,6.0,5
led7,6,tree_k2,0.726,0.7240267431915195,0.019837849773466587,6.0,5
led7,None,cart_bag100,0.726,0.7230792966457156,0.1624925914220512,7.0,5
led7,None,cart_bag200,0.7262500000000001,0.7236439611483658,0.3613507742062211,7.0,5
led7,None,cart_fixed,0.726,0.7234802718566622,0.0019130080938339234,7.0,5
led7,None,cart_mix10_100,0.726,0.7230792966457156,0.49732753094285725,7.0,5
led7,None,greedy100,0.726,0.7230792966457156,0.9076502580195666,7.0,5
led7,None,greedy20,0.72725,0.7249709099528263,0.18005609139800072,7.0,5
led7,None,greedy200,0.7262500000000001,0.7236439611483658,1.8357234514318406,7.0,5
led7,None,mix05_100,0.726,0.7230792966457156,0.9882585334591567,7.0,5
led7,None,mix05_20,0.72725,0.7249709099528263,0.19533449988812207,7.0,5
led7,None,mix10_100,0.726,0.7230792966457156,1.0666240743361413,7.0,5
led7,None,mix10_20,0.72725,0.7249709099528263,0.21100230803713202,7.0,5
led7,None,mix25_100,0.7262500000000001,0.7233145907633627,1.3065269749611617,7.0,5
led7,None,mix25_20,0.72725,0.7249709099528263,0.2571685159578919,7.0,5
led7,None,mix50_20,0.7275,0.7252209099528264,0.335108557716012,7.0,5
led7,None,rf_sqrt_fixed,0.728,0.7253903654602084,0.20846499977633356,7.0,5
led7,None,sighted2_20,0.72775,0.725461873808248,0.4920755662024021,7.0,5
led7,None,tree_k1,0.726,0.7234802718566622,0.009967549704015255,7.0,5
led7,None,tree_k2,0.7265,0.7239474261882743,0.02577336672693491,7.0,5
lupus,3,cart_bag100,0.7363636363636363,0.6982905982905983,0.03665777798742056,3.0,5
lupus,3,cart_bag200,0.7363636363636363,0.6982905982905983,0.07293740203604102,3.0,5
lupus,3,cart_fixed,0.7090909090909091,0.6717948717948719,0.000443191546946764,3.0,5
lupus,3,cart_mix10_100,0.7272727272727273,0.6871794871794872,0.13255090210586787,3.0,5
lupus,3,cart_tuned,0.7,0.6572649572649573,0.00030646324157714846,,5
lupus,3,greedy100,0.7363636363636363,0.6982905982905983,0.06339898463338614,3.0,5
lupus,3,greedy20,0.7272727272727273,0.6905982905982906,0.012977925594896078,3.0,5
lupus,3,greedy200,0.7363636363636363,0.6982905982905983,0.1255140433087945,3.0,5
lupus,3,majority,0.5909090909090909,0.5,0.0,,5
lupus,3,mix05_100,0.7454545454545455,0.7094017094017093,0.10250029312446714,3.0,5
lupus,3,mix05_20,0.7272727272727273,0.6905982905982906,0.02111479202285409,3.0,5
lupus,3,mix10_100,0.7454545454545455,0.7094017094017093,0.14470813488587736,3.0,5
lupus,3,mix10_20,0.7272727272727273,0.6905982905982906,0.029723550844937562,3.0,5
lupus,3,mix25_100,0.7363636363636363,0.6982905982905983,0.2722986266948283,3.0,5
lupus,3,mix25_20,0.7272727272727273,0.6905982905982906,0.05440845908597112,3.0,5
lupus,3,mix50_20,0.7272727272727273,0.6905982905982906,0.09741540038958192,3.0,5
lupus,3,rf_sqrt_fixed,0.7363636363636363,0.6948717948717948,0.05414614174515009,3.0,5
lupus,3,rf_tuned,0.7363636363636363,0.6982905982905983,0.0476952075958252,,5
lupus,3,sighted2_20,0.7,0.6675213675213676,0.1799352596513927,3.0,5
lupus,3,tree_k1,0.7090909090909091,0.6717948717948719,0.0011714751832187175,3.0,5
lupus,3,tree_k2,0.7,0.6675213675213675,0.017256141547113656,3.0,5
lupus,6,cart_bag100,0.6909090909090909,0.6564102564102564,0.036138066276907924,5.93,5
lupus,6,cart_bag200,0.6909090909090909,0.6564102564102564,0.07324077431112527,5.930000000000001,5
lupus,6,cart_fixed,0.7090909090909091,0.6717948717948719,0.0004904834553599357,6.0,5
lupus,6,cart_mix10_100,0.6909090909090909,0.6564102564102564,0.17466987827792763,5.938,5
lupus,6,greedy100,0.6636363636363637,0.6333333333333333,0.09216528153046966,5.93,5
lupus,6,greedy20,0.7,0.6641025641025641,0.018568674568086863,5.95,5
lupus,6,greedy200,0.6818181818181819,0.6487179487179487,0.18107401579618454,5.933,5
lupus,6,mix05_100,0.6818181818181819,0.6487179487179487,0.14723250651732087,5.936,5
lupus,6,mix05_20,0.7181818181818181,0.6829059829059829,0.030115307681262492,5.96,5
lupus,6,mix10_100,0.6818181818181819,0.6487179487179487,0.2104928652755916,5.938000000000001,5
lupus,6,mix10_20,0.7181818181818181,0.6829059829059829,0.04219273338094354,5.96,5
lupus,6,mix25_100,0.6818181818181819,0.6487179487179487,0.38656150801107286,5.944000000000001,5
lupus,6,mix25_20,0.7181818181818181,0.6863247863247863,0.07970233364030718,5.96,5
lupus,6,mix50_20,0.7090909090909091,0.6752136752136753,0.137102066911757,5.96,5
lupus,6,rf_sqrt_fixed,0.7363636363636363,0.7051282051282051,0.055895907990634444,5.99,5
lupus,6,sighted2_20,0.7181818181818181,0.6863247863247863,0.25242460016161206,5.99,5
lupus,6,tree_k1,0.6818181818181819,0.6487179487179487,0.0011859999969601632,6.0,5
lupus,6,tree_k2,0.6818181818181819,0.6487179487179487,0.024627850484102966,6.0,5
lupus,None,cart_bag100,0.6909090909090909,0.6564102564102564,0.03833126630634069,7.9799999999999995,5
lupus,None,cart_bag200,0.6818181818181819,0.6487179487179487,0.07651762999594211,7.943,5
lupus,None,cart_fixed,0.6909090909090909,0.6632478632478632,0.000448825117200613,12.4,5
lupus,None,cart_mix10_100,0.7,0.6641025641025641,0.18475287333130835,8.142,5
lupus,None,greedy100,0.6636363636363637,0.6333333333333333,0.10050997352227568,7.9719999999999995,5
lupus,None,greedy20,0.7181818181818181,0.6829059829059829,0.019467415846884252,8.120000000000001,5
lupus,None,greedy200,0.6545454545454545,0.6222222222222222,0.20119853802025317,7.955,5
lupus,None,mix05_100,0.6727272727272727,0.6410256410256411,0.15621134787797927,8.040000000000001,5
lupus,None,mix05_20,0.7272727272727273,0.6905982905982906,0.03192105768248439,8.23,5
lupus,None,mix10_100,0.6727272727272727,0.6410256410256411,0.22945187240839005,8.129999999999999,5
lupus,None,mix10_20,0.7272727272727273,0.6905982905982906,0.046268307883292434,8.33,5
lupus,None,mix25_100,0.6727272727272727,0.6410256410256411,0.41968648191541436,8.272,5
lupus,None,mix25_20,0.7272727272727273,0.6905982905982906,0.08607019931077957,8.440000000000001,5
lupus,None,mix50_20,0.7090909090909091,0.6717948717948719,0.14923036582767962,8.440000000000001,5
lupus,None,rf_sqrt_fixed,0.7,0.6743589743589744,0.05439969999715686,8.532,5
lupus,None,sighted2_20,0.7090909090909091,0.6752136752136753,0.2824715156108141,9.16,5
lupus,None,tree_k1,0.6545454545454545,0.629059829059829,0.0017205337062478065,12.6,5
lupus,None,tree_k2,0.6454545454545454,0.6145299145299145,0.028710583597421645,11.6,5
lymphography,3,cart_bag100,0.7783783783783784,0.5466666666666666,0.05289182448759675,3.0,5
lymphography,3,cart_bag200,0.7675675675675675,0.5408333333333333,0.10433234889060258,3.0,5
lymphography,3,cart_fixed,0.6972972972972973,0.4541666666666666,0.0005620667710900306,3.0,5
lymphography,3,cart_mix10_100,0.772972972972973,0.5441666666666667,0.2460630160756409,3.0,5
lymphography,3,cart_tuned,0.7081081081081081,0.4133333333333333,0.0006433486938476563,,5
lymphography,3,greedy100,0.7837837837837839,0.55,0.1941108944825828,3.0,5
lymphography,3,greedy20,0.7351351351351352,0.5216666666666667,0.03872745046392083,3.0,5
lymphography,3,greedy200,0.7675675675675675,0.5408333333333333,0.37525938693434,3.0,5
lymphography,3,majority,0.5405405405405406,0.25,0.0,,5
lymphography,3,mix05_100,0.7783783783783784,0.5466666666666666,0.29934037905186417,3.0,5
lymphography,3,mix05_20,0.7351351351351352,0.5225,0.05973011683672667,3.0,5
lymphography,3,mix10_100,0.7783783783783784,0.5466666666666666,0.403650579880923,3.0,5
lymphography,3,mix10_20,0.7351351351351352,0.5233333333333333,0.0815126996487379,3.0,5
lymphography,3,mix25_100,0.7783783783783784,0.5466666666666666,0.7154464048333466,3.0,5
lymphography,3,mix25_20,0.7513513513513514,0.5308333333333334,0.14516903283074498,3.0,5
lymphography,3,mix50_20,0.745945945945946,0.5283333333333333,0.25174954142421485,3.0,5
lymphography,3,rf_sqrt_fixed,0.7783783783783784,0.54,0.08366517508402467,3.0,5
lymphography,3,rf_tuned,0.8,0.5075000000000001,0.07777519226074218,,5
lymphography,3,sighted2_20,0.772972972972973,0.5416666666666666,0.46441608434543014,3.0,5
lymphography,3,tree_k1,0.7081081081081082,0.5075,0.0024894420988857747,3.0,5
lymphography,3,tree_k2,0.6972972972972974,0.45583333333333337,0.026529416721314193,3.0,5
lymphography,6,cart_bag100,0.7891891891891892,0.5549999999999999,0.05868210615590215,5.868,5
lymphography,6,cart_bag200,0.7945945945945946,0.5575,0.11473010089248419,5.856,5
lymphography,6,cart_fixed,0.7567567567567568,0.5358333333333334,0.0006654918193817139,6.0,5
lymphography,6,cart_mix10_100,0.8054054054054054,0.5633333333333334,0.517921048682183,5.876,5
lymphography,6,greedy100,0.8054054054054054,0.6116666666666667,0.2007707237266004,5.866,5
lymphography,6,greedy20,0.745945945945946,0.5775,0.03919686721637845,5.880000000000001,5
lymphography,6,greedy200,0.8,0.6075,0.401944450289011,5.856,5
lymphography,6,mix05_100,0.8,0.6083333333333334,0.4138479823246598,5.87,5
lymphography,6,mix05_20,0.745945945945946,0.5783333333333334,0.07602945854887366,5.9,5
lymphography,6,mix10_100,0.8054054054054054,0.6116666666666667,0.6167532246559858,5.8740000000000006,5
lymphography,6,mix10_20,0.7567567567567568,0.5841666666666667,0.11606130050495267,5.91,5
lymphography,6,mix25_100,0.8,0.6074999999999999,1.2328703419305385,5.888,5
lymphography,6,mix25_20,0.7675675675675675,0.6849999999999999,0.23152164220809937,5.92,5
lymphography,6,mix50_20,0.7567567567567568,0.5375,0.43344387542456386,5.9399999999999995,5
lymphography,6,rf_sqrt_fixed,0.8378378378378379,0.5766666666666667,0.0681077666580677,5.998,5
lymphography,6,sighted2_20,0.7675675675675675,0.5399999999999999,0.835973107535392,6.0,5
lymphography,6,tree_k1,0.7189189189189189,0.6108333333333332,0.005067641567438841,6.0,5
lymphography,6,tree_k2,0.6918918918918919,0.5983333333333334,0.06489716647192836,6.0,5
lymphography,None,cart_bag100,0.7945945945945946,0.5583333333333333,0.0595859844237566,6.634,5
lymphography,None,cart_bag200,0.8,0.5616666666666668,0.14268894447013736,6.653999999999999,5
lymphography,None,cart_fixed,0.7567567567567568,0.5416666666666667,0.0007373584434390068,9.2,5
lymphography,None,cart_mix10_100,0.8162162162162161,0.5691666666666666,0.6285843745805323,6.81,5
lymphography,None,greedy100,0.8108108108108109,0.6616666666666667,0.2677003419958055,6.638,5
lymphography,None,greedy20,0.7513513513513514,0.5791666666666666,0.053037174697965386,6.7,5
lymphography,None,greedy200,0.8054054054054054,0.6108333333333333,0.5310254176147282,6.656999999999999,5
lymphography,None,mix05_100,0.8,0.6083333333333334,0.5800724511966109,6.718000000000001,5
lymphography,None,mix05_20,0.7513513513513514,0.5791666666666666,0.1033703994937241,6.81,5
lymphography,None,mix10_100,0.8162162162162161,0.6166666666666667,0.8761500421911478,6.816,5
lymphography,None,mix10_20,0.7513513513513514,0.5791666666666666,0.15697560776025057,6.890000000000001,5
lymphography,None,mix25_100,0.8054054054054054,0.61,1.8387899245135486,7.068,5
lymphography,None,mix25_20,0.745945945945946,0.6708333333333333,0.3259392659179866,7.090000000000001,5
lymphography,None,mix50_20,0.745945945945946,0.5783333333333334,0.6175896403379738,7.5,5
lymphography,None,rf_sqrt_fixed,0.8486486486486486,0.5858333333333333,0.07112114960327745,8.712,5
lymphography,None,sighted2_20,0.7675675675675675,0.5416666666666666,1.2092084490694106,8.290000000000001,5
lymphography,None,tree_k1,0.7135135135135136,0.6141666666666666,0.0037541001103818415,9.2,5
lymphography,None,tree_k2,0.7189189189189189,0.6108333333333332,0.0801213165745139,9.2,5
mofn_3_7_10,3,cart_bag100,0.8386706948640483,0.6342465753424658,0.08317988235503435,3.0,5
mofn_3_7_10,3,cart_bag200,0.83987915407855,0.6389508335988106,0.16603573793545365,3.0,5
mofn_3_7_10,3,cart_fixed,0.795166163141994,0.6279494531167038,0.0009010418318212033,3.0,5
mofn_3_7_10,3,cart_mix10_100,0.8386706948640483,0.6342465753424658,0.19032886661589146,3.0,5
mofn_3_7_10,3,cart_tuned,1.0,1.0,0.001464080810546875,,5
mofn_3_7_10,3,greedy100,0.8374622356495468,0.6334713815440162,0.23759143026545643,3.0,5
mofn_3_7_10,3,greedy20,0.8356495468277945,0.6323085908463417,0.047573316190391776,3.0,5
mofn_3_7_10,3,greedy200,0.83987915407855,0.6389508335988106,0.4765202266164124,3.0,5
mofn_3_7_10,3,majority,0.7794561933534743,0.5,0.0,,5
mofn_3_7_10,3,mix05_100,0.8374622356495468,0.6334713815440162,0.28175261290743947,3.0,5
mofn_3_7_10,3,mix05_20,0.8380664652567976,0.6377880429011362,0.056438341550529,3.0,5
mofn_3_7_10,3,mix10_100,0.8374622356495468,0.6334713815440162,0.32976201325654986,3.0,5
mofn_3_7_10,3,mix10_20,0.8380664652567976,0.6377880429011362,0.0654432000592351,3.0,5
mofn_3_7_10,3,mix25_100,0.8338368580060423,0.6252522034618243,0.47157464940100907,3.0,5
mofn_3_7_10,3,mix25_20,0.8386706948640483,0.6391579059148349,0.0933961583301425,3.0,5
mofn_3_7_10,3,mix50_20,0.8350453172205438,0.6358500584050122,0.14025685861706733,3.0,5
mofn_3_7_10,3,rf_sqrt_fixed,0.8229607250755286,0.5986301369863014,0.07827634159475565,3.0,5
mofn_3_7_10,3,rf_tuned,1.0,1.0,0.10770268440246582,,5
mofn_3_7_10,3,sighted2_20,0.83202416918429,0.6260539449930975,0.2365440514869988,3.0,5
mofn_3_7_10,3,tree_k1,0.795166163141994,0.6279494531167038,0.0030748915858566763,3.0,5
mofn_3_7_10,3,tree_k2,0.7915407854984895,0.6158012105766167,0.011687166523188353,3.0,5
mofn_3_7_10,6,cart_bag100,0.9528700906344412,0.9127960072209834,0.10393555732443929,6.0,5
mofn_3_7_10,6,cart_bag200,0.9558912386706948,0.9196453222894764,0.20722849303856491,6.0,5
mofn_3_7_10,6,cart_fixed,0.8217522658610272,0.7776096421365615,0.0011410916224122048,6.0,5
mofn_3_7_10,6,cart_mix10_100,0.9534743202416918,0.914165870234682,0.3456257976591587,6.0,5
mofn_3_7_10,6,greedy100,0.9516616314199396,0.9100562811935861,0.47779784109443424,6.0,5
mofn_3_7_10,6,greedy20,0.9552870090634441,0.9212222576191994,0.09341694992035628,6.0,5
mofn_3_7_10,6,greedy200,0.9534743202416918,0.914165870234682,0.9733973489142954,6.0,5
mofn_3_7_10,6,mix05_100,0.9498489425981873,0.9059466921524901,0.5717445735819637,6.0,5
mofn_3_7_10,6,mix05_20,0.9558912386706948,0.9216098545184241,0.11252162493765354,6.0,5
mofn_3_7_10,6,mix10_100,0.9510574018126888,0.9086864181798875,0.6709638152271509,6.0,5
mofn_3_7_10,6,mix10_20,0.9570996978851964,0.9243495805458213,0.13218099139630796,6.0,5
mofn_3_7_10,6,mix25_100,0.9498489425981873,0.9059466921524901,0.976220307778567,6.0,5
mofn_3_7_10,6,mix25_20,0.958308157099698,0.925124774344271,0.19211718374863268,6.0,5
mofn_3_7_10,6,mix50_20,0.9510574018126888,0.911633216523309,0.3010145419277251,6.0,5
mofn_3_7_10,6,rf_sqrt_fixed,0.9293051359516615,0.8397260273972602,0.08477933341637253,6.0,5
mofn_3_7_10,6,sighted2_20,0.9528700906344412,0.9177073377933525,0.4996457670815289,6.0,5
mofn_3_7_10,6,tree_k1,0.8217522658610272,0.7776096421365615,0.004918450210243464,6.0,5
mofn_3_7_10,6,tree_k2,0.8157099697885197,0.7786450037166827,0.022452991735190154,6.0,5
mofn_3_7_10,None,cart_bag100,1.0,1.0,0.10792203349992632,7.678,5
mofn_3_7_10,None,cart_bag200,1.0,1.0,0.21625649388879536,7.684,5
mofn_3_7_10,None,cart_fixed,1.0,1.0,0.00113490866497159,7.0,5
mofn_3_7_10,None,cart_mix10_100,1.0,1.0,0.4829924346879125,7.85,5
mofn_3_7_10,None,greedy100,1.0,1.0,0.6023761505261064,7.703999999999999,5
mofn_3_7_10,None,greedy20,1.0,1.0,0.1220287075266242,7.74,5
mofn_3_7_10,None,greedy200,1.0,1.0,1.19860110739246,7.712000000000001,5
mofn_3_7_10,None,mix05_100,1.0,1.0,0.7580844736658037,7.781999999999999,5
mofn_3_7_10,None,mix05_20,1.0,1.0,0.1535681325942278,7.83,5
mofn_3_7_10,None,mix10_100,1.0,1.0,0.9133898572996259,7.874,5
mofn_3_7_10,None,mix10_20,1.0,1.0,0.18474198253825308,7.9,5
mofn_3_7_10,None,mix25_100,0.9987915407854985,0.9972602739726029,1.3748700588010252,8.104,5
mofn_3_7_10,None,mix25_20,0.9987915407854985,0.9972602739726029,0.27921742433682084,8.16,5
mofn_3_7_10,None,mix50_20,0.9927492447129909,0.9835616438356164,0.4351042157039046,8.51,5
mofn_3_7_10,None,rf_sqrt_fixed,0.9879154078549849,0.9726027397260275,0.09129494978114963,10.0,5
mofn_3_7_10,None,sighted2_20,0.9709969788519638,0.9450515026016777,0.7492674827575684,9.27,5
mofn_3_7_10,None,tree_k1,1.0,1.0,0.006388099957257509,7.0,5
mofn_3_7_10,None,tree_k2,0.9679758308157099,0.9460603164489753,0.0423359502106905,9.0,5
monk1,3,cart_bag100,0.8057553956834532,0.8064596273291926,0.061441116500645876,3.0,5
monk1,3,cart_bag200,0.8086330935251798,0.8094202898550724,0.1229588626883924,3.0,5
monk1,3,cart_fixed,0.7755395683453237,0.7763975155279502,0.0007208997383713722,3.0,5
monk1,3,cart_mix10_100,0.8187050359712231,0.8193167701863354,0.11302800877019763,3.0,5
monk1,3,cart_tuned,0.9553956834532376,0.9554451345755695,0.0005620479583740235,,5
monk1,3,greedy100,0.8057553956834532,0.8064596273291926,0.08994396021589637,3.0,5
monk1,3,greedy20,0.814388489208633,0.8150103519668737,0.01841340083628893,3.0,5
monk1,3,greedy200,0.8071942446043165,0.8079917184265011,0.1829815118573606,3.0,5
monk1,3,majority,0.49640287769784175,0.5,0.0,,5
monk1,3,mix05_100,0.8129496402877698,0.8136024844720497,0.10552953481674195,3.0,5
monk1,3,mix05_20,0.8215827338129497,0.8221532091097309,0.021264917589724062,3.0,5
monk1,3,mix10_100,0.8187050359712231,0.8193167701863354,0.12113839322701096,3.0,5
monk1,3,mix10_20,0.8273381294964028,0.8278674948240166,0.024269617348909377,3.0,5
monk1,3,mix25_100,0.8359712230215827,0.836583850931677,0.16859530219808222,3.0,5
monk1,3,mix25_20,0.837410071942446,0.8378881987577639,0.033304525353014466,3.0,5
monk1,3,mix50_20,0.8460431654676259,0.8465631469979297,0.048577932827174666,3.0,5
monk1,3,rf_sqrt_fixed,0.8043165467625899,0.8044927536231883,0.0785613083280623,3.0,5
monk1,3,rf_tuned,0.9971223021582734,0.9971428571428571,0.08743872642517089,,5
monk1,3,sighted2_20,0.8776978417266188,0.8781573498964803,0.079575658403337,3.0,5
monk1,3,tree_k1,0.7755395683453237,0.7763975155279502,0.0009650166146457195,3.0,5
monk1,3,tree_k2,0.7884892086330935,0.789192546583851,0.004321958404034376,3.0,5
monk1,6,cart_bag100,0.9669064748201439,0.9670393374741201,0.06830711560323835,6.0,5
monk1,6,cart_bag200,0.9697841726618706,0.9699171842650104,0.14083007127046585,6.0,5
monk1,6,cart_fixed,0.8503597122302159,0.8503312629399586,0.000769600085914135,6.0,5
monk1,6,cart_mix10_100,0.9798561151079136,0.9799792960662526,0.18517486648634077,6.0,5
monk1,6,greedy100,0.9669064748201439,0.9670186335403728,0.22538161780685187,6.0,5
monk1,6,greedy20,0.9640287769784173,0.9639958592132505,0.043489033542573455,6.0,5
monk1,6,greedy200,0.9697841726618706,0.9699171842650104,0.4547356700524688,6.0,5
monk1,6,mix05_100,0.9712230215827338,0.9713250517598343,0.26589390113949773,6.0,5
monk1,6,mix05_20,0.9683453237410072,0.9683436853002071,0.05138140041381121,6.0,5
monk1,6,mix10_100,0.9798561151079136,0.9799792960662526,0.30676501663401723,6.0,5
monk1,6,mix10_20,0.9726618705035971,0.9726915113871636,0.059421617165207864,6.0,5
monk1,6,mix25_100,0.9942446043165468,0.9942857142857143,0.42854420095682144,6.0,5
monk1,6,mix25_20,0.9913669064748202,0.9914078674948239,0.08390263393521309,6.0,5
monk1,6,mix50_20,0.9928057553956835,0.9928571428571429,0.1259076502174139,6.0,5
monk1,6,rf_sqrt_fixed,0.9280575539568346,0.9283643892339544,0.081648566480726,6.0,5
monk1,6,sighted2_20,0.9956834532374101,0.9957142857142858,0.20732757467776536,6.0,5
monk1,6,tree_k1,0.8546762589928057,0.8546376811594204,0.0024768167175352575,6.0,5
monk1,6,tree_k2,0.9553956834532376,0.9553830227743271,0.010772166401147842,6.0,5
monk1,None,cart_bag100,0.9971223021582734,0.9971428571428571,0.07488264190033078,9.266,5
monk1,None,cart_bag200,1.0,1.0,0.14793810648843647,9.25,5
monk1,None,cart_fixed,0.9553956834532376,0.9554451345755695,0.0008616997860372066,9.6,5
monk1,None,cart_mix10_100,1.0,1.0,0.24276250340044497,9.258,5
monk1,None,greedy100,0.9971223021582734,0.9971428571428571,0.42081922898069024,9.129999999999999,5
monk1,None,greedy20,0.9971223021582734,0.9971428571428571,0.08162980126217008,9.059999999999999,5
monk1,None,greedy200,1.0,1.0,0.8334483035840095,9.120000000000001,5
monk1,None,mix05_100,1.0,1.0,0.49346945332363246,9.148,5
monk1,None,mix05_20,0.9985611510791367,0.9985714285714286,0.09459352670237423,9.05,5
monk1,None,mix10_100,1.0,1.0,0.56204325389117,9.138,5
monk1,None,mix10_20,0.9985611510791367,0.9985714285714286,0.10758945951238275,9.04,5
monk1,None,mix25_100,1.0,1.0,0.7647047515958547,9.142,5
monk1,None,mix25_20,0.9985611510791367,0.9985714285714286,0.14987945966422558,9.07,5
monk1,None,mix50_20,1.0,1.0,0.2152585092931986,9.040000000000001,5
monk1,None,rf_sqrt_fixed,0.9669064748201439,0.9670186335403728,0.08838266665115953,10.048,5
monk1,None,sighted2_20,0.9697841726618706,0.9698757763975155,0.34832582557573916,9.09,5
monk1,None,tree_k1,0.9654676258992806,0.9655279503105589,0.004286583233624697,9.4,5
monk1,None,tree_k2,0.9784172661870503,0.9784472049689441,0.017712283320724963,9.0,5
monk2,3,cart_bag100,0.6569536423841059,0.5064879564879565,0.06384515119716525,3.0,5
monk2,3,cart_bag200,0.6582781456953642,0.5074980574980575,0.12584288520738482,3.0,5
monk2,3,cart_fixed,0.6039735099337749,0.5309052059052058,0.000715024583041668,3.0,5
monk2,3,cart_mix10_100,0.6543046357615895,0.5044677544677545,0.12184579037129879,3.0,5
monk2,3,cart_tuned,0.9748344370860927,0.9771561771561771,0.0008128166198730468,,5
monk2,3,greedy100,0.6556291390728477,0.5054778554778554,0.12849678983911872,3.0,5
monk2,3,greedy20,0.6582781456953642,0.5093240093240093,0.025500291492789984,3.0,5
monk2,3,greedy200,0.6582781456953642,0.5074980574980575,0.27022007293999195,3.0,5
monk2,3,majority,0.6556291390728477,0.5,0.0,,5
monk2,3,mix05_100,0.6556291390728477,0.5054778554778554,0.15368753122165799,3.0,5
monk2,3,mix05_20,0.6556291390728477,0.5073038073038073,0.030390533339232206,3.0,5
monk2,3,mix10_100,0.6543046357615895,0.5044677544677545,0.17917616497725247,3.0,5
monk2,3,mix10_20,0.6596026490066225,0.5112470862470863,0.03529613371938467,3.0,5
monk2,3,mix25_100,0.6503311258278146,0.5060023310023309,0.2541577322408557,3.0,5
monk2,3,mix25_20,0.6649006622516557,0.5216783216783216,0.04923485079780221,3.0,5
monk2,3,mix50_20,0.6688741721854304,0.5338383838383838,0.07317588413134217,3.0,5
monk2,3,rf_sqrt_fixed,0.6556291390728477,0.5,0.0773362667299807,3.0,5
monk2,3,rf_tuned,0.9827814569536424,0.9768259518259519,0.09156856536865235,,5
monk2,3,sighted2_20,0.6701986754966887,0.5576728826728827,0.12397890901193023,3.0,5
monk2,3,tree_k1,0.6,0.5342657342657342,0.0013351667672395705,3.0,5
monk2,3,tree_k2,0.6450331125827814,0.5466977466977467,0.0055413833819329735,3.0,5
monk2,6,cart_bag100,0.9774834437086092,0.9727855477855478,0.07836732286959887,6.0,5
monk2,6,cart_bag200,0.9748344370860927,0.9698523698523699,0.15522804148495198,6.0,5
monk2,6,cart_fixed,0.9350993377483444,0.9313325563325563,0.0009058662690222263,6.0,5
monk2,6,cart_mix10_100,0.9827814569536424,0.9777389277389277,0.23421539152041077,6.0,5
monk2,6,greedy100,0.9721854304635762,0.9687451437451438,0.35838133450597526,6.0,5
monk2,6,greedy20,0.9602649006622517,0.9532634032634032,0.06779497535899282,6.0,5
monk2,6,greedy200,0.9721854304635761,0.9678321678321679,0.7359680168330669,6.0,5
monk2,6,mix05_100,0.976158940397351,0.9717754467754467,0.4188471846282482,6.0,5
monk2,6,mix05_20,0.9695364238410595,0.9621600621600621,0.0797221252694726,6.0,5
monk2,6,mix10_100,0.9801324503311258,0.9757187257187259,0.4797625921666622,6.0,5
monk2,6,mix10_20,0.9748344370860927,0.967113442113442,0.09170142514631152,6.0,5
monk2,6,mix25_100,0.9841059602649007,0.9805749805749805,0.6513802332803607,6.0,5
monk2,6,mix25_20,0.9867549668874173,0.9816822066822066,0.1279305336996913,6.0,5
monk2,6,mix50_20,0.9920529801324504,0.9884615384615385,0.18743529114872218,6.0,5
monk2,6,rf_sqrt_fixed,0.8622516556291391,0.810042735042735,0.08286973349750042,6.0,5
monk2,6,sighted2_20,1.0,1.0,0.30781107414513825,6.0,5
monk2,6,tree_k1,0.9536423841059604,0.9509518259518259,0.0037584501318633557,6.0,5
monk2,6,tree_k2,1.0,1.0,0.014143058471381665,6.0,5
monk2,None,cart_bag100,0.985430463576159,0.9806721056721056,0.07931628422811628,9.27,5
monk2,None,cart_bag200,0.985430463576159,0.9806721056721056,0.15889793466776608,9.327,5
monk2,None,cart_fixed,0.9748344370860927,0.9771561771561771,0.000899950135499239,7.4,5
monk2,None,cart_mix10_100,0.9788079470198676,0.9737956487956488,0.32382092364132403,9.36,5
monk2,None,greedy100,0.9801324503311258,0.9757187257187256,0.5403041628189384,9.268,5
monk2,None,greedy20,0.9735099337748345,0.9651903651903652,0.10955954864621162,9.25,5
monk2,None,greedy200,0.9841059602649006,0.9787490287490288,1.1127237957902252,9.300999999999998,5
monk2,None,mix05_100,0.9788079470198676,0.9737956487956488,0.6342513552866876,9.312000000000001,5
monk2,None,mix05_20,0.9721854304635761,0.9641802641802641,0.1277128235436976,9.26,5
monk2,None,mix10_100,0.9748344370860927,0.9707653457653457,0.73145398106426,9.354000000000001,5
monk2,None,mix10_20,0.9708609271523179,0.9622571872571873,0.14594939071685076,9.3,5
monk2,None,mix25_100,0.9682119205298013,0.962975912975913,1.0214520134963094,9.442,5
monk2,None,mix25_20,0.9642384105960264,0.9544677544677546,0.1979391498491168,9.35,5
monk2,None,mix50_20,0.9231788079470199,0.9067210567210567,0.29682999160140755,9.64,5
monk2,None,rf_sqrt_fixed,0.9152317880794701,0.8887917637917638,0.09374503316357732,10.284,5
monk2,None,sighted2_20,0.8410596026490067,0.8203574203574204,0.48383594304323196,9.77,5
monk2,None,tree_k1,0.976158940397351,0.9781662781662781,0.004025883041322231,7.0,5
monk2,None,tree_k2,0.7788079470198676,0.7601010101010102,0.029115750174969434,9.8,5
monk3,3,cart_bag100,0.9827338129496402,0.9830223880597014,0.06370299961417913,3.0,5
monk3,3,cart_bag200,0.9827338129496402,0.9830223880597014,0.12469085780903696,3.0,5
monk3,3,cart_fixed,0.9697841726618706,0.9693822553897181,0.0007022834382951259,3.0,5
monk3,3,cart_mix10_100,0.9827338129496402,0.9830223880597014,0.11126978294923902,3.0,5
monk3,3,cart_tuned,0.9928057553956835,0.9925373134328359,0.0004714012145996094,,5
monk3,3,greedy100,0.9827338129496402,0.9830223880597014,0.08655116939917207,3.0,5
monk3,3,greedy20,0.9769784172661871,0.9774668325041459,0.01733235949650407,3.0,5
monk3,3,greedy200,0.9827338129496402,0.9830223880597014,0.17537345355376602,3.0,5
monk3,3,majority,0.5179856115107914,0.5,0.0,,5
monk3,3,mix05_100,0.9827338129496402,0.9830223880597014,0.1014538780786097,3.0,5
monk3,3,mix05_20,0.9769784172661871,0.9774668325041459,0.020079750940203665,3.0,5
monk3,3,mix10_100,0.9827338129496402,0.9830223880597014,0.11670489413663745,3.0,5
monk3,3,mix10_20,0.9769784172661871,0.9774668325041459,0.02328541725873947,3.0,5
monk3,3,mix25_100,0.9827338129496402,0.9830223880597014,0.1624718675389886,3.0,5
monk3,3,mix25_20,0.9798561151079136,0.9802446102819238,0.032011534459888934,3.0,5
monk3,3,mix50_20,0.9812949640287769,0.9814262023217246,0.047324067819863556,3.0,5
monk3,3,rf_sqrt_fixed,0.9755395683453237,0.9760779436152571,0.0739998834207654,3.0,5
monk3,3,rf_tuned,0.9942446043165468,0.9940298507462686,0.07605419158935547,,5
monk3,3,sighted2_20,0.953956834532374,0.9526533996683251,0.07699491661041975,3.0,5
monk3,3,tree_k1,0.9697841726618706,0.9693822553897181,0.0010827501304447652,3.0,5
monk3,3,tree_k2,0.953956834532374,0.9526533996683251,0.004003191739320755,3.0,5
monk3,6,cart_bag100,0.9928057553956835,0.9925373134328359,0.06379695842042565,5.986,5
monk3,6,cart_bag200,0.9928057553956835,0.9925373134328359,0.127780441660434,5.9910000000000005,5
monk3,6,cart_fixed,0.9899280575539569,0.9895522388059701,0.0007213582284748554,6.0,5
monk3,6,cart_mix10_100,0.9928057553956835,0.9925373134328359,0.15652269460260868,5.986,5
monk3,6,greedy100,0.9913669064748202,0.991044776119403,0.13544409042224287,5.986,5
monk3,6,greedy20,0.9928057553956835,0.9925373134328359,0.026523758936673403,5.9799999999999995,5
monk3,6,greedy200,0.9913669064748202,0.991044776119403,0.2753940467722714,5.9910000000000005,5
monk3,6,mix05_100,0.9913669064748202,0.991044776119403,0.16831765752285718,5.986,5
monk3,6,mix05_20,0.9928057553956835,0.9925373134328359,0.03194782547652721,5.9799999999999995,5
monk3,6,mix10_100,0.9913669064748202,0.991044776119403,0.20001400774344802,5.986,5
monk3,6,mix10_20,0.9928057553956835,0.9925373134328359,0.03958290936425328,5.9799999999999995,5
monk3,6,mix25_100,0.9913669064748202,0.991044776119403,0.3001566500402987,5.99,5
monk3,6,mix25_20,0.9928057553956835,0.9925373134328359,0.058234017342329025,5.99,5
monk3,6,mix50_20,0.9928057553956835,0.9925373134328359,0.09366400092840195,6.0,5
monk3,6,rf_sqrt_fixed,0.9913669064748202,0.9911484245439469,0.07839604960754513,6.0,5
monk3,6,sighted2_20,0.9870503597122303,0.9865671641791044,0.15876285135746002,6.0,5
monk3,6,tree_k1,0.9899280575539569,0.9895522388059701,0.0021808083169162274,6.0,5
monk3,6,tree_k2,0.985611510791367,0.9850746268656716,0.008437425177544356,6.0,5
monk3,None,cart_bag100,0.9870503597122303,0.9869817578772804,0.06415917044505477,8.886,5
monk3,None,cart_bag200,0.9870503597122303,0.9869817578772804,0.12649029577150941,8.885,5
monk3,None,cart_fixed,0.9712230215827338,0.9714966832504146,0.0007683747448027134,10.0,5
monk3,None,cart_mix10_100,0.9870503597122303,0.9869817578772804,0.19777293745428323,8.908,5
monk3,None,greedy100,0.985611510791367,0.9854892205638475,0.19416844174265863,8.856,5
monk3,None,greedy20,0.9870503597122303,0.9869817578772804,0.03810239266604185,8.92,5
monk3,None,greedy200,0.985611510791367,0.9854892205638475,0.39214819837361575,8.865,5
monk3,None,mix05_100,0.985611510791367,0.9854892205638475,0.24624269241467117,8.862,5
monk3,None,mix05_20,0.9870503597122303,0.9869817578772804,0.046365592442452905,8.940000000000001,5
monk3,None,mix10_100,0.985611510791367,0.9854892205638475,0.29601501785218715,8.879999999999999,5
monk3,None,mix10_20,0.985611510791367,0.9855928689883914,0.05844999244436622,8.91,5
monk3,None,mix25_100,0.985611510791367,0.9854892205638475,0.45318393418565395,8.918000000000001,5
monk3,None,mix25_20,0.985611510791367,0.9855928689883914,0.08700335072353482,8.940000000000001,5
monk3,None,mix50_20,0.9827338129496404,0.9828150912106135,0.14397259932011366,8.99,5
monk3,None,rf_sqrt_fixed,0.9841726618705036,0.9842039800995025,0.08054938316345214,9.386,5
monk3,None,sighted2_20,0.9640287769784173,0.9641376451077944,0.24389659045264125,8.969999999999999,5
monk3,None,tree_k1,0.9726618705035971,0.9728855721393035,0.0027703083120286464,10.0,5
monk3,None,tree_k2,0.9338129496402878,0.9339344941956883,0.015731874946504833,9.8,5
mux6,3,cart_bag100,0.7625,0.7625,0.04852256719022989,3.0,5
mux6,3,cart_bag200,0.75,0.75,0.09586498355492949,3.0,5
mux6,3,cart_fixed,0.59375,0.59375,0.0006677667610347271,3.0,5
mux6,3,cart_mix10_100,0.85,0.85,0.0627969997934997,3.0,5
mux6,3,cart_tuned,0.9375,0.9375,0.00037631988525390627,,5
mux6,3,greedy100,0.7625,0.7625,0.05941496631130576,3.0,5
mux6,3,greedy20,0.7375,0.7375,0.01263047531247139,3.0,5
mux6,3,greedy200,0.75,0.75,0.11863174736499786,3.0,5
mux6,3,majority,0.5,0.5,0.0,,5
mux6,3,mix05_100,0.8,0.8,0.06210604906082153,3.0,5
mux6,3,mix05_20,0.73125,0.73125,0.012946183513849973,3.0,5
mux6,3,mix10_100,0.84375,0.84375,0.0646719815209508,3.0,5
mux6,3,mix10_20,0.76875,0.76875,0.013361382950097322,3.0,5
mux6,3,mix25_100,1.0,1.0,0.07301944848150015,3.0,5
mux6,3,mix25_20,0.88125,0.88125,0.014708725176751614,3.0,5
mux6,3,mix50_20,1.0,1.0,0.017128416895866395,3.0,5
mux6,3,rf_sqrt_fixed,0.7375,0.7375,0.07449462469667197,3.0,5
mux6,3,rf_tuned,0.9875,0.9875,0.06101241111755371,,5
mux6,3,sighted2_20,1.0,1.0,0.02262960812076926,3.0,5
mux6,3,tree_k1,0.59375,0.59375,0.0008537582121789456,3.0,5
mux6,3,tree_k2,1.0,1.0,0.001300483476370573,3.0,5
mux6,6,cart_bag100,1.0,1.0,0.048270101007074115,5.506,5
mux6,6,cart_bag200,0.9875,0.9875,0.09769721189513803,5.486,5
mux6,6,cart_fixed,0.9375,0.9375,0.0006059330888092517,6.0,5
mux6,6,cart_mix10_100,0.9875,0.9875,0.08029870921745896,5.554,5
mux6,6,greedy100,1.0,1.0,0.10909165190532803,5.468,5
mux6,6,greedy20,0.9875,0.9875,0.02255361629649997,5.4799999999999995,5
mux6,6,greedy200,0.9875,0.9875,0.22190106818452476,5.455,5
mux6,6,mix05_100,1.0,1.0,0.11713605243712663,5.488,5
mux6,6,mix05_20,0.975,0.975,0.023868932947516443,5.5200000000000005,5
mux6,6,mix10_100,0.9875,0.9875,0.1250242936424911,5.518,5
mux6,6,mix10_20,0.975,0.975,0.025331649463623762,5.56,5
mux6,6,mix25_100,0.9875,0.9875,0.1492752513848245,5.606,5
mux6,6,mix25_20,0.975,0.975,0.02985886689275503,5.64,5
mux6,6,mix50_20,0.95,0.95,0.03751105898991227,5.76,5
mux6,6,rf_sqrt_fixed,0.9375,0.9375,0.06940429965034127,5.984,5
mux6,6,sighted2_20,0.9375,0.9375,0.053636734187602994,6.0,5
mux6,6,tree_k1,0.95,0.95,0.0015411579981446267,6.0,5
mux6,6,tree_k2,0.9375,0.9375,0.0034199414774775507,6.0,5
mux6,None,cart_bag100,1.0,1.0,0.04989412436261773,5.506,5
mux6,None,cart_bag200,0.9875,0.9875,0.0998339295387268,5.486,5
mux6,None,cart_fixed,0.9375,0.9375,0.000547083467245102,6.0,5
mux6,None,cart_mix10_100,0.9875,0.9875,0.08211684059351683,5.554,5
mux6,None,greedy100,1.0,1.0,0.12786226393654943,5.468,5
mux6,None,greedy20,0.9875,0.9875,0.02607529070228338,5.4799999999999995,5
mux6,None,greedy200,0.9875,0.9875,0.25617128890007734,5.455,5
mux6,None,mix05_100,1.0,1.0,0.13601357145234944,5.488,5
mux6,None,mix05_20,0.975,0.975,0.027575157396495343,5.5200000000000005,5
mux6,None,mix10_100,0.9875,0.9875,0.14443286303430797,5.518,5
mux6,None,mix10_20,0.975,0.975,0.029224215634167196,5.56,5
mux6,None,mix25_100,0.9875,0.9875,0.16997551284730433,5.606,5
mux6,None,mix25_20,0.975,0.975,0.034067366179078816,5.64,5
mux6,None,mix50_20,0.95,0.95,0.042132108379155396,5.76,5
mux6,None,rf_sqrt_fixed,0.9375,0.9375,0.07330154124647378,5.984,5
mux6,None,sighted2_20,0.9375,0.9375,0.058555941097438335,6.0,5
mux6,None,tree_k1,0.95,0.95,0.0017989583313465119,6.0,5
mux6,None,tree_k2,0.9375,0.9375,0.003419166523963213,6.0,5
new_thyroid,3,cart_bag100,0.9259259259259259,0.875187969924812,0.05123308794572949,3.0,5
new_thyroid,3,cart_bag200,0.9259259259259259,0.875187969924812,0.10115887327119708,2.998,5
new_thyroid,3,cart_fixed,0.9111111111111111,0.8533277638540797,0.000634766835719347,3.0,5
new_thyroid,3,cart_mix10_100,0.9296296296296296,0.8769423558897242,1.9267732332460583,3.0,5
new_thyroid,3,cart_tuned,0.9111111111111111,0.8512113617376775,0.0005272388458251953,,5
new_thyroid,3,greedy100,0.9296296296296296,0.8712893344472292,0.1632874167524278,3.0,5
new_thyroid,3,greedy20,0.9296296296296296,0.8712893344472292,0.03323554182425141,3.0,5
new_thyroid,3,greedy200,0.9333333333333333,0.8786967418546366,0.33276622407138345,2.998,5
new_thyroid,3,majority,0.7037037037037037,0.3333333333333333,0.0,,5
new_thyroid,3,mix05_100,0.9333333333333333,0.8786967418546366,0.9732966086827218,3.0,5
new_thyroid,3,mix05_20,0.9333333333333333,0.8786967418546366,0.1921287838369608,3.0,5
new_thyroid,3,mix10_100,0.9333333333333333,0.8786967418546366,1.8351936749182642,3.0,5
new_thyroid,3,mix10_20,0.9333333333333333,0.8786967418546366,0.3497023585252464,3.0,5
new_thyroid,3,mix25_100,0.9333333333333333,0.8786967418546366,4.377527133375406,3.0,5
new_thyroid,3,mix25_20,0.9333333333333333,0.8786967418546366,0.8009585091844201,3.0,5
new_thyroid,3,mix50_20,0.9148148148148149,0.8642717905875801,1.6263446763157845,3.0,5
new_thyroid,3,rf_sqrt_fixed,0.9481481481481481,0.8970203285992759,0.07322506690397859,3.0,5
new_thyroid,3,rf_tuned,0.9444444444444444,0.9030353661932609,0.061301803588867186,,5
new_thyroid,3,sighted2_20,0.9333333333333333,0.8935394040657199,3.4432239586487414,3.0,5
new_thyroid,3,tree_k1,0.9074074074074074,0.8515733778891674,0.0021766917780041695,3.0,5
new_thyroid,3,tree_k2,0.9222222222222222,0.881203007518797,0.2355254833586514,3.0,5
new_thyroid,6,cart_bag100,0.9296296296296296,0.8847117794486214,0.05766204753890634,4.888,5
new_thyroid,6,cart_bag200,0.9296296296296296,0.8847117794486214,0.11580319926142693,4.84,5
new_thyroid,6,cart_fixed,0.9185185185185185,0.8716791979949875,0.0006504501216113567,5.6,5
new_thyroid,6,cart_mix10_100,0.9296296296296296,0.8847117794486214,2.9907245414331554,4.996,5
new_thyroid,6,greedy100,0.9333333333333333,0.8864661654135337,0.24043674124404787,4.9,5
new_thyroid,6,greedy20,0.937037037037037,0.8882205513784461,0.04878996629267931,4.89,5
new_thyroid,6,greedy200,0.9333333333333333,0.8864661654135337,0.47484546843916176,4.843999999999999,5
new_thyroid,6,mix05_100,0.9333333333333333,0.8864661654135337,1.5421652913093566,4.958,5
new_thyroid,6,mix05_20,0.937037037037037,0.8882205513784461,0.34669917495921254,4.9399999999999995,5
new_thyroid,6,mix10_100,0.9333333333333333,0.8864661654135337,2.8965651001781225,5.008,5
new_thyroid,6,mix10_20,0.937037037037037,0.8882205513784461,0.621894299890846,4.970000000000001,5
new_thyroid,6,mix25_100,0.9333333333333333,0.8864661654135337,7.084574782382697,5.18,5
new_thyroid,6,mix25_20,0.9333333333333333,0.8786967418546366,1.4559749747626483,5.17,5
new_thyroid,6,mix50_20,0.9296296296296296,0.8769423558897242,2.840713866520673,5.4399999999999995,5
new_thyroid,6,rf_sqrt_fixed,0.951851851851852,0.9178501810080757,0.07015990801155567,5.465999999999999,5
new_thyroid,6,sighted2_20,0.9296296296296296,0.8818991924255082,5.579684192594141,6.0,5
new_thyroid,6,tree_k1,0.9185185185185185,0.8794486215538846,0.003844983223825693,5.6,5
new_thyroid,6,tree_k2,0.9259259259259259,0.8808409913673071,0.3947239166125655,6.0,5
new_thyroid,None,cart_bag100,0.9296296296296296,0.8847117794486214,0.06080118799582124,5.0,5
new_thyroid,None,cart_bag200,0.9296296296296296,0.8847117794486214,0.11852857945486903,4.942,5
new_thyroid,None,cart_fixed,0.9148148148148149,0.8699248120300751,0.0007470083422958851,5.8,5
new_thyroid,None,cart_mix10_100,0.9333333333333333,0.8864661654135337,5.319708198774606,6.9879999999999995,5
new_thyroid,None,greedy100,0.9333333333333333,0.8864661654135337,0.22718182830139994,5.016,5
new_thyroid,None,greedy20,0.937037037037037,0.8882205513784461,0.04619607357308268,5.0200000000000005,5
new_thyroid,None,greedy200,0.9333333333333333,0.8864661654135337,0.44914236487820747,4.946,5
new_thyroid,None,mix05_100,0.9333333333333333,0.8864661654135337,2.59773820284754,5.992,5
new_thyroid,None,mix05_20,0.937037037037037,0.8882205513784461,0.603486540261656,6.14,5
new_thyroid,None,mix10_100,0.9333333333333333,0.8864661654135337,5.1938163446262475,7.004,5
new_thyroid,None,mix10_20,0.9333333333333333,0.8786967418546366,1.059523189999163,7.159999999999999,5
new_thyroid,None,mix25_100,0.9333333333333333,0.8864661654135337,12.82524503087625,10.081999999999999,5
new_thyroid,None,mix25_20,0.9333333333333333,0.8730437204121415,2.4960348824970424,10.28,5
new_thyroid,None,mix50_20,0.9407407407407407,0.8687830687830687,4.668694291543216,15.059999999999999,5
new_thyroid,None,rf_sqrt_fixed,0.951851851851852,0.9178501810080757,0.06934293350204826,5.904,5
new_thyroid,None,sighted2_20,0.8703703703703705,0.7422166527429684,9.79792108386755,25.22,5
new_thyroid,None,tree_k1,0.9148148148148149,0.8776942355889725,0.0032991251908242704,5.8,5
new_thyroid,None,tree_k2,0.888888888888889,0.8110275689223057,0.7803567999973893,33.8,5
nursery,3,cart_bag100,0.8291358024691358,0.637468307845193,0.4772451632656157,3.0,5
nursery,3,cart_bag200,0.8209876543209876,0.6314644347973603,0.9488035890273749,3.0,5
nursery,3,cart_fixed,0.8132098765432099,0.6257313413742182,0.0045652584172785286,3.0,5
nursery,3,cart_mix10_100,0.8291358024691358,0.637468307845193,2.9950015001930295,3.0,5
nursery,3,cart_tuned,0.9937037037037036,0.9872203044043127,0.007654047012329102,,5
nursery,3,greedy100,0.8291358024691358,0.637468307845193,2.0463947442360224,3.0,5
nursery,3,greedy20,0.8138271604938272,0.6256912018406711,0.4035210842266679,3.0,5
nursery,3,greedy200,0.8209876543209876,0.6314644347973603,3.981208745576441,3.0,5
nursery,3,majority,0.3333333333333333,0.25,0.0,,5
nursery,3,mix05_100,0.8291358024691358,0.637468307845193,3.13384443577379,3.0,5
nursery,3,mix05_20,0.8138271604938272,0.6256912018406711,0.6212993589229882,3.0,5
nursery,3,mix10_100,0.8291358024691358,0.637468307845193,4.205225317832083,3.0,5
nursery,3,mix10_20,0.8138271604938272,0.6256912018406711,0.8363805425353348,3.0,5
nursery,3,mix25_100,0.8291358024691358,0.637468307845193,7.482413326110691,3.0,5
nursery,3,mix25_20,0.8138271604938272,0.6256912018406711,1.4811411004513502,3.0,5
nursery,3,mix50_20,0.8138271604938272,0.6256912018406711,2.5607727674767373,3.0,5
nursery,3,rf_sqrt_fixed,0.8461111111111113,0.6488234852424641,0.23759692506864666,3.0,5
nursery,3,rf_tuned,0.9943827160493827,0.9872092113729115,0.6129460334777832,,5
nursery,3,sighted2_20,0.8138271604938272,0.6256912018406711,4.712720158137381,3.0,5
nursery,3,tree_k1,0.8132098765432099,0.6257313413742182,0.019749616645276545,3.0,5
nursery,3,tree_k2,0.8132098765432099,0.6257313413742182,0.2559948083013296,3.0,5
nursery,6,cart_bag100,0.9004320987654321,0.6925004889977817,0.6238787259906531,6.0,5
nursery,6,cart_bag200,0.9003086419753086,0.6923937901453273,1.2459885445423424,6.0,5
nursery,6,cart_fixed,0.8872839506172839,0.6820701894901167,0.006669316720217466,6.0,5
nursery,6,cart_mix10_100,0.902962962962963,0.69446588927607,4.707530975248664,6.0,5
nursery,6,greedy100,0.9004320987654321,0.6925004889977817,3.1099851774983107,6.0,5
nursery,6,greedy20,0.8998148148148148,0.6920682242288899,0.61389394197613,6.0,5
nursery,6,greedy200,0.9001851851851852,0.6922948781769792,6.121986219659448,6.0,5
nursery,6,mix05_100,0.9008641975308642,0.6928466808870002,5.474648401793092,6.0,5
nursery,6,mix05_20,0.9009876543209877,0.6929689535076669,1.05433280877769,6.0,5
nursery,6,mix10_100,0.902962962962963,0.69446588927607,7.85908254282549,6.0,5
nursery,6,mix10_20,0.9020370370370371,0.6937993227264847,1.4848216753453016,6.0,5
nursery,6,mix25_100,0.9037654320987654,0.6950672870217671,14.828446019347757,6.0,5
nursery,6,mix25_20,0.9042592592592593,0.6966406389387119,2.80995521703735,6.0,5
nursery,6,mix50_20,0.9106172839506173,0.7560733337950295,5.004397291783244,6.0,5
nursery,6,rf_sqrt_fixed,0.891358024691358,0.6846698036685495,0.24058567453175783,6.0,5
nursery,6,sighted2_20,0.9192592592592593,0.7939616286136969,9.54529826650396,6.0,5
nursery,6,tree_k1,0.8872839506172839,0.6820701894901167,0.03130941642448306,6.0,5
nursery,6,tree_k2,0.9147530864197531,0.7904733362866516,0.4880062501877546,6.0,5
nursery,None,cart_bag100,0.9946296296296296,0.9885276355363816,0.8537902188487351,14.788,5
nursery,None,cart_bag200,0.9941358024691358,0.9864562785788991,1.7051079287193716,14.812000000000001,5
nursery,None,cart_fixed,0.9937037037037036,0.9872203044043127,0.008907749503850936,15.0,5
nursery,None,cart_mix10_100,0.9945679012345678,0.9873497924413277,12.871625122055411,15.116,5
nursery,None,greedy100,0.9946913580246914,0.9896925004912587,5.296074919216335,14.809999999999999,5
nursery,None,greedy20,0.9935802469135803,0.9876868838054221,1.0882994999177753,14.9,5
nursery,None,greedy200,0.9943827160493827,0.9888927073411076,10.620836416259408,14.819999999999999,5
nursery,None,mix05_100,0.9943827160493827,0.9894504118264591,11.859278586599975,14.98,5
nursery,None,mix05_20,0.993148148148148,0.985659791576043,2.4217444168403746,15.069999999999999,5
nursery,None,mix10_100,0.9941358024691358,0.9892525878897628,18.413862027972936,15.136000000000001,5
nursery,None,mix10_20,0.9924074074074074,0.9828329061965124,3.714734508469701,15.209999999999999,5
nursery,None,mix25_100,0.9941975308641975,0.9870400783961063,37.05692216865718,15.632,5
nursery,None,mix25_20,0.9916666666666666,0.9799982339328759,7.60984188336879,15.709999999999999,5
nursery,None,mix50_20,0.9539506172839506,0.9436124906414382,14.206374225672334,16.5,5
nursery,None,rf_sqrt_fixed,0.9832098765432098,0.9364532024883572,0.37391963340342044,17.042,5
nursery,None,sighted2_20,0.4065432098765432,0.4177523732316759,26.846621134132146,18.160000000000004,5
nursery,None,tree_k1,0.9929012345679012,0.9865929503782619,0.05278453314676881,15.2,5
nursery,None,tree_k2,0.3783333333333333,0.374771643942825,1.6315230753272771,18.0,5
parity5,3,cart_bag100,0.025,0.025,0.04067498203366995,3.0,5
parity5,3,cart_bag200,0.025,0.025,0.08136310772970319,3.0,5
parity5,3,cart_fixed,0.125,0.125,0.0005200420506298542,3.0,5
parity5,3,cart_mix10_100,0.025,0.025,0.048007532767951486,3.0,5
parity5,3,cart_tuned,0.15,0.15,0.0003245353698730469,,5
parity5,3,greedy100,0.025,0.025,0.05716269863769412,3.0,5
parity5,3,greedy20,0.075,0.075,0.011428033281117678,3.0,5
parity5,3,greedy200,0.025,0.025,0.11382450601086021,3.0,5
parity5,3,majority,0.5,0.5,0.0,,5
parity5,3,mix05_100,0.025,0.025,0.058741357270628215,3.0,5
parity5,3,mix05_20,0.1,0.1,0.011552649922668934,3.0,5
parity5,3,mix10_100,0.025,0.025,0.06057159146293998,3.0,5
parity5,3,mix10_20,0.075,0.075,0.011795641854405403,3.0,5
parity5,3,mix25_100,0.05,0.05,0.06584555990993976,3.0,5
parity5,3,mix25_20,0.1,0.1,0.012486583273857831,3.0,5
parity5,3,mix50_20,0.05,0.05,0.013645908422768116,3.0,5
parity5,3,rf_sqrt_fixed,0.075,0.075,0.0604456496424973,3.0,5
parity5,3,rf_tuned,0.2,0.2,0.047398614883422854,,5
parity5,3,sighted2_20,0.025,0.025,0.01725751729682088,3.0,5
parity5,3,tree_k1,0.1,0.1,0.0009637667797505855,3.0,5
parity5,3,tree_k2,0.05,0.05,0.001215041521936655,3.0,5
parity5,6,cart_bag100,0.0,0.0,0.03922593267634511,4.9719999999999995,5
parity5,6,cart_bag200,0.0,0.0,0.07904162546619772,4.973,5
parity5,6,cart_fixed,0.1,0.1,0.0004991584457457066,5.0,5
parity5,6,cart_mix10_100,0.0,0.0,0.0507979336194694,4.958,5
parity5,6,greedy100,0.0,0.0,0.07729803239926696,4.934,5
parity5,6,greedy20,0.025,0.025,0.016773891635239124,4.970000000000001,5
parity5,6,greedy200,0.0,0.0,0.15411133179441094,4.9399999999999995,5
parity5,6,mix05_100,0.0,0.0,0.07971159107983113,4.924,5
parity5,6,mix05_20,0.0,0.0,0.017016774881631135,4.95,5
parity5,6,mix10_100,0.0,0.0,0.08172770040109753,4.922,5
parity5,6,mix10_20,0.0,0.0,0.017255058325827122,4.9399999999999995,5
parity5,6,mix25_100,0.0,0.0,0.08920325199142098,4.91,5
parity5,6,mix25_20,0.0,0.0,0.01836810018867254,4.92,5
parity5,6,mix50_20,0.0,0.0,0.02115726759657264,4.9,5
parity5,6,rf_sqrt_fixed,0.0,0.0,0.061605158168822526,4.954,5
parity5,6,sighted2_20,0.0,0.0,0.026191308349370956,4.88,5
parity5,6,tree_k1,0.1,0.1,0.0010685415007174015,4.6,5
parity5,6,tree_k2,0.0,0.0,0.0017809500917792321,5.0,5
parity5,None,cart_bag100,0.0,0.0,0.04274064842611551,4.9719999999999995,5
parity5,None,cart_bag200,0.0,0.0,0.08539174925535917,4.973,5
parity5,None,cart_fixed,0.1,0.1,0.0005068830214440823,5.0,5
parity5,None,cart_mix10_100,0.0,0.0,0.05293711526319385,4.958,5
parity5,None,greedy100,0.0,0.0,0.07801934378221631,4.934,5
parity5,None,greedy20,0.025,0.025,0.01523851864039898,4.970000000000001,5
parity5,None,greedy200,0.0,0.0,0.1558377357199788,4.9399999999999995,5
parity5,None,mix05_100,0.0,0.0,0.08076466042548418,4.924,5
parity5,None,mix05_20,0.0,0.0,0.015697760600596668,4.95,5
parity5,None,mix10_100,0.0,0.0,0.08327698586508632,4.922,5
parity5,None,mix10_20,0.0,0.0,0.016140319406986237,4.9399999999999995,5
parity5,None,mix25_100,0.0,0.0,0.09065834265202284,4.91,5
parity5,None,mix25_20,0.0,0.0,0.01757251927629113,4.92,5
parity5,None,mix50_20,0.0,0.0,0.020319951791316272,4.9,5
parity5,None,rf_sqrt_fixed,0.0,0.0,0.061993000097572803,4.954,5
parity5,None,sighted2_20,0.0,0.0,0.028333882428705694,4.88,5
parity5,None,tree_k1,0.1,0.1,0.0009375995956361294,4.6,5
parity5,None,tree_k2,0.0,0.0,0.0016481752507388591,5.0,5
parity5+5,3,cart_bag100,0.36370106761565835,0.36274698551018336,0.0786408519372344,3.0,5
parity5+5,3,cart_bag200,0.35444839857651245,0.3537136487992704,0.1565326781012118,3.0,5
parity5+5,3,cart_fixed,0.404270462633452,0.4039061708379775,0.0008687082678079605,3.0,5
parity5+5,3,cart_mix10_100,0.36512455516014236,0.3641554362144087,0.16904328102245927,3.0,5
parity5+5,3,cart_tuned,0.6548042704626335,0.6546205289289695,0.0014059066772460938,,5
parity5+5,3,greedy100,0.36298932384341637,0.3620123619414327,0.20488728294149042,3.0,5
parity5+5,3,greedy20,0.38220640569395015,0.3814216232647685,0.04113779049366713,3.0,5
parity5+5,3,greedy200,0.35658362989323844,0.3558567230722464,0.40769969346001744,3.0,5
parity5+5,3,majority,0.505338078291815,0.5,0.0,,5
parity5+5,3,mix05_100,0.36583629893238434,0.36484446245820246,0.24330719923600555,3.0,5
parity5+5,3,mix05_20,0.3779359430604982,0.37718107204377344,0.04852643171325326,3.0,5
parity5+5,3,mix10_100,0.3644128113879003,0.3634512108622961,0.2809082822874188,3.0,5
parity5+5,3,mix10_20,0.37722419928825623,0.3764616475833418,0.05603824043646455,3.0,5
parity5+5,3,mix25_100,0.3594306049822064,0.3585216333975073,0.39438788332045077,3.0,5
parity5+5,3,mix25_20,0.38362989323843416,0.38292126861890774,0.0787601658143103,3.0,5
parity5+5,3,mix50_20,0.37295373665480425,0.3722362954706657,0.11760160820558667,3.0,5
parity5+5,3,rf_sqrt_fixed,0.3829181494661921,0.3820954504002432,0.07528934152796865,3.0,5
parity5+5,3,rf_tuned,0.8918149466192171,0.8916506231634411,0.12455816268920898,,5
parity5+5,3,sighted2_20,0.37010676156583633,0.3694649913871719,0.19514548378065227,3.0,5
parity5+5,3,tree_k1,0.404270462633452,0.4039061708379775,0.002098291739821434,3.0,5
parity5+5,3,tree_k2,0.400711743772242,0.40038504407741404,0.009808941651135683,3.0,5
parity5+5,6,cart_bag100,0.4960854092526691,0.49572398419292735,0.10638785781338811,6.0,5
parity5+5,6,cart_bag200,0.4868327402135232,0.4864930590738677,0.21371596409007906,6.0,5
parity5+5,6,cart_fixed,0.34092526690391456,0.34127571182490624,0.0011917004361748696,6.0,5
parity5+5,6,cart_mix10_100,0.5430604982206406,0.5425068395987436,0.3805737255141139,6.0,5
parity5+5,6,greedy100,0.49964412811387904,0.4992907082784477,0.6111101164482534,6.0,5
parity5+5,6,greedy20,0.49679715302491106,0.49645860776167794,0.12086890954524279,6.0,5
parity5+5,6,greedy200,0.4889679715302491,0.4886513324551626,1.2030181337147952,6.0,5
parity5+5,6,mix05_100,0.5174377224199288,0.5169571385145405,0.7139042335562408,6.0,5
parity5+5,6,mix05_20,0.5288256227758007,0.5285439254230418,0.14016802618280053,6.0,5
parity5+5,6,mix10_100,0.5416370106761565,0.5411439862194751,0.8120645914226771,6.0,5
parity5+5,6,mix10_20,0.5480427046263345,0.5477403992299118,0.15903070075437425,6.0,5
parity5+5,6,mix25_100,0.591459074733096,0.5910325260918026,1.103440881241113,6.0,5
parity5+5,6,mix25_20,0.6113879003558719,0.6112980038504408,0.2178965166211128,6.0,5
parity5+5,6,mix50_20,0.7110320284697509,0.7111358800283717,0.31716089928522706,6.0,5
parity5+5,6,rf_sqrt_fixed,0.3807829181494662,0.38036275205187964,0.08738057482987642,6.0,5
parity5+5,6,sighted2_20,0.7822064056939502,0.7819991893808897,0.5162215821444989,6.0,5
parity5+5,6,tree_k1,0.34804270462633446,0.34833316445435203,0.005816708225756884,6.0,5
parity5+5,6,tree_k2,0.5359430604982206,0.5360877495186949,0.026627074740827084,6.0,5
parity5+5,None,cart_bag100,0.8768683274021353,0.8766795014692471,0.12973412340506912,10.0,5
parity5+5,None,cart_bag200,0.8804270462633452,0.8802766237714055,0.2603819753043354,9.998999999999999,5
parity5+5,None,cart_fixed,0.6548042704626335,0.6546205289289695,0.0015577418729662896,10.0,5
parity5+5,None,cart_mix10_100,0.897508896797153,0.8973756206302564,0.8352401768788695,9.99,5
parity5+5,None,greedy100,0.9188612099644129,0.9186543722768263,1.7875816301442682,9.996,5
parity5+5,None,greedy20,0.8412811387900356,0.8416506231634411,0.36239905850961807,10.0,5
parity5+5,None,greedy200,0.9238434163701068,0.923629547066572,3.598724089562893,9.995999999999999,5
parity5+5,None,mix05_100,0.9217081850533807,0.92157766744351,2.0210284804925323,9.994,5
parity5+5,None,mix05_20,0.8491103202846976,0.8494730975782755,0.40842059198766945,10.0,5
parity5+5,None,mix10_100,0.9274021352313166,0.9272266693687303,2.2893994227051735,9.986,5
parity5+5,None,mix10_20,0.8604982206405694,0.8608926942952679,0.4520913173444569,10.0,5
parity5+5,None,mix25_100,0.9195729537366548,0.919419394062215,3.0296935734339057,9.968,5
parity5+5,None,mix25_20,0.8505338078291814,0.8509423447157767,0.5970351174473763,10.0,5
parity5+5,None,mix50_20,0.8861209964412812,0.886472793596109,0.8320045501925051,9.959999999999999,5
parity5+5,None,rf_sqrt_fixed,0.5800711743772242,0.5800385044077414,0.10650904159992933,10.0,5
parity5+5,None,sighted2_20,0.8647686832740213,0.8649812544330733,1.372831607889384,9.95,5
parity5+5,None,tree_k1,0.7131672597864769,0.7131269632181578,0.020440350007265806,10.0,5
parity5+5,None,tree_k2,0.8654804270462634,0.8653359002938494,0.07118307519704103,10.0,5
penguins,3,cart_bag100,0.9595238095238094,0.9583501148207031,0.07441708277910948,3.0,5
penguins,3,cart_bag200,0.9666666666666666,0.9679950538774069,0.16508064232766628,3.0,5
penguins,3,cart_fixed,0.9595238095238094,0.9596290408055115,0.0009014998562633991,3.0,5
penguins,3,cart_mix10_100,0.9666666666666666,0.970114820703056,4.4560700901784,3.0,5
penguins,3,cart_tuned,0.9714285714285713,0.9707578166401696,0.0006499767303466796,,5
penguins,3,greedy100,0.9595238095238094,0.9604698816463522,0.2849367458373308,3.0,5
penguins,3,greedy20,0.9619047619047618,0.9618512630277337,0.057096967566758396,3.0,5
penguins,3,greedy200,0.9690476190476189,0.9719166225048579,0.5789948117919266,3.0,5
penguins,3,majority,0.4404761904761905,0.3333333333333333,0.0,,5
penguins,3,mix05_100,0.9619047619047618,0.9643914502738031,2.092062746360898,3.0,5
penguins,3,mix05_20,0.9619047619047618,0.9618512630277337,0.4300582753494382,3.0,5
penguins,3,mix10_100,0.9666666666666666,0.970114820703056,3.8903952207416297,3.0,5
penguins,3,mix10_20,0.9642857142857142,0.9657728316551847,0.7892289500683546,3.0,5
penguins,3,mix25_100,0.9714285714285713,0.9737184243066596,9.267894136160612,3.0,5
penguins,3,mix25_20,0.9714285714285713,0.9737184243066597,1.8284175243228673,3.0,5
penguins,3,mix50_20,0.9857142857142858,0.9866490019431197,3.5683338734321297,3.0,5
penguins,3,rf_sqrt_fixed,0.9690476190476189,0.9659777424483307,0.08766447491943836,3.0,5
penguins,3,rf_tuned,0.9904761904761905,0.9906730259671436,0.07009921073913575,,5
penguins,3,sighted2_20,0.980952380952381,0.983045398339516,7.108639364968985,3.0,5
penguins,3,tree_k1,0.9595238095238094,0.9596290408055115,0.003318917006254196,3.0,5
penguins,3,tree_k2,0.9761904761904763,0.9794417947359124,0.5519488081336021,3.0,5
penguins,6,cart_bag100,0.976190476190476,0.9794417947359124,0.07228186810389162,4.642,5
penguins,6,cart_bag200,0.976190476190476,0.9794417947359124,0.14419726757332682,4.639,5
penguins,6,cart_fixed,0.9761904761904763,0.9764811870694224,0.0009500336833298207,5.6,5
penguins,6,cart_mix10_100,0.976190476190476,0.9794417947359124,7.049163301475346,4.779999999999999,5
penguins,6,greedy100,0.9738095238095237,0.9776399929341105,0.30525474408641456,4.642,5
penguins,6,greedy20,0.9738095238095237,0.9772195725136902,0.06290533356368541,4.58,5
penguins,6,greedy200,0.9761904761904763,0.9794417947359124,0.6345664175227285,4.639,5
penguins,6,mix05_100,0.9738095238095237,0.9776399929341105,3.0886999276466667,4.715999999999999,5
penguins,6,mix05_20,0.9738095238095237,0.9772195725136902,0.5850510919466615,4.6899999999999995,5
penguins,6,mix10_100,0.9761904761904763,0.9794417947359124,5.995859060436487,4.779999999999999,5
penguins,6,mix10_20,0.9714285714285713,0.9754177707118883,1.0977704165503384,4.74,5
penguins,6,mix25_100,0.9857142857142858,0.9866490019431197,14.136772435065359,4.973999999999999,5
penguins,6,mix25_20,0.9833333333333332,0.9848472001413178,2.8781121163628995,4.970000000000001,5
penguins,6,mix50_20,0.9904761904761905,0.9902526055467232,5.513917134236545,5.25,5
penguins,6,rf_sqrt_fixed,0.9904761904761905,0.9906730259671436,0.08373258309438825,5.754,5
penguins,6,sighted2_20,0.9857142857142858,0.9866490019431196,10.956765350792557,6.0,5
penguins,6,tree_k1,0.9690476190476189,0.971075781664017,0.00410303333774209,5.6,5
penguins,6,tree_k2,0.9857142857142858,0.9866490019431197,0.8242240749299526,6.0,5
penguins,None,cart_bag100,0.976190476190476,0.9794417947359124,0.08849099399521947,4.646,5
penguins,None,cart_bag200,0.976190476190476,0.9794417947359124,0.17505412409082055,4.641,5
penguins,None,cart_fixed,0.9761904761904763,0.9764811870694224,0.0013584583066403866,5.6,5
penguins,None,cart_mix10_100,0.976190476190476,0.9794417947359124,15.405110276397318,6.648000000000001,5
penguins,None,greedy100,0.9738095238095237,0.9776399929341105,0.351325923576951,4.642,5
penguins,None,greedy20,0.9738095238095237,0.9772195725136902,0.06846516579389572,4.58,5
penguins,None,greedy200,0.9761904761904763,0.9794417947359124,0.7029174982570112,4.639,5
penguins,None,mix05_100,0.9738095238095237,0.9776399929341105,6.332218357361853,5.674,5
penguins,None,mix05_20,0.9738095238095237,0.9772195725136902,1.3648484747856855,5.57,5
penguins,None,mix10_100,0.9761904761904763,0.9794417947359124,12.738814891502262,6.644,5
penguins,None,mix10_20,0.9714285714285713,0.9754177707118883,2.543229699973017,6.57,5
penguins,None,mix25_100,0.9880952380952381,0.9888712241653419,32.07568374238908,9.788,5
penguins,None,mix25_20,0.980952380952381,0.9826249779190956,6.5618205584585665,9.780000000000001,5
penguins,None,mix50_20,0.9714285714285715,0.9745769298710476,13.502652033884079,15.05,5
penguins,None,rf_sqrt_fixed,0.9928571428571429,0.9945945945945945,0.0834332917816937,7.045999999999999,5
penguins,None,sighted2_20,0.9595238095238094,0.9638862391803569,26.397170117590576,25.259999999999998,5
penguins,None,tree_k1,0.9690476190476189,0.971075781664017,0.005277191661298275,5.6,5
penguins,None,tree_k2,0.9619047619047618,0.9656880409821588,2.547573800291866,37.4,5
postoperative_patient_data,3,cart_bag100,0.6727272727272726,0.4833333333333334,0.05274183340370655,3.0,5
postoperative_patient_data,3,cart_bag200,0.6727272727272726,0.4833333333333334,0.10563264172524214,3.0,5
postoperative_patient_data,3,cart_fixed,0.6818181818181819,0.48958333333333337,0.0006070584058761597,3.0,5
postoperative_patient_data,3,cart_mix10_100,0.6727272727272726,0.4833333333333334,0.08393102576956153,3.0,5
postoperative_patient_data,3,cart_tuned,0.6818181818181819,0.4791666666666667,0.0004143714904785156,,5
postoperative_patient_data,3,greedy100,0.6727272727272726,0.4833333333333334,0.06917288238182664,3.0,5
postoperative_patient_data,3,greedy20,0.6818181818181819,0.46875,0.014379658363759517,3.0,5
postoperative_patient_data,3,greedy200,0.6727272727272726,0.4833333333333334,0.13980242609977722,3.0,5
postoperative_patient_data,3,majority,0.7272727272727273,0.5,0.0,,5
postoperative_patient_data,3,mix05_100,0.6727272727272726,0.4833333333333334,0.07925517354160547,3.0,5
postoperative_patient_data,3,mix05_20,0.6727272727272726,0.4625,0.016247058194130658,3.0,5
postoperative_patient_data,3,mix10_100,0.6727272727272726,0.4833333333333334,0.08932848228141665,3.0,5
postoperative_patient_data,3,mix10_20,0.6727272727272726,0.4625,0.01793855046853423,3.0,5
postoperative_patient_data,3,mix25_100,0.6545454545454545,0.4604166666666667,0.11906948210671545,3.0,5
postoperative_patient_data,3,mix25_20,0.6636363636363636,0.45625,0.023678608052432538,3.0,5
postoperative_patient_data,3,mix50_20,0.6636363636363637,0.4666666666666667,0.03351833308115602,3.0,5
postoperative_patient_data,3,rf_sqrt_fixed,0.6909090909090909,0.475,0.07916909996420145,3.0,5
postoperative_patient_data,3,rf_tuned,0.6818181818181819,0.46875,0.058545589447021484,,5
postoperative_patient_data,3,sighted2_20,0.6636363636363637,0.4666666666666666,0.05316170025616884,3.0,5
postoperative_patient_data,3,tree_k1,0.6727272727272726,0.4729166666666667,0.0008080502040684224,3.0,5
postoperative_patient_data,3,tree_k2,0.6545454545454545,0.4708333333333334,0.003018024563789368,3.0,5
postoperative_patient_data,6,cart_bag100,0.6545454545454545,0.4708333333333334,0.06038162941113114,5.998,5
postoperative_patient_data,6,cart_bag200,0.6545454545454545,0.4708333333333334,0.11664077397435904,5.997,5
postoperative_patient_data,6,cart_fixed,0.6090909090909091,0.4708333333333334,0.000714375264942646,6.0,5
postoperative_patient_data,6,cart_mix10_100,0.6545454545454545,0.4708333333333334,0.1267907234840095,5.998,5
postoperative_patient_data,6,greedy100,0.6454545454545455,0.4645833333333334,0.118344606179744,5.998,5
postoperative_patient_data,6,greedy20,0.6454545454545455,0.4541666666666667,0.023787392489612102,6.0,5
postoperative_patient_data,6,greedy200,0.6636363636363637,0.4770833333333334,0.23705860059708356,5.997,5
postoperative_patient_data,6,mix05_100,0.6454545454545455,0.4645833333333334,0.14036728227511047,5.998,5
postoperative_patient_data,6,mix05_20,0.6363636363636364,0.4479166666666667,0.028039867617189886,6.0,5
postoperative_patient_data,6,mix10_100,0.6272727272727272,0.43125,0.1629795329645276,5.998,5
postoperative_patient_data,6,mix10_20,0.6454545454545455,0.4645833333333334,0.032249625958502295,6.0,5
postoperative_patient_data,6,mix25_100,0.6363636363636364,0.4375,0.23024531723931432,5.998,5
postoperative_patient_data,6,mix25_20,0.6545454545454545,0.4708333333333334,0.04594155056402087,6.0,5
postoperative_patient_data,6,mix50_20,0.6545454545454545,0.4604166666666667,0.06881239227950572,6.0,5
postoperative_patient_data,6,rf_sqrt_fixed,0.6818181818181819,0.46875,0.077055733371526,6.0,5
postoperative_patient_data,6,sighted2_20,0.5636363636363637,0.3875,0.11421110909432172,6.0,5
postoperative_patient_data,6,tree_k1,0.5545454545454545,0.4229166666666666,0.0014313002116978168,6.0,5
postoperative_patient_data,6,tree_k2,0.6090909090909091,0.45,0.007168066781014204,6.0,5
postoperative_patient_data,None,cart_bag100,0.6363636363636364,0.45833333333333337,0.057751247100532054,8.792,5
postoperative_patient_data,None,cart_bag200,0.6454545454545454,0.4645833333333334,0.11260887309908867,8.86,5
postoperative_patient_data,None,cart_fixed,0.6181818181818182,0.4770833333333333,0.0007037919014692307,10.6,5
postoperative_patient_data,None,cart_mix10_100,0.6272727272727272,0.4416666666666667,0.12994458340108395,8.706,5
postoperative_patient_data,None,greedy100,0.6090909090909091,0.4291666666666667,0.15137561187148094,8.774,5
postoperative_patient_data,None,greedy20,0.6181818181818182,0.425,0.030642985180020333,8.66,5
postoperative_patient_data,None,greedy200,0.6272727272727272,0.4416666666666667,0.30061036068946123,8.838,5
postoperative_patient_data,None,mix05_100,0.6090909090909091,0.4291666666666667,0.17530316160991788,8.75,5
postoperative_patient_data,None,mix05_20,0.6090909090909091,0.41875,0.034852493274956944,8.629999999999999,5
postoperative_patient_data,None,mix10_100,0.6090909090909091,0.4291666666666667,0.19896720321848987,8.684000000000001,5
postoperative_patient_data,None,mix10_20,0.6,0.4125,0.039198143128305676,8.59,5
postoperative_patient_data,None,mix25_100,0.6181818181818182,0.425,0.2706807707436383,8.548,5
postoperative_patient_data,None,mix25_20,0.6272727272727272,0.4416666666666667,0.053358860034495595,8.45,5
postoperative_patient_data,None,mix50_20,0.6181818181818182,0.4354166666666667,0.07817937610670925,8.379999999999999,5
postoperative_patient_data,None,rf_sqrt_fixed,0.6818181818181819,0.4791666666666667,0.07630145009607077,8.848,5
postoperative_patient_data,None,sighted2_20,0.5636363636363637,0.39791666666666664,0.12433330919593573,7.94,5
postoperative_patient_data,None,tree_k1,0.5909090909090909,0.44791666666666663,0.0022669335827231406,10.4,5
postoperative_patient_data,None,tree_k2,0.6090909090909091,0.4708333333333333,0.009088683314621449,10.0,5
prnn_synth,3,cart_bag100,0.8666666666666666,0.8664314516129032,0.03912829216569662,3.0,5
prnn_synth,3,cart_bag200,0.8603174603174603,0.8602822580645162,0.0780893050134182,3.0,5
prnn_synth,3,cart_fixed,0.8603174603174603,0.860483870967742,0.0005544500425457954,3.0,5
prnn_synth,3,cart_mix10_100,0.8634920634920634,0.8633064516129032,1.3168759322725236,3.0,5
prnn_synth,3,cart_tuned,0.8603174603174603,0.860483870967742,0.0004204750061035156,,5
prnn_synth,3,greedy100,0.8666666666666666,0.8664314516129032,0.14731623474508523,3.0,5
prnn_synth,3,greedy20,0.8666666666666666,0.8665322580645162,0.02929795840755105,3.0,5
prnn_synth,3,greedy200,0.8634920634920634,0.8634072580645162,0.29705033339560033,3.0,5
prnn_synth,3,majority,0.492063492063492,0.5,0.0,,5
prnn_synth,3,mix05_100,0.8634920634920634,0.8633064516129032,0.7381135515868664,3.0,5
prnn_synth,3,mix05_20,0.8634920634920634,0.8634072580645162,0.13919971687719226,3.0,5
prnn_synth,3,mix10_100,0.8634920634920634,0.8633064516129032,1.3761122927069664,3.0,5
prnn_synth,3,mix10_20,0.8634920634920634,0.8634072580645162,0.24992754999548197,3.0,5
prnn_synth,3,mix25_100,0.8666666666666666,0.8664314516129032,3.047858658526093,3.0,5
prnn_synth,3,mix25_20,0.8603174603174603,0.8601814516129032,0.5908950163982809,3.0,5
prnn_synth,3,mix50_20,0.8539682539682539,0.8539314516129032,1.131751499976963,3.0,5
prnn_synth,3,rf_sqrt_fixed,0.8507936507936508,0.851108870967742,0.05378067493438721,3.0,5
prnn_synth,3,rf_tuned,0.8507936507936508,0.8513104838709677,0.046127033233642575,,5
prnn_synth,3,sighted2_20,0.8761904761904761,0.876008064516129,2.2440049421973525,3.0,5
prnn_synth,3,tree_k1,0.8603174603174603,0.860483870967742,0.002199999801814556,3.0,5
prnn_synth,3,tree_k2,0.8571428571428571,0.8574596774193548,0.2687053418718278,3.0,5
prnn_synth,6,cart_bag100,0.8666666666666666,0.8665322580645162,0.04207885814830661,5.996,5
prnn_synth,6,cart_bag200,0.8698412698412697,0.8696572580645162,0.08233403591439128,5.997,5
prnn_synth,6,cart_fixed,0.8539682539682539,0.8544354838709678,0.0008803665637969971,6.0,5
prnn_synth,6,cart_mix10_100,0.8634920634920634,0.8634072580645162,1.5980621850118042,5.996,5
prnn_synth,6,greedy100,0.8698412698412697,0.869758064516129,0.20393315749242902,5.996,5
prnn_synth,6,greedy20,0.8666666666666666,0.866733870967742,0.04076440883800388,5.9799999999999995,5
prnn_synth,6,greedy200,0.8666666666666666,0.8665322580645162,0.40528867226094006,5.997,5
prnn_synth,6,mix05_100,0.8698412698412697,0.869858870967742,0.9096442741341889,5.996,5
prnn_synth,6,mix05_20,0.8730158730158729,0.8730846774193548,0.18679564213380218,5.9799999999999995,5
prnn_synth,6,mix10_100,0.8761904761904761,0.8762096774193548,1.5979604165069758,5.996,5
prnn_synth,6,mix10_20,0.8698412698412697,0.8699596774193548,0.32937740022316575,5.99,5
prnn_synth,6,mix25_100,0.8793650793650795,0.8793346774193548,3.763867934141308,5.996,5
prnn_synth,6,mix25_20,0.8761904761904761,0.876108870967742,0.7590833497233689,5.99,5
prnn_synth,6,mix50_20,0.8761904761904761,0.876008064516129,1.6976347411982715,5.99,5
prnn_synth,6,rf_sqrt_fixed,0.8539682539682539,0.8543346774193548,0.05269805816933513,6.0,5
prnn_synth,6,sighted2_20,0.8920634920634921,0.8920362903225808,3.102711942791939,6.0,5
prnn_synth,6,tree_k1,0.8603174603174603,0.8606854838709678,0.0036804999224841596,6.0,5
prnn_synth,6,tree_k2,0.8444444444444444,0.8441532258064516,0.3202664086595178,6.0,5
prnn_synth,None,cart_bag100,0.8761904761904761,0.876008064516129,0.042199199367314574,8.687999999999999,5
prnn_synth,None,cart_bag200,0.8761904761904761,0.876008064516129,0.08691104389727115,8.672,5
prnn_synth,None,cart_fixed,0.8634920634920634,0.8632056451612904,0.000543583370745182,11.6,5
prnn_synth,None,cart_mix10_100,0.8761904761904763,0.876008064516129,1.9454588218592108,10.562000000000001,5
prnn_synth,None,greedy100,0.8698412698412697,0.869758064516129,0.22508293269202112,8.684000000000001,5
prnn_synth,None,greedy20,0.8761904761904763,0.8762096774193548,0.044376883562654255,8.7,5
prnn_synth,None,greedy200,0.8730158730158729,0.872883064516129,0.4376347903162241,8.666,5
prnn_synth,None,mix05_100,0.8698412698412697,0.869758064516129,1.0610193979926408,9.578,5
prnn_synth,None,mix05_20,0.8761904761904763,0.8762096774193548,0.21120130866765977,9.75,5
prnn_synth,None,mix10_100,0.8761904761904761,0.876108870967742,1.8861694565974176,10.553999999999998,5
prnn_synth,None,mix10_20,0.8698412698412697,0.8699596774193548,0.38736965879797935,10.93,5
prnn_synth,None,mix25_100,0.8730158730158729,0.8728830645161292,4.349055615346879,13.413999999999998,5
prnn_synth,None,mix25_20,0.8603174603174603,0.8602822580645162,0.8708376167342067,13.669999999999998,5
prnn_synth,None,mix50_20,0.8539682539682539,0.8539314516129032,1.6620949576608837,18.41,5
prnn_synth,None,rf_sqrt_fixed,0.8730158730158729,0.8730846774193548,0.059091175254434344,9.724,5
prnn_synth,None,sighted2_20,0.8698412698412697,0.8699596774193548,3.564950148575008,27.47,5
prnn_synth,None,tree_k1,0.8730158730158729,0.8727822580645161,0.003569008503109217,11.6,5
prnn_synth,None,tree_k2,0.8476190476190476,0.8473790322580645,0.37689681639894845,39.2,5
soybean,3,cart_bag100,0.6520710059171597,0.4794685990338164,0.10095101594924927,3.0,5
soybean,3,cart_bag200,0.6544378698224852,0.47361001317523055,0.20242311842739583,3.0,5
soybean,3,cart_fixed,0.527810650887574,0.2824022837066315,0.0011365169659256936,3.0,5
soybean,3,cart_mix10_100,0.6627218934911243,0.48744839701361437,2.335988839901984,3.0,5
soybean,3,cart_tuned,0.9159763313609467,0.9390865173473868,0.0016243934631347656,,5
soybean,3,greedy100,0.647337278106509,0.4705797101449275,0.47713020285591484,3.0,5
soybean,3,greedy20,0.6153846153846153,0.4228743961352657,0.09094109181314707,3.0,5
soybean,3,greedy200,0.650887573964497,0.4669433465085639,0.9527680926024914,3.0,5
soybean,3,majority,0.13609467455621302,0.05555555555555556,0.0,,5
soybean,3,mix05_100,0.6414201183431952,0.45946859903381637,1.5978422280400992,3.0,5
soybean,3,mix05_20,0.6224852071005917,0.43620772946859904,0.32473282506689427,3.0,5
soybean,3,mix10_100,0.6603550295857988,0.48300395256916995,2.741873326897621,3.0,5
soybean,3,mix10_20,0.6272189349112426,0.45031400966183577,0.5950491341762245,3.0,5
soybean,3,mix25_100,0.676923076923077,0.5228121797687015,6.188802658580244,3.0,5
soybean,3,mix25_20,0.6497041420118344,0.49303615868833256,1.334919325914234,3.0,5
soybean,3,mix50_20,0.6840236686390533,0.5424871907480603,2.48255740115419,3.0,5
soybean,3,rf_sqrt_fixed,0.6473372781065089,0.5348989898989899,0.07551285848021508,3.0,5
soybean,3,rf_tuned,0.9349112426035504,0.961256038647343,0.10966477394104004,,5
soybean,3,sighted2_20,0.7112426035502959,0.5991216512955644,4.6984119425527755,3.0,5
soybean,3,tree_k1,0.5266272189349113,0.2801800614844093,0.004589391592890024,3.0,5
soybean,3,tree_k2,0.5538461538461539,0.3318181818181818,0.20950941685587168,3.0,5
soybean,6,cart_bag100,0.8698224852071006,0.8857795344751865,0.13721486255526544,6.0,5
soybean,6,cart_bag200,0.8745562130177514,0.8946684233640756,0.2723190123215318,6.0,5
soybean,6,cart_fixed,0.8165680473372781,0.8014448836187966,0.0015274913981556892,6.0,5
soybean,6,cart_mix10_100,0.8804733727810652,0.9028282828282828,4.35645949114114,6.0,5
soybean,6,greedy100,0.8615384615384615,0.8684848484848485,0.9444239749573171,6.0,5
soybean,6,greedy20,0.8591715976331361,0.8699429073342116,0.20464890068396926,6.0,5
soybean,6,greedy200,0.8686390532544379,0.883030303030303,1.8598462849855424,6.0,5
soybean,6,mix05_100,0.8698224852071006,0.8840404040404041,3.1093190661631525,6.0,5
soybean,6,mix05_20,0.8603550295857989,0.8704259991216514,0.6534875337034464,6.0,5
soybean,6,mix10_100,0.8757396449704142,0.8939393939393939,5.3802682417444885,6.0,5
soybean,6,mix10_20,0.8721893491124261,0.8827404479578392,1.1034874841570854,6.0,5
soybean,6,mix25_100,0.885207100591716,0.9018093983311374,12.135215533804148,6.0,5
soybean,6,mix25_20,0.8840236686390532,0.9014844093104963,2.4085447676479816,6.0,5
soybean,6,mix50_20,0.9017751479289942,0.924751866490997,4.599019709229469,6.0,5
soybean,6,rf_sqrt_fixed,0.8863905325443786,0.9100790513833992,0.08364930832758546,6.0,5
soybean,6,sighted2_20,0.8781065088757396,0.8909003074220466,8.995311441179364,6.0,5
soybean,6,tree_k1,0.8094674556213018,0.7928019323671498,0.008977266680449247,6.0,5
soybean,6,tree_k2,0.8627218934911243,0.8791699604743084,0.4380842002108693,6.0,5
soybean,None,cart_bag100,0.9289940828402367,0.9553623188405798,0.15500775594264268,14.552000000000001,5
soybean,None,cart_bag200,0.9289940828402367,0.9571014492753622,0.3129350979812443,14.623,5
soybean,None,cart_fixed,0.9159763313609467,0.9390865173473868,0.0016655918210744859,16.8,5
soybean,None,cart_mix10_100,0.9337278106508876,0.9607729468599034,6.190590143110603,14.462,5
soybean,None,greedy100,0.9242603550295858,0.9499516908212561,1.426070013921708,14.562000000000001,5
soybean,None,greedy20,0.9230769230769231,0.9489415898111551,0.2827210251241922,14.5,5
soybean,None,greedy200,0.9278106508875739,0.9491348265261308,2.838314700871706,14.624,5
soybean,None,mix05_100,0.9266272189349113,0.9503908651734738,4.732816188968718,14.534,5
soybean,None,mix05_20,0.9218934911242604,0.9467193675889328,0.937645108718425,14.459999999999999,5
soybean,None,mix10_100,0.923076923076923,0.9489415898111551,7.9860013798810545,14.472,5
soybean,None,mix10_20,0.9242603550295858,0.9494246815985946,1.575484525319189,14.38,5
soybean,None,mix25_100,0.9195266272189349,0.9440140535792709,17.87996063893661,14.334,5
soybean,None,mix25_20,0.9254437869822485,0.9516469038208168,3.5289714249782262,14.190000000000001,5
soybean,None,mix50_20,0.9195266272189349,0.9405357927097058,6.747666542883962,14.02,5
soybean,None,rf_sqrt_fixed,0.9372781065088758,0.9657004830917874,0.09404706666246057,17.206,5
soybean,None,sighted2_20,0.8355029585798818,0.8521607378129119,13.133833982702345,13.669999999999998,5
soybean,None,tree_k1,0.9159763313609467,0.940983750548968,0.01565864160656929,16.8,5
soybean,None,tree_k2,0.7988165680473374,0.8130654369784805,0.8116201750934124,15.4,5
spect,3,cart_bag100,0.8417910447761194,0.7265498652291105,0.05553049854934215,3.0,5
spect,3,cart_bag200,0.8328358208955224,0.726145552560647,0.11098351804539561,3.0,5
spect,3,cart_fixed,0.755223880597015,0.7349056603773585,0.0006774832494556904,3.0,5
spect,3,cart_mix10_100,0.8388059701492537,0.7194070080862534,0.19849196579307318,3.0,5
spect,3,cart_tuned,0.8,0.7211590296495957,0.0007049083709716797,,5
spect,3,greedy100,0.8477611940298507,0.7303234501347708,0.18071810565888882,3.0,5
spect,3,greedy20,0.8417910447761194,0.7318059299191375,0.03798144040629268,3.0,5
spect,3,greedy200,0.835820895522388,0.728032345013477,0.3557659139856696,3.0,5
spect,3,majority,0.7910447761194029,0.5,0.0,,5
spect,3,mix05_100,0.8417910447761194,0.7212938005390835,0.255021039955318,3.0,5
spect,3,mix05_20,0.8388059701492537,0.7246630727762804,0.05087552359327674,3.0,5
spect,3,mix10_100,0.8417910447761194,0.7212938005390835,0.3298978070728481,3.0,5
spect,3,mix10_20,0.8388059701492537,0.7246630727762804,0.06453208168968558,3.0,5
spect,3,mix25_100,0.8417910447761194,0.7212938005390835,0.5525213059969246,3.0,5
spect,3,mix25_20,0.835820895522388,0.7175202156334232,0.10697875674813986,3.0,5
spect,3,mix50_20,0.8298507462686567,0.6979784366576819,0.1782663656398654,3.0,5
spect,3,rf_sqrt_fixed,0.7910447761194029,0.5,0.06840104181319476,3.0,5
spect,3,rf_tuned,0.8,0.6738544474393531,0.08438711166381836,,5
spect,3,sighted2_20,0.8238805970149254,0.7047169811320755,0.3293694666586816,3.0,5
spect,3,tree_k1,0.755223880597015,0.7349056603773585,0.001960658375173807,3.0,5
spect,3,tree_k2,0.7522388059701492,0.7277628032345014,0.01704790014773607,3.0,5
spect,6,cart_bag100,0.8208955223880597,0.7185983827493262,0.06331224255263805,6.0,5
spect,6,cart_bag200,0.8119402985074627,0.7129380053908356,0.12581747733056545,6.0,5
spect,6,cart_fixed,0.7194029850746269,0.6597035040431267,0.0007080997340381146,6.0,5
spect,6,cart_mix10_100,0.8208955223880597,0.7185983827493262,0.4581695762462914,6.0,5
spect,6,greedy100,0.8059701492537312,0.7091644204851753,0.33588498309254644,6.0,5
spect,6,greedy20,0.8,0.694878706199461,0.06522538419812918,6.0,5
spect,6,greedy200,0.8,0.7001347708894878,0.6702455981634557,6.0,5
spect,6,mix05_100,0.808955223880597,0.7110512129380054,0.5217551493085921,6.0,5
spect,6,mix05_20,0.8,0.694878706199461,0.10773215051740408,6.0,5
spect,6,mix10_100,0.8119402985074627,0.7129380053908356,0.7222276662476361,6.0,5
spect,6,mix10_20,0.7970149253731342,0.6929919137466307,0.1437368336133659,6.0,5
spect,6,mix25_100,0.8059701492537314,0.6986522911051213,1.3144375327974558,6.0,5
spect,6,mix25_20,0.7970149253731343,0.6877358490566039,0.2620167588815093,6.0,5
spect,6,mix50_20,0.8029850746268657,0.6915094339622642,0.47876495057716967,6.0,5
spect,6,rf_sqrt_fixed,0.8149253731343282,0.688544474393531,0.06942000845447183,6.0,5
spect,6,sighted2_20,0.7970149253731342,0.6877358490566039,0.9017857672646642,6.0,5
spect,6,tree_k1,0.7074626865671642,0.6574123989218329,0.0039319004863500595,6.0,5
spect,6,tree_k2,0.7194029850746269,0.6702156334231806,0.05221083331853151,6.0,5
spect,None,cart_bag100,0.8119402985074627,0.6971698113207547,0.06615059087052941,11.924,5
spect,None,cart_bag200,0.808955223880597,0.6952830188679245,0.13029551059007644,11.868,5
spect,None,cart_fixed,0.7164179104477613,0.6840970350404312,0.0007800083607435226,12.6,5
spect,None,cart_mix10_100,0.8119402985074627,0.6971698113207547,0.566867467854172,11.814,5
spect,None,greedy100,0.8029850746268657,0.6915094339622642,0.49138612458482384,11.892,5
spect,None,greedy20,0.7970149253731342,0.6877358490566039,0.0995029155164957,11.85,5
spect,None,greedy200,0.8,0.689622641509434,0.9817935085855425,11.852,5
spect,None,mix05_100,0.808955223880597,0.6952830188679245,0.7548002910800278,11.852,5
spect,None,mix05_20,0.7970149253731342,0.6877358490566039,0.15513794897124172,11.809999999999999,5
spect,None,mix10_100,0.808955223880597,0.6952830188679245,1.0110823667608202,11.788,5
spect,None,mix10_20,0.7970149253731342,0.6877358490566039,0.20101441526785493,11.79,5
spect,None,mix25_100,0.8119402985074627,0.6971698113207547,1.782099769078195,11.614,5
spect,None,mix25_20,0.7940298507462686,0.6858490566037736,0.35040969885885714,11.559999999999999,5
spect,None,mix50_20,0.8029850746268657,0.7020215633423181,0.6135814821347594,11.34,5
spect,None,rf_sqrt_fixed,0.8119402985074627,0.7024258760107818,0.07259648339822888,12.975999999999999,5
spect,None,sighted2_20,0.791044776119403,0.6839622641509434,1.1397819160483778,10.84,5
spect,None,tree_k1,0.7194029850746269,0.6807277628032345,0.006517500057816506,12.6,5
spect,None,tree_k2,0.7492537313432835,0.6943396226415095,0.07858124980702996,12.4,5
tae,3,cart_bag100,0.5421052631578946,0.5423076923076924,0.04564533233642578,3.0,5
tae,3,cart_bag200,0.5631578947368421,0.5628205128205128,0.09134428929537534,3.0,5
tae,3,cart_fixed,0.5263157894736843,0.5252136752136752,0.0005291166715323925,3.0,5
tae,3,cart_mix10_100,0.5421052631578946,0.5423076923076924,0.25848953193053603,3.0,5
tae,3,cart_tuned,0.6578947368421053,0.6564102564102564,0.00052642822265625,,5
tae,3,greedy100,0.5368421052631579,0.5371794871794872,0.09988443348556757,3.0,5
tae,3,greedy20,0.531578947368421,0.5324786324786326,0.02079967549070716,3.0,5
tae,3,greedy200,0.5631578947368421,0.5628205128205128,0.2020347949117422,3.0,5
tae,3,majority,0.34210526315789475,0.3333333333333333,0.0,,5
tae,3,mix05_100,0.5421052631578946,0.5423076923076924,0.19795299964025617,3.0,5
tae,3,mix05_20,0.5368421052631579,0.5376068376068377,0.03824364198371768,3.0,5
tae,3,mix10_100,0.5421052631578946,0.5423076923076924,0.29648469844833014,3.0,5
tae,3,mix10_20,0.5368421052631579,0.5376068376068377,0.055566925276070836,3.0,5
tae,3,mix25_100,0.5578947368421053,0.5576923076923077,0.5844097976572812,3.0,5
tae,3,mix25_20,0.5473684210526316,0.5478632478632479,0.11031104186549782,3.0,5
tae,3,mix50_20,0.5631578947368421,0.5636752136752137,0.20751265911385416,3.0,5
tae,3,rf_sqrt_fixed,0.531578947368421,0.532051282051282,0.0673453581519425,3.0,5
tae,3,rf_tuned,0.6157894736842106,0.6145299145299145,0.06255383491516113,,5
tae,3,sighted2_20,0.5473684210526316,0.5487179487179488,0.3999801578000188,3.0,5
tae,3,tree_k1,0.5263157894736843,0.5252136752136752,0.001299300231039524,3.0,5
tae,3,tree_k2,0.5473684210526316,0.5478632478632479,0.024153908342123033,3.0,5
tae,6,cart_bag100,0.5789473684210527,0.5794871794871794,0.049950368516147134,6.0,5
tae,6,cart_bag200,0.5789473684210527,0.579059829059829,0.09745726734399796,6.0,5
tae,6,cart_fixed,0.6105263157894737,0.608974358974359,0.0005838586948812008,6.0,5
tae,6,cart_mix10_100,0.5894736842105264,0.5893162393162393,0.4253737318329513,6.0,5
tae,6,greedy100,0.6,0.6004273504273504,0.18412318285554646,6.0,5
tae,6,greedy20,0.5736842105263158,0.5747863247863247,0.0358292767778039,6.0,5
tae,6,greedy200,0.5842105263157895,0.5841880341880341,0.37239826368167994,6.0,5
tae,6,mix05_100,0.5947368421052632,0.5948717948717948,0.3323300926014781,6.0,5
tae,6,mix05_20,0.5578947368421053,0.558974358974359,0.06448678541928529,6.0,5
tae,6,mix10_100,0.5947368421052632,0.5948717948717949,0.4908892760053277,6.0,5
tae,6,mix10_20,0.5631578947368421,0.5645299145299145,0.09597021844238043,6.0,5
tae,6,mix25_100,0.6105263157894737,0.6098290598290598,0.9536069852299989,6.0,5
tae,6,mix25_20,0.5631578947368421,0.5645299145299145,0.1927061017602682,6.0,5
tae,6,mix50_20,0.5842105263157895,0.5850427350427351,0.35883745905011893,6.0,5
tae,6,rf_sqrt_fixed,0.5789473684210527,0.5799145299145299,0.06448506684973836,6.0,5
tae,6,sighted2_20,0.5894736842105264,0.5893162393162393,0.6699789164587855,6.0,5
tae,6,tree_k1,0.6052631578947368,0.6034188034188035,0.0021476998925209047,6.0,5
tae,6,tree_k2,0.6210526315789474,0.6205128205128204,0.0409876917488873,6.0,5
tae,None,cart_bag100,0.631578947368421,0.6303418803418804,0.05511340228840709,10.518,5
tae,None,cart_bag200,0.6368421052631579,0.6354700854700855,0.10579991806298494,10.459999999999999,5
tae,None,cart_fixed,0.6263157894736843,0.6260683760683761,0.0006424416787922382,11.4,5
tae,None,cart_mix10_100,0.6473684210526316,0.6465811965811966,0.44478589287027714,10.418,5
tae,None,greedy100,0.6526315789473685,0.6517094017094017,0.2493158083409071,10.51,5
tae,None,greedy20,0.6157894736842106,0.6158119658119657,0.048343274462968114,10.5,5
tae,None,greedy200,0.6578947368421053,0.6568376068376068,0.5053227012977004,10.462,5
tae,None,mix05_100,0.6473684210526316,0.6465811965811966,0.3990301750600338,10.472,5
tae,None,mix05_20,0.6210526315789474,0.620940170940171,0.07955729942768812,10.5,5
tae,None,mix10_100,0.6526315789473685,0.6517094017094017,0.5606964678503573,10.41,5
tae,None,mix10_20,0.6210526315789474,0.6213675213675213,0.11357853291556239,10.48,5
tae,None,mix25_100,0.6526315789473685,0.6517094017094017,1.037974336091429,10.248000000000001,5
tae,None,mix25_20,0.6157894736842106,0.6153846153846153,0.21002320740371944,10.35,5
tae,None,mix50_20,0.6105263157894737,0.6106837606837606,0.3798273575492203,10.26,5
tae,None,rf_sqrt_fixed,0.6263157894736843,0.6252136752136752,0.06530257482081651,11.334,5
tae,None,sighted2_20,0.6105263157894736,0.6106837606837606,0.6899794078432023,9.690000000000001,5
tae,None,tree_k1,0.6,0.6,0.003452800214290619,11.4,5
tae,None,tree_k2,0.6473684210526316,0.6478632478632479,0.04688749173656106,10.6,5
threeOf9,3,cart_bag100,0.840625,0.8391963963182916,0.06944812666624785,3.0,5
threeOf9,3,cart_bag200,0.8578125,0.8565919632407126,0.14013532530516387,3.0,5
threeOf9,3,cart_fixed,0.759375,0.7612637449968934,0.0007121752947568894,3.0,5
threeOf9,3,cart_mix10_100,0.8484375,0.8463319461904142,0.12364876614883542,3.0,5
threeOf9,3,cart_tuned,0.9765625,0.9763304290028465,0.0006638050079345703,,5
threeOf9,3,greedy100,0.8421875,0.840863062984958,0.13349626567214729,3.0,5
threeOf9,3,greedy20,0.8421875,0.8408129957952231,0.028200558107346296,3.0,5
threeOf9,3,greedy200,0.8609375,0.8603174534367911,0.26464238166809084,3.0,5
threeOf9,3,majority,0.5328125,0.5,0.0,,5
threeOf9,3,mix05_100,0.846875,0.8456669845535856,0.1494025749154389,3.0,5
threeOf9,3,mix05_20,0.8421875,0.8409664484806451,0.031498474255204204,3.0,5
threeOf9,3,mix10_100,0.8453125,0.843390769719826,0.1657557419501245,3.0,5
threeOf9,3,mix10_20,0.8390625,0.836652722990449,0.034615590889006856,3.0,5
threeOf9,3,mix25_100,0.8640625,0.8622281705607815,0.21584028406068684,3.0,5
threeOf9,3,mix25_20,0.86875,0.8678302772840898,0.04477018276229501,3.0,5
threeOf9,3,mix50_20,0.8921875,0.8921994162440215,0.062497299071401356,3.0,5
threeOf9,3,rf_sqrt_fixed,0.878125,0.8749434305778317,0.13119542505592108,3.0,5
threeOf9,3,rf_tuned,0.9890625,0.9897485080988918,0.08902630805969239,,5
threeOf9,3,sighted2_20,0.8796875,0.8781504761079081,0.09551024921238423,3.0,5
threeOf9,3,tree_k1,0.759375,0.7612637449968934,0.0014215746894478797,3.0,5
threeOf9,3,tree_k2,0.7578125,0.7527635210311096,0.004564250074326992,3.0,5
threeOf9,6,cart_bag100,0.990625,0.9912190963341858,0.07467669667676091,6.0,5
threeOf9,6,cart_bag200,0.990625,0.9912190963341858,0.1541282652877271,6.0,5
threeOf9,6,cart_fixed,0.965625,0.9646637623361798,0.0008541581220924855,6.0,5
threeOf9,6,cart_mix10_100,0.990625,0.9912190963341858,0.22987111965194346,6.0,5
threeOf9,6,greedy100,0.990625,0.9912190963341858,0.26279310723766686,6.0,5
threeOf9,6,greedy20,0.9890625,0.9897485080988918,0.04920289870351553,6.0,5
threeOf9,6,greedy200,0.990625,0.9912190963341858,0.5120921706780791,6.0,5
threeOf9,6,mix05_100,0.990625,0.9912190963341858,0.3154893829487264,6.0,5
threeOf9,6,mix05_20,0.990625,0.9912190963341858,0.059497023746371266,6.0,5
threeOf9,6,mix10_100,0.990625,0.9912190963341858,0.366565998736769,6.0,5
threeOf9,6,mix10_20,0.9875,0.9880535928446544,0.06962843211367727,6.0,5
threeOf9,6,mix25_100,0.990625,0.9912190963341858,0.5261521400883794,6.0,5
threeOf9,6,mix25_20,0.9875,0.9880818414322251,0.10035158125683666,6.0,5
threeOf9,6,mix50_20,0.984375,0.9847485080988918,0.15354484785348177,6.0,5
threeOf9,6,rf_sqrt_fixed,0.9828125,0.9838874680306906,0.07992991618812084,6.0,5
threeOf9,6,sighted2_20,0.9765625,0.9767508344531622,0.25402430798858405,6.0,5
threeOf9,6,tree_k1,0.9625,0.961526507434219,0.0024485504254698753,6.0,5
threeOf9,6,tree_k2,0.94375,0.9419873712196744,0.012164424918591977,6.0,5
threeOf9,None,cart_bag100,0.99375,0.994160272804774,0.07566495267674327,7.731999999999999,5
threeOf9,None,cart_bag200,0.99375,0.994160272804774,0.15603624628856777,7.7459999999999996,5
threeOf9,None,cart_fixed,0.984375,0.9847485080988918,0.0009270496666431427,8.0,5
threeOf9,None,cart_mix10_100,0.9921875,0.9924936061381076,0.2681542906910181,7.845999999999999,5
threeOf9,None,greedy100,0.990625,0.9912404092071612,0.31873510032892227,7.748,5
threeOf9,None,greedy20,0.9890625,0.9895454939529239,0.06307465834543109,7.7299999999999995,5
threeOf9,None,greedy200,0.990625,0.9912190963341858,0.6310170856304467,7.758,5
threeOf9,None,mix05_100,0.9921875,0.9926896845694799,0.40149359982460736,7.804,5
threeOf9,None,mix05_20,0.9828125,0.9828788272862573,0.0792569413781166,7.7700000000000005,5
threeOf9,None,mix10_100,0.990625,0.9910230179028133,0.48414962477982043,7.864,5
threeOf9,None,mix10_20,0.9796875,0.9795172453653531,0.09512648321688175,7.83,5
threeOf9,None,mix25_100,0.984375,0.9843563512361466,0.731268765963614,8.034,5
threeOf9,None,mix25_20,0.978125,0.9778505786986866,0.14309489941224457,8.0,5
threeOf9,None,mix50_20,0.9609375,0.9598529050529571,0.22520515732467175,8.34,5
threeOf9,None,rf_sqrt_fixed,0.9828125,0.9832214226884564,0.08905348349362611,8.968,5
threeOf9,None,sighted2_20,0.8921875,0.8901112604216337,0.3864570904523134,8.959999999999999,5
threeOf9,None,tree_k1,0.9828125,0.9835166240409208,0.0036876000463962554,8.2,5
threeOf9,None,tree_k2,0.871875,0.8709323478838845,0.02114900005981326,9.0,5
tic_tac_toe,3,cart_bag100,0.7741666666666667,0.6962090399815823,0.08380897948518395,3.0,5
tic_tac_toe,3,cart_bag200,0.7708333333333333,0.6942291458828946,0.16752516403794288,3.0,5
tic_tac_toe,3,cart_fixed,0.6875,0.5953265290461208,0.0009251081384718419,3.0,5
tic_tac_toe,3,cart_mix10_100,0.7741666666666667,0.695073286777684,0.29803961906582116,3.0,5
tic_tac_toe,3,cart_tuned,0.8558333333333333,0.831885503798634,0.0012988567352294922,,5
tic_tac_toe,3,greedy100,0.775,0.6968459826567416,0.2655720567330718,3.0,5
tic_tac_toe,3,greedy20,0.76,0.6876525209116722,0.05360609134659171,3.0,5
tic_tac_toe,3,greedy200,0.7716666666666667,0.6948660885580539,0.538774424046278,3.0,5
tic_tac_toe,3,majority,0.6541666666666667,0.5,0.0,,5
tic_tac_toe,3,mix05_100,0.7708333333333333,0.692525516077047,0.3638325572013855,3.0,5
tic_tac_toe,3,mix05_20,0.7616666666666667,0.6883585296600414,0.0736557493917644,3.0,5
tic_tac_toe,3,mix10_100,0.7741666666666667,0.6945054101757349,0.46295632449910046,3.0,5
tic_tac_toe,3,mix10_20,0.7675,0.6950886347939529,0.09325369102880358,3.0,5
tic_tac_toe,3,mix25_100,0.7741666666666667,0.6984805463893793,0.7569378176704049,3.0,5
tic_tac_toe,3,mix25_20,0.765,0.6903384237587292,0.15144315836951136,3.0,5
tic_tac_toe,3,mix50_20,0.7758333333333333,0.7071368275650373,0.25134330838918684,3.0,5
tic_tac_toe,3,rf_sqrt_fixed,0.7608333333333334,0.6581920036835239,0.08823959995061159,3.0,5
tic_tac_toe,3,rf_tuned,0.9408333333333333,0.9150257079272504,0.15181002616882325,,5
tic_tac_toe,3,sighted2_20,0.7641666666666667,0.6982196301128079,0.44332914147526026,3.0,5
tic_tac_toe,3,tree_k1,0.6875,0.5953265290461208,0.0034714417532086374,3.0,5
tic_tac_toe,3,tree_k2,0.6925,0.6161844831555522,0.021926333382725715,3.0,5
tic_tac_toe,6,cart_bag100,0.8933333333333333,0.8457831325301205,0.1062993099913001,6.0,5
tic_tac_toe,6,cart_bag200,0.8916666666666666,0.8439413705778527,0.21271399427205323,6.0,5
tic_tac_toe,6,cart_fixed,0.79,0.7639628578006292,0.00215132525190711,6.0,5
tic_tac_toe,6,cart_mix10_100,0.8949999999999999,0.8481927710843374,0.658083679061383,6.0,5
tic_tac_toe,6,greedy100,0.8949999999999999,0.8481927710843374,0.6218713058158756,6.0,5
tic_tac_toe,6,greedy20,0.8825,0.8340956181413552,0.12435741620138288,6.0,5
tic_tac_toe,6,greedy200,0.8941666666666667,0.8475558284091781,1.2256548493169248,6.0,5
tic_tac_toe,6,mix05_100,0.8958333333333334,0.8493975903614459,0.8805425055325031,6.0,5
tic_tac_toe,6,mix05_20,0.8883333333333333,0.8425293530811142,0.17749104937538504,6.0,5
tic_tac_toe,6,mix10_100,0.8966666666666667,0.8506024096385543,1.1549586636945606,6.0,5
tic_tac_toe,6,mix10_20,0.8891666666666668,0.8425984191543243,0.23262271601706744,6.0,5
tic_tac_toe,6,mix25_100,0.9016666666666666,0.8578313253012049,1.9560630462132393,6.0,5
tic_tac_toe,6,mix25_20,0.8991666666666667,0.8559204972757272,0.41126571549102664,6.0,5
tic_tac_toe,6,mix50_20,0.9091666666666667,0.8709462052029775,0.6879471244290472,6.0,5
tic_tac_toe,6,rf_sqrt_fixed,0.8616666666666667,0.802839383009746,0.09199154181405902,6.0,5
tic_tac_toe,6,sighted2_20,0.9275,0.8985879825032616,1.2150038002058863,6.0,5
tic_tac_toe,6,tree_k1,0.7875,0.7614841531732024,0.006594216637313366,6.0,5
tic_tac_toe,6,tree_k2,0.8041666666666666,0.7816054025017267,0.06473145028576255,6.0,5
tic_tac_toe,None,cart_bag100,0.9433333333333334,0.9186401657585757,0.11838598214089871,10.788,5
tic_tac_toe,None,cart_bag200,0.9475,0.9240963855421687,0.24804284339770674,10.778,5
tic_tac_toe,None,cart_fixed,0.8558333333333333,0.831885503798634,0.001488699857145548,12.0,5
tic_tac_toe,None,cart_mix10_100,0.9458333333333334,0.922254623589901,1.1622287251986563,10.966,5
tic_tac_toe,None,greedy100,0.9433333333333334,0.9186401657585757,0.86345420088619,10.754000000000001,5
tic_tac_toe,None,greedy20,0.9366666666666668,0.9158161307650985,0.16772113274782896,10.83,5
tic_tac_toe,None,greedy200,0.9475,0.9240963855421687,1.696941983141005,10.754000000000001,5
tic_tac_toe,None,mix05_100,0.9433333333333334,0.9186401657585757,1.3155425084754824,10.844,5
tic_tac_toe,None,mix05_20,0.9349999999999999,0.9151101220167293,0.24987069070339202,10.91,5
tic_tac_toe,None,mix10_100,0.9425000000000001,0.9180032230834165,1.7707506173290313,10.931999999999999,5
tic_tac_toe,None,mix10_20,0.9349999999999999,0.9139743688128309,0.340615957044065,11.059999999999999,5
tic_tac_toe,None,mix25_100,0.9358333333333333,0.9095004220704475,3.187124525103718,11.292,5
tic_tac_toe,None,mix25_20,0.9383333333333332,0.9159542629115187,0.6273931987583637,11.330000000000002,5
tic_tac_toe,None,mix50_20,0.9225,0.8981735860640013,1.0731831743381917,11.830000000000002,5
tic_tac_toe,None,rf_sqrt_fixed,0.9283333333333333,0.8975212953725731,0.1090060249902308,12.134,5
tic_tac_toe,None,sighted2_20,0.8724999999999999,0.8468958637096156,1.9792443500831722,12.959999999999999,5
tic_tac_toe,None,tree_k1,0.8549999999999999,0.8301128079195763,0.01102268360555172,12.0,5
tic_tac_toe,None,tree_k2,0.7808333333333334,0.7495740925485381,0.12846893360838293,13.2,5
xd6,3,cart_bag100,0.8819672131147541,0.8222222222222222,0.0779645323753357,3.0,5
xd6,3,cart_bag200,0.8754098360655738,0.8123456790123458,0.15421030018478632,3.0,5
xd6,3,cart_fixed,0.7959016393442624,0.7410361281526925,0.0008945753797888756,3.0,5
xd6,3,cart_mix10_100,0.8844262295081968,0.825925925925926,0.15266618793830275,3.0,5
xd6,3,cart_tuned,0.9975409836065573,0.998159509202454,0.0008798599243164063,,5
xd6,3,greedy100,0.8819672131147541,0.8222222222222222,0.20436587631702424,3.0,5
xd6,3,greedy20,0.8942622950819672,0.8407407407407407,0.038613475393503904,3.0,5
xd6,3,greedy200,0.8754098360655738,0.8123456790123458,0.3945062171667814,3.0,5
xd6,3,majority,0.6680327868852459,0.5,0.0,,5
xd6,3,mix05_100,0.8852459016393442,0.8271604938271604,0.23395142685621978,3.0,5
xd6,3,mix05_20,0.9032786885245901,0.8543209876543211,0.04416264211758971,3.0,5
xd6,3,mix10_100,0.8852459016393442,0.8271604938271604,0.2609707267023623,3.0,5
xd6,3,mix10_20,0.9016393442622951,0.8518518518518519,0.04943814193829894,3.0,5
xd6,3,mix25_100,0.878688524590164,0.8172839506172839,0.3461369854398072,3.0,5
xd6,3,mix25_20,0.9032786885245901,0.8543209876543211,0.06643331665545701,3.0,5
xd6,3,mix50_20,0.909016393442623,0.8629629629629629,0.09497606642544269,3.0,5
xd6,3,rf_sqrt_fixed,0.7975409836065573,0.6950617283950618,0.08331749988719821,3.0,5
xd6,3,rf_tuned,1.0,1.0,0.08422684669494629,,5
xd6,3,sighted2_20,0.8909836065573771,0.8358024691358026,0.1530048256739974,3.0,5
xd6,3,tree_k1,0.7959016393442624,0.7410361281526925,0.0020752501673996448,3.0,5
xd6,3,tree_k2,0.7836065573770492,0.7237597515716125,0.007439166679978371,3.0,5
xd6,6,cart_bag100,1.0,1.0,0.10081454887986183,6.0,5
xd6,6,cart_bag200,1.0,1.0,0.1949293148703873,6.0,5
xd6,6,cart_fixed,0.9557377049180328,0.9538286753010679,0.0013741417787969112,6.0,5
xd6,6,cart_mix10_100,1.0,1.0,0.27663684673607347,6.0,5
xd6,6,greedy100,1.0,1.0,0.35631991671398283,6.0,5
xd6,6,greedy20,0.9983606557377049,0.9987730061349694,0.06996936602517963,6.0,5
xd6,6,greedy200,1.0,1.0,0.7215461145155132,6.0,5
xd6,6,mix05_100,1.0,1.0,0.42352748317644,6.0,5
xd6,6,mix05_20,1.0,1.0,0.08212604084983469,6.0,5
xd6,6,mix10_100,1.0,1.0,0.4905983087606728,6.0,5
xd6,6,mix10_20,1.0,1.0,0.09554198244586587,6.0,5
xd6,6,mix25_100,1.0,1.0,0.6864629589952529,6.0,5
xd6,6,mix25_20,1.0,1.0,0.13568222373723984,6.0,5
xd6,6,mix50_20,1.0,1.0,0.20406115641817452,6.0,5
xd6,6,rf_sqrt_fixed,0.9983606557377049,0.9975308641975309,0.13081488320603968,6.0,5
xd6,6,sighted2_20,1.0,1.0,0.3361287566833198,6.0,5
xd6,6,tree_k1,0.9565573770491802,0.9544421722335834,0.0037870664149522782,6.0,5
xd6,6,tree_k2,0.9508196721311475,0.9346209194879952,0.01618892513215542,6.0,5
xd6,None,cart_bag100,1.0,1.0,0.09130434300750494,8.190000000000001,5
xd6,None,cart_bag200,1.0,1.0,0.18478960935026406,8.183,5
xd6,None,cart_fixed,0.9975409836065573,0.998159509202454,0.0010741415433585643,8.6,5
xd6,None,cart_mix10_100,1.0,1.0,0.3404767570085824,8.262,5
xd6,None,greedy100,1.0,1.0,0.3873727244324982,8.186,5
xd6,None,greedy20,0.9983606557377049,0.9987730061349694,0.07803350817412139,8.2,5
xd6,None,greedy200,1.0,1.0,0.7870841157622636,8.178999999999998,5
xd6,None,mix05_100,1.0,1.0,0.48352482514455913,8.222,5
xd6,None,mix05_20,0.9983606557377049,0.9987730061349694,0.09683317430317402,8.24,5
xd6,None,mix10_100,1.0,1.0,0.5790920590981841,8.26,5
xd6,None,mix10_20,0.9983606557377049,0.9987730061349694,0.11647913251072169,8.290000000000001,5
xd6,None,mix25_100,1.0,1.0,0.8639691430144012,8.39,5
xd6,None,mix25_20,1.0,1.0,0.17444812469184398,8.4,5
xd6,None,mix50_20,0.9967213114754099,0.9950617283950617,0.2743298582732677,8.620000000000001,5
xd6,None,rf_sqrt_fixed,1.0,1.0,0.09452765826135874,9.0,5
xd6,None,sighted2_20,0.9688524590163935,0.9561917745966826,0.4644906842149794,9.0,5
xd6,None,tree_k1,0.9975409836065573,0.998159509202454,0.004358783457428217,8.6,5
xd6,None,tree_k2,0.962295081967213,0.954389153980156,0.02643792489543557,9.0,5
