dataset,label,delta,family
GAMETES_Epistasis_2_Way_20atts_0.1H_EDM_1_1,tree_k2-tree_k1_D3,0.16449999999999998,GAMETES
GAMETES_Epistasis_2_Way_20atts_0.4H_EDM_1_1,tree_k2-tree_k1_D3,0.292,GAMETES
GAMETES_Epistasis_3_Way_20atts_0.2H_EDM_1_1,tree_k2-tree_k1_D3,-0.0004999999999999449,GAMETES
GAMETES_Heterogeneity_20atts_1600_Het_0.4_0.2_50_EDM_2_001,tree_k2-tree_k1_D3,0.1810000000000001,GAMETES
GAMETES_Heterogeneity_20atts_1600_Het_0.4_0.2_75_EDM_2_001,tree_k2-tree_k1_D3,0.2395000000000001,GAMETES
analcatdata_aids,tree_k2-tree_k1_D3,0.06153846153846154,analcatdata_aids
analcatdata_asbestos,tree_k2-tree_k1_D3,-0.07619047619047603,analcatdata_asbestos
analcatdata_bankruptcy,tree_k2-tree_k1_D3,0.01538461538461533,analcatdata_bankruptcy
analcatdata_boxing1,tree_k2-tree_k1_D3,0.1399999999999999,analcatdata_boxing1
analcatdata_boxing2,tree_k2-tree_k1_D3,-0.012121212121212088,analcatdata_boxing2
analcatdata_creditscore,tree_k2-tree_k1_D3,0.008000000000000007,analcatdata_creditscore
analcatdata_cyyoung8092,tree_k2-tree_k1_D3,-0.040000000000000036,analcatdata_cyyoung
analcatdata_cyyoung9302,tree_k2-tree_k1_D3,-0.05217391304347829,analcatdata_cyyoung
analcatdata_dmft,tree_k2-tree_k1_D3,0.0030000000000000304,analcatdata_dmft
analcatdata_fraud,tree_k2-tree_k1_D3,0.09090909090909094,analcatdata_fraud
analcatdata_germangss,tree_k2-tree_k1_D3,0.009999999999999953,analcatdata_germangss
analcatdata_happiness,tree_k2-tree_k1_D3,-0.040000000000000036,analcatdata_happiness
analcatdata_japansolvent,tree_k2-tree_k1_D3,-0.09230769230769231,analcatdata_japansolvent
analcatdata_lawsuit,tree_k2-tree_k1_D3,-0.003030303030302939,analcatdata_lawsuit
appendicitis,tree_k2-tree_k1_D3,0.014814814814814836,appendicitis
balance_scale,tree_k2-tree_k1_D3,-0.016560509554140235,balance_scale
breast_cancer,tree_k2-tree_k1_D3,-0.005555555555555536,breast_cancer
bupa,tree_k2-tree_k1_D3,-0.006896551724138056,bupa
car_evaluation,tree_k2-tree_k1_D3,-0.001388888888888884,car_evaluation
cloud,tree_k2-tree_k1_D3,0.09629629629629621,cloud
confidence,tree_k2-tree_k1_D3,0.03333333333333344,confidence
corral,tree_k2-tree_k1_D3,0.07999999999999985,corral
dermatology,tree_k2-tree_k1_D3,0.11086956521739122,dermatology
ecoli,tree_k2-tree_k1_D3,0.024390243902439046,ecoli
flags,tree_k2-tree_k1_D3,0.004444444444444473,flags
haberman,tree_k2-tree_k1_D3,0.012987012987012991,haberman
hayes_roth,tree_k2-tree_k1_D3,-0.015000000000000124,hayes_roth
iris,tree_k2-tree_k1_D3,0.0052631578947368585,iris
irish,tree_k2-tree_k1_D3,0.0,irish
labor,tree_k2-tree_k1_D3,0.02666666666666684,labor
led24,tree_k2-tree_k1_D3,0.0012500000000000844,led
led7,tree_k2-tree_k1_D3,0.004250000000000087,led
lupus,tree_k2-tree_k1_D3,-0.00909090909090915,lupus
lymphography,tree_k2-tree_k1_D3,-0.010810810810810811,lymphography
mofn_3_7_10,tree_k2-tree_k1_D3,-0.003625377643504457,mofn_3_7_10
monk1,tree_k2-tree_k1_D3,0.012949640287769792,monk
monk2,tree_k2-tree_k1_D3,0.04503311258278142,monk
monk3,tree_k2-tree_k1_D3,-0.01582733812949655,monk
mux6,tree_k2-tree_k1_D3,0.40625,mux6
new_thyroid,tree_k2-tree_k1_D3,0.014814814814814725,new_thyroid
nursery,tree_k2-tree_k1_D3,0.0,nursery
parity5,tree_k2-tree_k1_D3,-0.05,parity5
parity5+5,tree_k2-tree_k1_D3,-0.0035587188612100085,parity5
penguins,tree_k2-tree_k1_D3,0.01666666666666683,penguins
postoperative_patient_data,tree_k2-tree_k1_D3,-0.018181818181818077,postoperative_patient_data
prnn_synth,tree_k2-tree_k1_D3,-0.0031746031746031633,prnn_synth
soybean,tree_k2-tree_k1_D3,0.02721893491124261,soybean
spect,tree_k2-tree_k1_D3,-0.0029850746268657025,spect
tae,tree_k2-tree_k1_D3,0.021052631578947323,tae
threeOf9,tree_k2-tree_k1_D3,-0.0015625000000000222,threeOf9
tic_tac_toe,tree_k2-tree_k1_D3,0.0050000000000000044,tic_tac_toe
xd6,tree_k2-tree_k1_D3,-0.012295081967213184,xd6
GAMETES_Epistasis_2_Way_20atts_0.1H_EDM_1_1,sighted2_20-greedy20_D3,0.09800000000000009,GAMETES
GAMETES_Epistasis_2_Way_20atts_0.4H_EDM_1_1,sighted2_20-greedy20_D3,0.12,GAMETES
GAMETES_Epistasis_3_Way_20atts_0.2H_EDM_1_1,sighted2_20-greedy20_D3,0.05600000000000005,GAMETES
GAMETES_Heterogeneity_20atts_1600_Het_0.4_0.2_50_EDM_2_001,sighted2_20-greedy20_D3,0.12750000000000006,GAMETES
GAMETES_Heterogeneity_20atts_1600_Het_0.4_0.2_75_EDM_2_001,sighted2_20-greedy20_D3,0.15049999999999997,GAMETES
analcatdata_aids,sighted2_20-greedy20_D3,0.10769230769230764,analcatdata_aids
analcatdata_asbestos,sighted2_20-greedy20_D3,0.02857142857142858,analcatdata_asbestos
analcatdata_bankruptcy,sighted2_20-greedy20_D3,-0.01538461538461533,analcatdata_bankruptcy
analcatdata_boxing1,sighted2_20-greedy20_D3,0.013333333333333308,analcatdata_boxing1
analcatdata_boxing2,sighted2_20-greedy20_D3,0.012121212121212088,analcatdata_boxing2
analcatdata_creditscore,sighted2_20-greedy20_D3,0.008000000000000007,analcatdata_creditscore
analcatdata_cyyoung8092,sighted2_20-greedy20_D3,0.0,analcatdata_cyyoung
analcatdata_cyyoung9302,sighted2_20-greedy20_D3,0.008695652173912882,analcatdata_cyyoung
analcatdata_dmft,sighted2_20-greedy20_D3,-0.0030000000000000304,analcatdata_dmft
analcatdata_fraud,sighted2_20-greedy20_D3,0.0,analcatdata_fraud
analcatdata_germangss,sighted2_20-greedy20_D3,-0.018000000000000016,analcatdata_germangss
analcatdata_happiness,sighted2_20-greedy20_D3,0.0,analcatdata_happiness
analcatdata_japansolvent,sighted2_20-greedy20_D3,0.10769230769230764,analcatdata_japansolvent
analcatdata_lawsuit,sighted2_20-greedy20_D3,-0.003030303030302939,analcatdata_lawsuit
appendicitis,sighted2_20-greedy20_D3,-0.014814814814814836,appendicitis
balance_scale,sighted2_20-greedy20_D3,0.017834394904458484,balance_scale
breast_cancer,sighted2_20-greedy20_D3,-0.002777777777777768,breast_cancer
bupa,sighted2_20-greedy20_D3,0.0367816091954023,bupa
car_evaluation,sighted2_20-greedy20_D3,0.04675925925925928,car_evaluation
cloud,sighted2_20-greedy20_D3,0.11111111111111116,cloud
confidence,sighted2_20-greedy20_D3,0.011111111111111072,confidence
corral,sighted2_20-greedy20_D3,0.050000000000000044,corral
dermatology,sighted2_20-greedy20_D3,0.10652173913043472,dermatology
ecoli,sighted2_20-greedy20_D3,0.0,ecoli
flags,sighted2_20-greedy20_D3,0.03555555555555562,flags
haberman,sighted2_20-greedy20_D3,0.0051948051948051965,haberman
hayes_roth,sighted2_20-greedy20_D3,-0.0050000000000000044,hayes_roth
iris,sighted2_20-greedy20_D3,-0.010526315789473606,iris
irish,sighted2_20-greedy20_D3,0.0,irish
labor,sighted2_20-greedy20_D3,-0.026666666666666505,labor
led24,sighted2_20-greedy20_D3,-0.005250000000000088,led
led7,sighted2_20-greedy20_D3,0.01175000000000015,led
lupus,sighted2_20-greedy20_D3,-0.027272727272727337,lupus
lymphography,sighted2_20-greedy20_D3,0.037837837837837784,lymphography
mofn_3_7_10,sighted2_20-greedy20_D3,-0.003625377643504457,mofn_3_7_10
monk1,sighted2_20-greedy20_D3,0.06330935251798575,monk
monk2,sighted2_20-greedy20_D3,0.011920529801324409,monk
monk3,sighted2_20-greedy20_D3,-0.02302158273381305,monk
mux6,sighted2_20-greedy20_D3,0.26249999999999996,mux6
new_thyroid,sighted2_20-greedy20_D3,0.0037037037037037646,new_thyroid
nursery,sighted2_20-greedy20_D3,0.0,nursery
parity5,sighted2_20-greedy20_D3,-0.049999999999999996,parity5
parity5+5,sighted2_20-greedy20_D3,-0.012099644128113818,parity5
penguins,sighted2_20-greedy20_D3,0.019047619047619202,penguins
postoperative_patient_data,sighted2_20-greedy20_D3,-0.018181818181818188,postoperative_patient_data
prnn_synth,sighted2_20-greedy20_D3,0.00952380952380949,prnn_synth
soybean,sighted2_20-greedy20_D3,0.09585798816568059,soybean
spect,sighted2_20-greedy20_D3,-0.017910447761193993,spect
tae,sighted2_20-greedy20_D3,0.015789473684210575,tae
threeOf9,sighted2_20-greedy20_D3,0.03749999999999998,threeOf9
tic_tac_toe,sighted2_20-greedy20_D3,0.004166666666666652,tic_tac_toe
xd6,sighted2_20-greedy20_D3,-0.003278688524590123,xd6
GAMETES_Epistasis_2_Way_20atts_0.1H_EDM_1_1,mix10_100-greedy100_D3,0.04249999999999998,GAMETES
GAMETES_Epistasis_2_Way_20atts_0.4H_EDM_1_1,mix10_100-greedy100_D3,0.07250000000000012,GAMETES
GAMETES_Epistasis_3_Way_20atts_0.2H_EDM_1_1,mix10_100-greedy100_D3,0.006000000000000005,GAMETES
GAMETES_Heterogeneity_20atts_1600_Het_0.4_0.2_50_EDM_2_001,mix10_100-greedy100_D3,0.0615,GAMETES
GAMETES_Heterogeneity_20atts_1600_Het_0.4_0.2_75_EDM_2_001,mix10_100-greedy100_D3,0.0774999999999999,GAMETES
analcatdata_aids,mix10_100-greedy100_D3,0.0,analcatdata_aids
analcatdata_asbestos,mix10_100-greedy100_D3,0.01904761904761909,analcatdata_asbestos
analcatdata_bankruptcy,mix10_100-greedy100_D3,0.0,analcatdata_bankruptcy
analcatdata_boxing1,mix10_100-greedy100_D3,0.013333333333333308,analcatdata_boxing1
analcatdata_boxing2,mix10_100-greedy100_D3,0.036363636363636376,analcatdata_boxing2
analcatdata_creditscore,mix10_100-greedy100_D3,0.008000000000000007,analcatdata_creditscore
analcatdata_cyyoung8092,mix10_100-greedy100_D3,-0.008000000000000007,analcatdata_cyyoung
analcatdata_cyyoung9302,mix10_100-greedy100_D3,0.008695652173913104,analcatdata_cyyoung
analcatdata_dmft,mix10_100-greedy100_D3,-0.005000000000000032,analcatdata_dmft
analcatdata_fraud,mix10_100-greedy100_D3,0.018181818181818188,analcatdata_fraud
analcatdata_germangss,mix10_100-greedy100_D3,0.0,analcatdata_germangss
analcatdata_happiness,mix10_100-greedy100_D3,-0.013333333333333308,analcatdata_happiness
analcatdata_japansolvent,mix10_100-greedy100_D3,0.06153846153846165,analcatdata_japansolvent
analcatdata_lawsuit,mix10_100-greedy100_D3,0.0,analcatdata_lawsuit
appendicitis,mix10_100-greedy100_D3,0.007407407407407418,appendicitis
balance_scale,mix10_100-greedy100_D3,-0.005095541401273884,balance_scale
breast_cancer,mix10_100-greedy100_D3,-0.005555555555555536,breast_cancer
bupa,mix10_100-greedy100_D3,0.011494252873563315,bupa
car_evaluation,mix10_100-greedy100_D3,0.0032407407407408773,car_evaluation
cloud,mix10_100-greedy100_D3,0.007407407407407418,cloud
confidence,mix10_100-greedy100_D3,0.011111111111111072,confidence
corral,mix10_100-greedy100_D3,0.010000000000000009,corral
dermatology,mix10_100-greedy100_D3,0.07826086956521738,dermatology
ecoli,mix10_100-greedy100_D3,0.0,ecoli
flags,mix10_100-greedy100_D3,0.0,flags
haberman,mix10_100-greedy100_D3,0.0025974025974025983,haberman
hayes_roth,mix10_100-greedy100_D3,0.009999999999999898,hayes_roth
iris,mix10_100-greedy100_D3,0.0,iris
irish,mix10_100-greedy100_D3,0.0,irish
labor,mix10_100-greedy100_D3,0.0,labor
led24,mix10_100-greedy100_D3,-0.0004999999999999449,led
led7,mix10_100-greedy100_D3,0.0012499999999999734,led
lupus,mix10_100-greedy100_D3,0.00909090909090915,lupus
lymphography,mix10_100-greedy100_D3,-0.005405405405405461,lymphography
mofn_3_7_10,mix10_100-greedy100_D3,0.0,mofn_3_7_10
monk1,mix10_100-greedy100_D3,0.012949640287769904,monk
monk2,mix10_100-greedy100_D3,-0.0013245033112582183,monk
monk3,mix10_100-greedy100_D3,0.0,monk
mux6,mix10_100-greedy100_D3,0.08125000000000004,mux6
new_thyroid,mix10_100-greedy100_D3,0.0037037037037037646,new_thyroid
nursery,mix10_100-greedy100_D3,0.0,nursery
parity5,mix10_100-greedy100_D3,0.0,parity5
parity5+5,mix10_100-greedy100_D3,0.001423487544483959,parity5
penguins,mix10_100-greedy100_D3,0.0071428571428571175,penguins
postoperative_patient_data,mix10_100-greedy100_D3,0.0,postoperative_patient_data
prnn_synth,mix10_100-greedy100_D3,-0.0031746031746031633,prnn_synth
soybean,mix10_100-greedy100_D3,0.013017751479289852,soybean
spect,mix10_100-greedy100_D3,-0.005970149253731294,spect
tae,mix10_100-greedy100_D3,0.0052631578947367474,tae
threeOf9,mix10_100-greedy100_D3,0.0031250000000000444,threeOf9
tic_tac_toe,mix10_100-greedy100_D3,-0.0008333333333333526,tic_tac_toe
xd6,mix10_100-greedy100_D3,0.003278688524590123,xd6
GAMETES_Epistasis_2_Way_20atts_0.1H_EDM_1_1,tree_k2_D3-cart_tuned,0.137,GAMETES
GAMETES_Epistasis_2_Way_20atts_0.4H_EDM_1_1,tree_k2_D3-cart_tuned,0.23299999999999998,GAMETES
GAMETES_Epistasis_3_Way_20atts_0.2H_EDM_1_1,tree_k2_D3-cart_tuned,-0.03249999999999986,GAMETES
GAMETES_Heterogeneity_20atts_1600_Het_0.4_0.2_50_EDM_2_001,tree_k2_D3-cart_tuned,0.11550000000000005,GAMETES
GAMETES_Heterogeneity_20atts_1600_Het_0.4_0.2_75_EDM_2_001,tree_k2_D3-cart_tuned,0.1985,GAMETES
analcatdata_aids,tree_k2_D3-cart_tuned,0.06153846153846154,analcatdata_aids
analcatdata_asbestos,tree_k2_D3-cart_tuned,-0.09523809523809512,analcatdata_asbestos
analcatdata_bankruptcy,tree_k2_D3-cart_tuned,-0.0461538461538461,analcatdata_bankruptcy
analcatdata_boxing1,tree_k2_D3-cart_tuned,0.026666666666666616,analcatdata_boxing1
analcatdata_boxing2,tree_k2_D3-cart_tuned,-0.012121212121212088,analcatdata_boxing2
analcatdata_creditscore,tree_k2_D3-cart_tuned,-0.008000000000000007,analcatdata_creditscore
analcatdata_cyyoung8092,tree_k2_D3-cart_tuned,-0.08000000000000007,analcatdata_cyyoung
analcatdata_cyyoung9302,tree_k2_D3-cart_tuned,-0.008695652173912993,analcatdata_cyyoung
analcatdata_dmft,tree_k2_D3-cart_tuned,0.013000000000000012,analcatdata_dmft
analcatdata_fraud,tree_k2_D3-cart_tuned,-0.07272727272727275,analcatdata_fraud
analcatdata_germangss,tree_k2_D3-cart_tuned,0.023999999999999966,analcatdata_germangss
analcatdata_happiness,tree_k2_D3-cart_tuned,0.026666666666666616,analcatdata_happiness
analcatdata_japansolvent,tree_k2_D3-cart_tuned,-0.10769230769230764,analcatdata_japansolvent
analcatdata_lawsuit,tree_k2_D3-cart_tuned,-0.006060606060605878,analcatdata_lawsuit
appendicitis,tree_k2_D3-cart_tuned,-0.007407407407407418,appendicitis
balance_scale,tree_k2_D3-cart_tuned,-0.06496815286624213,balance_scale
breast_cancer,tree_k2_D3-cart_tuned,-0.002777777777777879,breast_cancer
bupa,tree_k2_D3-cart_tuned,0.01379310344827589,bupa
car_evaluation,tree_k2_D3-cart_tuned,-0.18657407407407411,car_evaluation
cloud,tree_k2_D3-cart_tuned,0.051851851851851816,cloud
confidence,tree_k2_D3-cart_tuned,-0.04444444444444451,confidence
corral,tree_k2_D3-cart_tuned,-0.09000000000000008,corral
dermatology,tree_k2_D3-cart_tuned,-0.03913043478260869,dermatology
ecoli,tree_k2_D3-cart_tuned,0.019512195121951237,ecoli
flags,tree_k2_D3-cart_tuned,-0.03555555555555551,flags
haberman,tree_k2_D3-cart_tuned,0.018181818181818188,haberman
hayes_roth,tree_k2_D3-cart_tuned,-0.20500000000000007,hayes_roth
iris,tree_k2_D3-cart_tuned,-0.015789473684210464,iris
irish,tree_k2_D3-cart_tuned,0.0,irish
labor,tree_k2_D3-cart_tuned,0.040000000000000036,labor
led24,tree_k2_D3-cart_tuned,-0.11649999999999994,led
led7,tree_k2_D3-cart_tuned,-0.18924999999999992,led
lupus,tree_k2_D3-cart_tuned,0.0,lupus
lymphography,tree_k2_D3-cart_tuned,-0.0108108108108107,lymphography
mofn_3_7_10,tree_k2_D3-cart_tuned,-0.2084592145015105,mofn_3_7_10
monk1,tree_k2_D3-cart_tuned,-0.1669064748201441,monk
monk2,tree_k2_D3-cart_tuned,-0.32980132450331134,monk
monk3,tree_k2_D3-cart_tuned,-0.03884892086330949,monk
mux6,tree_k2_D3-cart_tuned,0.0625,mux6
new_thyroid,tree_k2_D3-cart_tuned,0.011111111111111072,new_thyroid
nursery,tree_k2_D3-cart_tuned,-0.18049382716049378,nursery
parity5,tree_k2_D3-cart_tuned,-0.09999999999999999,parity5
parity5+5,tree_k2_D3-cart_tuned,-0.25409252669039145,parity5
penguins,tree_k2_D3-cart_tuned,0.004761904761904967,penguins
postoperative_patient_data,tree_k2_D3-cart_tuned,-0.027272727272727337,postoperative_patient_data
prnn_synth,tree_k2_D3-cart_tuned,-0.0031746031746031633,prnn_synth
soybean,tree_k2_D3-cart_tuned,-0.3621301775147928,soybean
spect,tree_k2_D3-cart_tuned,-0.047761194029850795,spect
tae,tree_k2_D3-cart_tuned,-0.1105263157894737,tae
threeOf9,tree_k2_D3-cart_tuned,-0.21875,threeOf9
tic_tac_toe,tree_k2_D3-cart_tuned,-0.16333333333333333,tic_tac_toe
xd6,tree_k2_D3-cart_tuned,-0.2139344262295081,xd6
GAMETES_Epistasis_2_Way_20atts_0.1H_EDM_1_1,mix10_100_D3-rf_tuned,0.03949999999999998,GAMETES
GAMETES_Epistasis_2_Way_20atts_0.4H_EDM_1_1,mix10_100_D3-rf_tuned,0.030000000000000138,GAMETES
GAMETES_Epistasis_3_Way_20atts_0.2H_EDM_1_1,mix10_100_D3-rf_tuned,-0.055500000000000105,GAMETES
GAMETES_Heterogeneity_20atts_1600_Het_0.4_0.2_50_EDM_2_001,mix10_100_D3-rf_tuned,0.01100000000000001,GAMETES
GAMETES_Heterogeneity_20atts_1600_Het_0.4_0.2_75_EDM_2_001,mix10_100_D3-rf_tuned,0.02200000000000002,GAMETES
analcatdata_aids,mix10_100_D3-rf_tuned,-0.015384615384615441,analcatdata_aids
analcatdata_asbestos,mix10_100_D3-rf_tuned,-0.009523809523809601,analcatdata_asbestos
analcatdata_bankruptcy,mix10_100_D3-rf_tuned,0.06153846153846143,analcatdata_bankruptcy
analcatdata_boxing1,mix10_100_D3-rf_tuned,-0.00666666666666671,analcatdata_boxing1
analcatdata_boxing2,mix10_100_D3-rf_tuned,0.042424242424242364,analcatdata_boxing2
analcatdata_creditscore,mix10_100_D3-rf_tuned,-0.016000000000000014,analcatdata_creditscore
analcatdata_cyyoung8092,mix10_100_D3-rf_tuned,0.0,analcatdata_cyyoung
analcatdata_cyyoung9302,mix10_100_D3-rf_tuned,0.008695652173913104,analcatdata_cyyoung
analcatdata_dmft,mix10_100_D3-rf_tuned,0.0069999999999999785,analcatdata_dmft
analcatdata_fraud,mix10_100_D3-rf_tuned,-0.036363636363636376,analcatdata_fraud
analcatdata_germangss,mix10_100_D3-rf_tuned,0.010000000000000064,analcatdata_germangss
analcatdata_happiness,mix10_100_D3-rf_tuned,0.0,analcatdata_happiness
analcatdata_japansolvent,mix10_100_D3-rf_tuned,-0.0461538461538461,analcatdata_japansolvent
analcatdata_lawsuit,mix10_100_D3-rf_tuned,0.003030303030302939,analcatdata_lawsuit
appendicitis,mix10_100_D3-rf_tuned,-0.014814814814814836,appendicitis
balance_scale,mix10_100_D3-rf_tuned,-0.026751592356687892,balance_scale
breast_cancer,mix10_100_D3-rf_tuned,-0.019444444444444486,breast_cancer
bupa,mix10_100_D3-rf_tuned,0.00919540229885063,bupa
car_evaluation,mix10_100_D3-rf_tuned,-0.16481481481481464,car_evaluation
cloud,mix10_100_D3-rf_tuned,0.0,cloud
confidence,mix10_100_D3-rf_tuned,0.0,confidence
corral,mix10_100_D3-rf_tuned,-0.03499999999999992,corral
dermatology,mix10_100_D3-rf_tuned,-0.08478260869565224,dermatology
ecoli,mix10_100_D3-rf_tuned,-0.014634146341463428,ecoli
flags,mix10_100_D3-rf_tuned,-0.04444444444444434,flags
haberman,mix10_100_D3-rf_tuned,-0.0025974025974025983,haberman
hayes_roth,mix10_100_D3-rf_tuned,-0.1050000000000001,hayes_roth
iris,mix10_100_D3-rf_tuned,-0.0052631578947368585,iris
irish,mix10_100_D3-rf_tuned,0.0,irish
labor,mix10_100_D3-rf_tuned,-0.053333333333333344,labor
led24,mix10_100_D3-rf_tuned,-0.019749999999999934,led
led7,mix10_100_D3-rf_tuned,-0.01650000000000007,led
lupus,mix10_100_D3-rf_tuned,0.00909090909090915,lupus
lymphography,mix10_100_D3-rf_tuned,-0.021621621621621623,lymphography
mofn_3_7_10,mix10_100_D3-rf_tuned,-0.1625377643504532,mofn_3_7_10
monk1,mix10_100_D3-rf_tuned,-0.17841726618705023,monk
monk2,mix10_100_D3-rf_tuned,-0.3284768211920529,monk
monk3,mix10_100_D3-rf_tuned,-0.011510791366906581,monk
mux6,mix10_100_D3-rf_tuned,-0.14375000000000004,mux6
new_thyroid,mix10_100_D3-rf_tuned,-0.011111111111111072,new_thyroid
nursery,mix10_100_D3-rf_tuned,-0.1652469135802469,nursery
parity5,mix10_100_D3-rf_tuned,-0.17500000000000002,parity5
parity5+5,mix10_100_D3-rf_tuned,-0.5274021352313167,parity5
penguins,mix10_100_D3-rf_tuned,-0.023809523809523947,penguins
postoperative_patient_data,mix10_100_D3-rf_tuned,-0.00909090909090926,postoperative_patient_data
prnn_synth,mix10_100_D3-rf_tuned,0.012698412698412653,prnn_synth
soybean,mix10_100_D3-rf_tuned,-0.27455621301775157,soybean
spect,mix10_100_D3-rf_tuned,0.04179104477611939,spect
tae,mix10_100_D3-rf_tuned,-0.07368421052631591,tae
threeOf9,mix10_100_D3-rf_tuned,-0.14374999999999993,threeOf9
tic_tac_toe,mix10_100_D3-rf_tuned,-0.16666666666666663,tic_tac_toe
xd6,mix10_100_D3-rf_tuned,-0.11475409836065575,xd6
GAMETES_Epistasis_2_Way_20atts_0.1H_EDM_1_1,tree_k2-cart_fixed_D3,0.16449999999999998,GAMETES
GAMETES_Epistasis_2_Way_20atts_0.4H_EDM_1_1,tree_k2-cart_fixed_D3,0.2925,GAMETES
GAMETES_Epistasis_3_Way_20atts_0.2H_EDM_1_1,tree_k2-cart_fixed_D3,-0.0004999999999999449,GAMETES
GAMETES_Heterogeneity_20atts_1600_Het_0.4_0.2_50_EDM_2_001,tree_k2-cart_fixed_D3,0.1810000000000001,GAMETES
GAMETES_Heterogeneity_20atts_1600_Het_0.4_0.2_75_EDM_2_001,tree_k2-cart_fixed_D3,0.2395000000000001,GAMETES
analcatdata_aids,tree_k2-cart_fixed_D3,0.06153846153846154,analcatdata_aids
analcatdata_asbestos,tree_k2-cart_fixed_D3,-0.07619047619047603,analcatdata_asbestos
analcatdata_bankruptcy,tree_k2-cart_fixed_D3,-0.03076923076923077,analcatdata_bankruptcy
analcatdata_boxing1,tree_k2-cart_fixed_D3,0.1399999999999999,analcatdata_boxing1
analcatdata_boxing2,tree_k2-cart_fixed_D3,-0.012121212121212088,analcatdata_boxing2
analcatdata_creditscore,tree_k2-cart_fixed_D3,0.008000000000000007,analcatdata_creditscore
analcatdata_cyyoung8092,tree_k2-cart_fixed_D3,-0.07200000000000006,analcatdata_cyyoung
analcatdata_cyyoung9302,tree_k2-cart_fixed_D3,-0.05217391304347829,analcatdata_cyyoung
analcatdata_dmft,tree_k2-cart_fixed_D3,0.0030000000000000304,analcatdata_dmft
analcatdata_fraud,tree_k2-cart_fixed_D3,0.07272727272727264,analcatdata_fraud
analcatdata_germangss,tree_k2-cart_fixed_D3,0.009999999999999953,analcatdata_germangss
analcatdata_happiness,tree_k2-cart_fixed_D3,-0.040000000000000036,analcatdata_happiness
analcatdata_japansolvent,tree_k2-cart_fixed_D3,-0.10769230769230764,analcatdata_japansolvent
analcatdata_lawsuit,tree_k2-cart_fixed_D3,-0.006060606060605878,analcatdata_lawsuit
appendicitis,tree_k2-cart_fixed_D3,0.007407407407407418,appendicitis
balance_scale,tree_k2-cart_fixed_D3,-0.016560509554140235,balance_scale
breast_cancer,tree_k2-cart_fixed_D3,-0.008333333333333304,breast_cancer
bupa,tree_k2-cart_fixed_D3,-0.0045977011494252595,bupa
car_evaluation,tree_k2-cart_fixed_D3,-0.001388888888888884,car_evaluation
cloud,tree_k2-cart_fixed_D3,0.09629629629629621,cloud
confidence,tree_k2-cart_fixed_D3,0.07777777777777772,confidence
corral,tree_k2-cart_fixed_D3,0.08499999999999996,corral
dermatology,tree_k2-cart_fixed_D3,0.11086956521739122,dermatology
ecoli,tree_k2-cart_fixed_D3,0.02682926829268284,ecoli
flags,tree_k2-cart_fixed_D3,0.004444444444444473,flags
haberman,tree_k2-cart_fixed_D3,0.01558441558441559,haberman
hayes_roth,tree_k2-cart_fixed_D3,-0.0050000000000000044,hayes_roth
iris,tree_k2-cart_fixed_D3,-0.010526315789473606,iris
irish,tree_k2-cart_fixed_D3,0.0,irish
labor,tree_k2-cart_fixed_D3,0.02666666666666684,labor
led24,tree_k2-cart_fixed_D3,0.0012500000000000844,led
led7,tree_k2-cart_fixed_D3,0.004250000000000087,led
lupus,tree_k2-cart_fixed_D3,-0.00909090909090915,lupus
lymphography,tree_k2-cart_fixed_D3,1.1102230246251565e-16,lymphography
mofn_3_7_10,tree_k2-cart_fixed_D3,-0.003625377643504457,mofn_3_7_10
monk1,tree_k2-cart_fixed_D3,0.012949640287769792,monk
monk2,tree_k2-cart_fixed_D3,0.041059602649006544,monk
monk3,tree_k2-cart_fixed_D3,-0.01582733812949655,monk
mux6,tree_k2-cart_fixed_D3,0.40625,mux6
new_thyroid,tree_k2-cart_fixed_D3,0.011111111111111072,new_thyroid
nursery,tree_k2-cart_fixed_D3,0.0,nursery
parity5,tree_k2-cart_fixed_D3,-0.075,parity5
parity5+5,tree_k2-cart_fixed_D3,-0.0035587188612100085,parity5
penguins,tree_k2-cart_fixed_D3,0.01666666666666683,penguins
postoperative_patient_data,tree_k2-cart_fixed_D3,-0.027272727272727337,postoperative_patient_data
prnn_synth,tree_k2-cart_fixed_D3,-0.0031746031746031633,prnn_synth
soybean,tree_k2-cart_fixed_D3,0.026035502958579926,soybean
spect,tree_k2-cart_fixed_D3,-0.0029850746268657025,spect
tae,tree_k2-cart_fixed_D3,0.021052631578947323,tae
threeOf9,tree_k2-cart_fixed_D3,-0.0015625000000000222,threeOf9
tic_tac_toe,tree_k2-cart_fixed_D3,0.0050000000000000044,tic_tac_toe
xd6,tree_k2-cart_fixed_D3,-0.012295081967213184,xd6
GAMETES_Epistasis_2_Way_20atts_0.1H_EDM_1_1,cart_mix10_100-cart_bag100_D3,0.04149999999999998,GAMETES
GAMETES_Epistasis_2_Way_20atts_0.4H_EDM_1_1,cart_mix10_100-cart_bag100_D3,0.07350000000000012,GAMETES
GAMETES_Epistasis_3_Way_20atts_0.2H_EDM_1_1,cart_mix10_100-cart_bag100_D3,0.007499999999999951,GAMETES
GAMETES_Heterogeneity_20atts_1600_Het_0.4_0.2_50_EDM_2_001,cart_mix10_100-cart_bag100_D3,0.0595,GAMETES
GAMETES_Heterogeneity_20atts_1600_Het_0.4_0.2_75_EDM_2_001,cart_mix10_100-cart_bag100_D3,0.07599999999999996,GAMETES
analcatdata_aids,cart_mix10_100-cart_bag100_D3,1.1102230246251565e-16,analcatdata_aids
analcatdata_asbestos,cart_mix10_100-cart_bag100_D3,0.01904761904761909,analcatdata_asbestos
analcatdata_bankruptcy,cart_mix10_100-cart_bag100_D3,0.0,analcatdata_bankruptcy
analcatdata_boxing1,cart_mix10_100-cart_bag100_D3,0.013333333333333308,analcatdata_boxing1
analcatdata_boxing2,cart_mix10_100-cart_bag100_D3,0.030303030303030276,analcatdata_boxing2
analcatdata_creditscore,cart_mix10_100-cart_bag100_D3,0.0,analcatdata_creditscore
analcatdata_cyyoung8092,cart_mix10_100-cart_bag100_D3,-0.008000000000000007,analcatdata_cyyoung
analcatdata_cyyoung9302,cart_mix10_100-cart_bag100_D3,0.008695652173913104,analcatdata_cyyoung
analcatdata_dmft,cart_mix10_100-cart_bag100_D3,-0.005000000000000032,analcatdata_dmft
analcatdata_fraud,cart_mix10_100-cart_bag100_D3,0.018181818181818188,analcatdata_fraud
analcatdata_germangss,cart_mix10_100-cart_bag100_D3,0.0020000000000000573,analcatdata_germangss
analcatdata_happiness,cart_mix10_100-cart_bag100_D3,-0.026666666666666616,analcatdata_happiness
analcatdata_japansolvent,cart_mix10_100-cart_bag100_D3,0.01538461538461533,analcatdata_japansolvent
analcatdata_lawsuit,cart_mix10_100-cart_bag100_D3,0.003030303030302939,analcatdata_lawsuit
appendicitis,cart_mix10_100-cart_bag100_D3,0.0,appendicitis
balance_scale,cart_mix10_100-cart_bag100_D3,-0.005095541401273884,balance_scale
breast_cancer,cart_mix10_100-cart_bag100_D3,-0.005555555555555536,breast_cancer
bupa,cart_mix10_100-cart_bag100_D3,0.0045977011494253706,bupa
car_evaluation,cart_mix10_100-cart_bag100_D3,0.0032407407407408773,car_evaluation
cloud,cart_mix10_100-cart_bag100_D3,0.022222222222222254,cloud
confidence,cart_mix10_100-cart_bag100_D3,0.011111111111111072,confidence
corral,cart_mix10_100-cart_bag100_D3,0.014999999999999902,corral
dermatology,cart_mix10_100-cart_bag100_D3,0.08043478260869563,dermatology
ecoli,cart_mix10_100-cart_bag100_D3,0.0,ecoli
flags,cart_mix10_100-cart_bag100_D3,0.008888888888888835,flags
haberman,cart_mix10_100-cart_bag100_D3,0.0,haberman
hayes_roth,cart_mix10_100-cart_bag100_D3,0.019999999999999907,hayes_roth
iris,cart_mix10_100-cart_bag100_D3,0.0,iris
irish,cart_mix10_100-cart_bag100_D3,0.0,irish
labor,cart_mix10_100-cart_bag100_D3,0.01333333333333353,labor
led24,cart_mix10_100-cart_bag100_D3,-0.0004999999999999449,led
led7,cart_mix10_100-cart_bag100_D3,0.0012499999999999734,led
lupus,cart_mix10_100-cart_bag100_D3,-0.009090909090909038,lupus
lymphography,cart_mix10_100-cart_bag100_D3,-0.005405405405405461,lymphography
mofn_3_7_10,cart_mix10_100-cart_bag100_D3,0.0,mofn_3_7_10
monk1,cart_mix10_100-cart_bag100_D3,0.012949640287769904,monk
monk2,cart_mix10_100-cart_bag100_D3,-0.0026490066225164366,monk
monk3,cart_mix10_100-cart_bag100_D3,0.0,monk
mux6,cart_mix10_100-cart_bag100_D3,0.08750000000000002,mux6
new_thyroid,cart_mix10_100-cart_bag100_D3,0.0037037037037036535,new_thyroid
nursery,cart_mix10_100-cart_bag100_D3,0.0,nursery
parity5,cart_mix10_100-cart_bag100_D3,0.0,parity5
parity5+5,cart_mix10_100-cart_bag100_D3,0.0014234875444840145,parity5
penguins,cart_mix10_100-cart_bag100_D3,0.0071428571428571175,penguins
postoperative_patient_data,cart_mix10_100-cart_bag100_D3,0.0,postoperative_patient_data
prnn_synth,cart_mix10_100-cart_bag100_D3,-0.0031746031746031633,prnn_synth
soybean,cart_mix10_100-cart_bag100_D3,0.010650887573964596,soybean
spect,cart_mix10_100-cart_bag100_D3,-0.0029850746268657025,spect
tae,cart_mix10_100-cart_bag100_D3,0.0,tae
threeOf9,cart_mix10_100-cart_bag100_D3,0.0078125,threeOf9
tic_tac_toe,cart_mix10_100-cart_bag100_D3,0.0,tic_tac_toe
xd6,cart_mix10_100-cart_bag100_D3,0.0024590163934427034,xd6
GAMETES_Epistasis_2_Way_20atts_0.1H_EDM_1_1,cart_mix10_100_D3-rf_tuned,0.04050000000000009,GAMETES
GAMETES_Epistasis_2_Way_20atts_0.4H_EDM_1_1,cart_mix10_100_D3-rf_tuned,0.03100000000000014,GAMETES
GAMETES_Epistasis_3_Way_20atts_0.2H_EDM_1_1,cart_mix10_100_D3-rf_tuned,-0.0535000000000001,GAMETES
GAMETES_Heterogeneity_20atts_1600_Het_0.4_0.2_50_EDM_2_001,cart_mix10_100_D3-rf_tuned,0.009500000000000064,GAMETES
GAMETES_Heterogeneity_20atts_1600_Het_0.4_0.2_75_EDM_2_001,cart_mix10_100_D3-rf_tuned,0.02200000000000002,GAMETES
analcatdata_aids,cart_mix10_100_D3-rf_tuned,-0.03076923076923077,analcatdata_aids
analcatdata_asbestos,cart_mix10_100_D3-rf_tuned,-0.009523809523809601,analcatdata_asbestos
analcatdata_bankruptcy,cart_mix10_100_D3-rf_tuned,0.01538461538461533,analcatdata_bankruptcy
analcatdata_boxing1,cart_mix10_100_D3-rf_tuned,-0.00666666666666671,analcatdata_boxing1
analcatdata_boxing2,cart_mix10_100_D3-rf_tuned,0.042424242424242364,analcatdata_boxing2
analcatdata_creditscore,cart_mix10_100_D3-rf_tuned,-0.02400000000000002,analcatdata_creditscore
analcatdata_cyyoung8092,cart_mix10_100_D3-rf_tuned,0.0,analcatdata_cyyoung
analcatdata_cyyoung9302,cart_mix10_100_D3-rf_tuned,0.01739130434782621,analcatdata_cyyoung
analcatdata_dmft,cart_mix10_100_D3-rf_tuned,0.0069999999999999785,analcatdata_dmft
analcatdata_fraud,cart_mix10_100_D3-rf_tuned,-0.054545454545454564,analcatdata_fraud
analcatdata_germangss,cart_mix10_100_D3-rf_tuned,0.010000000000000064,analcatdata_germangss
analcatdata_happiness,cart_mix10_100_D3-rf_tuned,0.0,analcatdata_happiness
analcatdata_japansolvent,cart_mix10_100_D3-rf_tuned,-0.01538461538461533,analcatdata_japansolvent
analcatdata_lawsuit,cart_mix10_100_D3-rf_tuned,0.006060606060605878,analcatdata_lawsuit
appendicitis,cart_mix10_100_D3-rf_tuned,0.007407407407407307,appendicitis
balance_scale,cart_mix10_100_D3-rf_tuned,-0.026751592356687892,balance_scale
breast_cancer,cart_mix10_100_D3-rf_tuned,-0.019444444444444486,breast_cancer
bupa,cart_mix10_100_D3-rf_tuned,0.0045977011494253706,bupa
car_evaluation,cart_mix10_100_D3-rf_tuned,-0.16481481481481464,car_evaluation
cloud,cart_mix10_100_D3-rf_tuned,0.007407407407407474,cloud
confidence,cart_mix10_100_D3-rf_tuned,0.011111111111111072,confidence
corral,cart_mix10_100_D3-rf_tuned,-0.030000000000000027,corral
dermatology,cart_mix10_100_D3-rf_tuned,-0.08695652173913049,dermatology
ecoli,cart_mix10_100_D3-rf_tuned,-0.017073170731707443,ecoli
flags,cart_mix10_100_D3-rf_tuned,-0.03555555555555551,flags
haberman,cart_mix10_100_D3-rf_tuned,-0.0025974025974025983,haberman
hayes_roth,cart_mix10_100_D3-rf_tuned,-0.09500000000000008,hayes_roth
iris,cart_mix10_100_D3-rf_tuned,0.0,iris
irish,cart_mix10_100_D3-rf_tuned,0.0,irish
labor,cart_mix10_100_D3-rf_tuned,-0.039999999999999813,labor
led24,cart_mix10_100_D3-rf_tuned,-0.019749999999999934,led
led7,cart_mix10_100_D3-rf_tuned,-0.01650000000000007,led
lupus,cart_mix10_100_D3-rf_tuned,-0.009090909090909038,lupus
lymphography,cart_mix10_100_D3-rf_tuned,-0.027027027027027084,lymphography
mofn_3_7_10,cart_mix10_100_D3-rf_tuned,-0.16132930513595167,mofn_3_7_10
monk1,cart_mix10_100_D3-rf_tuned,-0.17841726618705023,monk
monk2,cart_mix10_100_D3-rf_tuned,-0.3284768211920529,monk
monk3,cart_mix10_100_D3-rf_tuned,-0.011510791366906581,monk
mux6,cart_mix10_100_D3-rf_tuned,-0.13750000000000007,mux6
new_thyroid,cart_mix10_100_D3-rf_tuned,-0.014814814814814836,new_thyroid
nursery,cart_mix10_100_D3-rf_tuned,-0.1652469135802469,nursery
parity5,cart_mix10_100_D3-rf_tuned,-0.17500000000000002,parity5
parity5+5,cart_mix10_100_D3-rf_tuned,-0.5266903914590748,parity5
penguins,cart_mix10_100_D3-rf_tuned,-0.023809523809523947,penguins
postoperative_patient_data,cart_mix10_100_D3-rf_tuned,-0.00909090909090926,postoperative_patient_data
prnn_synth,cart_mix10_100_D3-rf_tuned,0.012698412698412653,prnn_synth
soybean,cart_mix10_100_D3-rf_tuned,-0.2721893491124261,soybean
spect,cart_mix10_100_D3-rf_tuned,0.03880597014925369,spect
tae,cart_mix10_100_D3-rf_tuned,-0.07368421052631591,tae
threeOf9,cart_mix10_100_D3-rf_tuned,-0.140625,threeOf9
tic_tac_toe,cart_mix10_100_D3-rf_tuned,-0.16666666666666663,tic_tac_toe
xd6,cart_mix10_100_D3-rf_tuned,-0.11557377049180317,xd6
GAMETES_Epistasis_2_Way_20atts_0.1H_EDM_1_1,tree_k2-tree_k1_D6,0.11549999999999994,GAMETES
GAMETES_Epistasis_2_Way_20atts_0.4H_EDM_1_1,tree_k2-tree_k1_D6,0.24750000000000005,GAMETES
GAMETES_Epistasis_3_Way_20atts_0.2H_EDM_1_1,tree_k2-tree_k1_D6,0.04150000000000009,GAMETES
GAMETES_Heterogeneity_20atts_1600_Het_0.4_0.2_50_EDM_2_001,tree_k2-tree_k1_D6,0.13950000000000007,GAMETES
GAMETES_Heterogeneity_20atts_1600_Het_0.4_0.2_75_EDM_2_001,tree_k2-tree_k1_D6,0.1995,GAMETES
analcatdata_aids,tree_k2-tree_k1_D6,-0.18461538461538451,analcatdata_aids
analcatdata_asbestos,tree_k2-tree_k1_D6,-0.04761904761904756,analcatdata_asbestos
analcatdata_bankruptcy,tree_k2-tree_k1_D6,-0.03076923076923077,analcatdata_bankruptcy
analcatdata_boxing1,tree_k2-tree_k1_D6,-0.14,analcatdata_boxing1
analcatdata_boxing2,tree_k2-tree_k1_D6,-0.054545454545454564,analcatdata_boxing2
analcatdata_creditscore,tree_k2-tree_k1_D6,-0.08799999999999986,analcatdata_creditscore
analcatdata_cyyoung8092,tree_k2-tree_k1_D6,-0.06400000000000006,analcatdata_cyyoung
analcatdata_cyyoung9302,tree_k2-tree_k1_D6,-0.04347826086956519,analcatdata_cyyoung
analcatdata_dmft,tree_k2-tree_k1_D6,0.0040000000000000036,analcatdata_dmft
analcatdata_fraud,tree_k2-tree_k1_D6,0.054545454545454675,analcatdata_fraud
analcatdata_germangss,tree_k2-tree_k1_D6,-0.026000000000000023,analcatdata_germangss
analcatdata_happiness,tree_k2-tree_k1_D6,-0.08000000000000007,analcatdata_happiness
analcatdata_japansolvent,tree_k2-tree_k1_D6,-0.10769230769230764,analcatdata_japansolvent
analcatdata_lawsuit,tree_k2-tree_k1_D6,-0.00909090909090915,analcatdata_lawsuit
appendicitis,tree_k2-tree_k1_D6,0.04444444444444451,appendicitis
balance_scale,tree_k2-tree_k1_D6,-0.002547770700636942,balance_scale
breast_cancer,tree_k2-tree_k1_D6,-0.07499999999999996,breast_cancer
bupa,tree_k2-tree_k1_D6,-0.029885057471264354,bupa
car_evaluation,tree_k2-tree_k1_D6,-0.021759259259259145,car_evaluation
cloud,tree_k2-tree_k1_D6,0.40740740740740733,cloud
confidence,tree_k2-tree_k1_D6,-0.04444444444444451,confidence
corral,tree_k2-tree_k1_D6,0.0,corral
dermatology,tree_k2-tree_k1_D6,0.0,dermatology
ecoli,tree_k2-tree_k1_D6,-0.04390243902439028,ecoli
flags,tree_k2-tree_k1_D6,0.017777777777777726,flags
haberman,tree_k2-tree_k1_D6,-0.036363636363636376,haberman
hayes_roth,tree_k2-tree_k1_D6,-0.08499999999999996,hayes_roth
iris,tree_k2-tree_k1_D6,-0.047368421052631504,iris
irish,tree_k2-tree_k1_D6,-0.0048000000000000265,irish
labor,tree_k2-tree_k1_D6,0.040000000000000036,labor
led24,tree_k2-tree_k1_D6,-0.0044999999999999485,led
led7,tree_k2-tree_k1_D6,0.008499999999999952,led
lupus,tree_k2-tree_k1_D6,0.0,lupus
lymphography,tree_k2-tree_k1_D6,-0.027027027027026973,lymphography
mofn_3_7_10,tree_k2-tree_k1_D6,-0.0060422960725075026,mofn_3_7_10
monk1,tree_k2-tree_k1_D6,0.1007194244604318,monk
monk2,tree_k2-tree_k1_D6,0.04635761589403964,monk
monk3,tree_k2-tree_k1_D6,-0.004316546762589857,monk
mux6,tree_k2-tree_k1_D6,-0.012499999999999956,mux6
new_thyroid,tree_k2-tree_k1_D6,0.007407407407407418,new_thyroid
nursery,tree_k2-tree_k1_D6,0.027469135802469125,nursery
parity5,tree_k2-tree_k1_D6,-0.1,parity5
parity5+5,tree_k2-tree_k1_D6,0.18790035587188614,parity5
penguins,tree_k2-tree_k1_D6,0.01666666666666683,penguins
postoperative_patient_data,tree_k2-tree_k1_D6,0.054545454545454675,postoperative_patient_data
prnn_synth,tree_k2-tree_k1_D6,-0.015873015873015817,prnn_synth
soybean,tree_k2-tree_k1_D6,0.053254437869822424,soybean
spect,tree_k2-tree_k1_D6,0.011940298507462699,spect
tae,tree_k2-tree_k1_D6,0.015789473684210575,tae
threeOf9,tree_k2-tree_k1_D6,-0.018750000000000044,threeOf9
tic_tac_toe,tree_k2-tree_k1_D6,0.016666666666666607,tic_tac_toe
xd6,tree_k2-tree_k1_D6,-0.0057377049180327155,xd6
GAMETES_Epistasis_2_Way_20atts_0.1H_EDM_1_1,sighted2_20-greedy20_D6,0.08450000000000002,GAMETES
GAMETES_Epistasis_2_Way_20atts_0.4H_EDM_1_1,sighted2_20-greedy20_D6,0.0754999999999999,GAMETES
GAMETES_Epistasis_3_Way_20atts_0.2H_EDM_1_1,sighted2_20-greedy20_D6,0.09649999999999992,GAMETES
GAMETES_Heterogeneity_20atts_1600_Het_0.4_0.2_50_EDM_2_001,sighted2_20-greedy20_D6,0.08450000000000002,GAMETES
GAMETES_Heterogeneity_20atts_1600_Het_0.4_0.2_75_EDM_2_001,sighted2_20-greedy20_D6,0.09599999999999997,GAMETES
analcatdata_aids,sighted2_20-greedy20_D6,-0.38461538461538464,analcatdata_aids
analcatdata_asbestos,sighted2_20-greedy20_D6,-0.02857142857142858,analcatdata_asbestos
analcatdata_bankruptcy,sighted2_20-greedy20_D6,-0.10769230769230775,analcatdata_bankruptcy
analcatdata_boxing1,sighted2_20-greedy20_D6,-0.09333333333333338,analcatdata_boxing1
analcatdata_boxing2,sighted2_20-greedy20_D6,-0.048484848484848575,analcatdata_boxing2
analcatdata_creditscore,sighted2_20-greedy20_D6,-0.07999999999999985,analcatdata_creditscore
analcatdata_cyyoung8092,sighted2_20-greedy20_D6,-0.05600000000000005,analcatdata_cyyoung
analcatdata_cyyoung9302,sighted2_20-greedy20_D6,-0.0608695652173914,analcatdata_cyyoung
analcatdata_dmft,sighted2_20-greedy20_D6,-0.01300000000000004,analcatdata_dmft
analcatdata_fraud,sighted2_20-greedy20_D6,-0.018181818181818188,analcatdata_fraud
analcatdata_germangss,sighted2_20-greedy20_D6,-0.014000000000000012,analcatdata_germangss
analcatdata_happiness,sighted2_20-greedy20_D6,-0.07999999999999996,analcatdata_happiness
analcatdata_japansolvent,sighted2_20-greedy20_D6,0.06153846153846154,analcatdata_japansolvent
analcatdata_lawsuit,sighted2_20-greedy20_D6,-0.012121212121212088,analcatdata_lawsuit
appendicitis,sighted2_20-greedy20_D6,0.007407407407407418,appendicitis
balance_scale,sighted2_20-greedy20_D6,-0.006369426751592355,balance_scale
breast_cancer,sighted2_20-greedy20_D6,0.025000000000000022,breast_cancer
bupa,sighted2_20-greedy20_D6,-0.01839080459770126,bupa
car_evaluation,sighted2_20-greedy20_D6,-0.0064814814814814214,car_evaluation
cloud,sighted2_20-greedy20_D6,0.25185185185185177,cloud
confidence,sighted2_20-greedy20_D6,0.022222222222222143,confidence
corral,sighted2_20-greedy20_D6,0.0,corral
dermatology,sighted2_20-greedy20_D6,-0.01521739130434785,dermatology
ecoli,sighted2_20-greedy20_D6,0.0024390243902437936,ecoli
flags,sighted2_20-greedy20_D6,-0.004444444444444473,flags
haberman,sighted2_20-greedy20_D6,-0.03376623376623378,haberman
hayes_roth,sighted2_20-greedy20_D6,-0.10000000000000009,hayes_roth
iris,sighted2_20-greedy20_D6,-0.015789473684210464,iris
irish,sighted2_20-greedy20_D6,-0.008000000000000007,irish
labor,sighted2_20-greedy20_D6,-0.02666666666666684,labor
led24,sighted2_20-greedy20_D6,0.0040000000000000036,led
led7,sighted2_20-greedy20_D6,-0.0010000000000000009,led
lupus,sighted2_20-greedy20_D6,0.018181818181818188,lupus
lymphography,sighted2_20-greedy20_D6,0.021621621621621512,lymphography
mofn_3_7_10,sighted2_20-greedy20_D6,-0.0024169184290029344,mofn_3_7_10
monk1,sighted2_20-greedy20_D6,0.031654676258992875,monk
monk2,sighted2_20-greedy20_D6,0.039735099337748325,monk
monk3,sighted2_20-greedy20_D6,-0.005755395683453179,monk
mux6,sighted2_20-greedy20_D6,-0.050000000000000044,mux6
new_thyroid,sighted2_20-greedy20_D6,-0.007407407407407418,new_thyroid
nursery,sighted2_20-greedy20_D6,0.019444444444444486,nursery
parity5,sighted2_20-greedy20_D6,-0.025,parity5
parity5+5,sighted2_20-greedy20_D6,0.2854092526690391,parity5
penguins,sighted2_20-greedy20_D6,0.011904761904762085,penguins
postoperative_patient_data,sighted2_20-greedy20_D6,-0.08181818181818179,postoperative_patient_data
prnn_synth,sighted2_20-greedy20_D6,0.02539682539682553,prnn_synth
soybean,sighted2_20-greedy20_D6,0.01893491124260349,soybean
spect,sighted2_20-greedy20_D6,-0.0029850746268658135,spect
tae,sighted2_20-greedy20_D6,0.015789473684210575,tae
threeOf9,sighted2_20-greedy20_D6,-0.012499999999999956,threeOf9
tic_tac_toe,sighted2_20-greedy20_D6,0.04500000000000004,tic_tac_toe
xd6,sighted2_20-greedy20_D6,0.0016393442622950616,xd6
GAMETES_Epistasis_2_Way_20atts_0.1H_EDM_1_1,mix10_100-greedy100_D6,0.029000000000000026,GAMETES
GAMETES_Epistasis_2_Way_20atts_0.4H_EDM_1_1,mix10_100-greedy100_D6,0.029000000000000026,GAMETES
GAMETES_Epistasis_3_Way_20atts_0.2H_EDM_1_1,mix10_100-greedy100_D6,0.02100000000000002,GAMETES
GAMETES_Heterogeneity_20atts_1600_Het_0.4_0.2_50_EDM_2_001,mix10_100-greedy100_D6,0.02399999999999991,GAMETES
GAMETES_Heterogeneity_20atts_1600_Het_0.4_0.2_75_EDM_2_001,mix10_100-greedy100_D6,0.038000000000000034,GAMETES
analcatdata_aids,mix10_100-greedy100_D6,-0.03076923076923077,analcatdata_aids
analcatdata_asbestos,mix10_100-greedy100_D6,-0.00952380952380949,analcatdata_asbestos
analcatdata_bankruptcy,mix10_100-greedy100_D6,-0.01538461538461533,analcatdata_bankruptcy
analcatdata_boxing1,mix10_100-greedy100_D6,-0.013333333333333308,analcatdata_boxing1
analcatdata_boxing2,mix10_100-greedy100_D6,-0.006060606060605989,analcatdata_boxing2
analcatdata_creditscore,mix10_100-greedy100_D6,0.008000000000000007,analcatdata_creditscore
analcatdata_cyyoung8092,mix10_100-greedy100_D6,-0.008000000000000007,analcatdata_cyyoung
analcatdata_cyyoung9302,mix10_100-greedy100_D6,0.008695652173913104,analcatdata_cyyoung
analcatdata_dmft,mix10_100-greedy100_D6,0.002999999999999975,analcatdata_dmft
analcatdata_fraud,mix10_100-greedy100_D6,0.036363636363636376,analcatdata_fraud
analcatdata_germangss,mix10_100-greedy100_D6,-0.016000000000000014,analcatdata_germangss
analcatdata_happiness,mix10_100-greedy100_D6,-0.013333333333333364,analcatdata_happiness
analcatdata_japansolvent,mix10_100-greedy100_D6,0.06153846153846154,analcatdata_japansolvent
analcatdata_lawsuit,mix10_100-greedy100_D6,0.0,analcatdata_lawsuit
appendicitis,mix10_100-greedy100_D6,0.0,appendicitis
balance_scale,mix10_100-greedy100_D6,-0.001273885350318582,balance_scale
breast_cancer,mix10_100-greedy100_D6,-0.008333333333333304,breast_cancer
bupa,mix10_100-greedy100_D6,-0.006896551724137945,bupa
car_evaluation,mix10_100-greedy100_D6,0.0023148148148148806,car_evaluation
cloud,mix10_100-greedy100_D6,0.014814814814814836,cloud
confidence,mix10_100-greedy100_D6,0.0,confidence
corral,mix10_100-greedy100_D6,0.0,corral
dermatology,mix10_100-greedy100_D6,0.0021739130434783593,dermatology
ecoli,mix10_100-greedy100_D6,0.0,ecoli
flags,mix10_100-greedy100_D6,-0.008888888888888946,flags
haberman,mix10_100-greedy100_D6,0.0,haberman
hayes_roth,mix10_100-greedy100_D6,-0.0050000000000000044,hayes_roth
iris,mix10_100-greedy100_D6,-0.0052631578947368585,iris
irish,mix10_100-greedy100_D6,0.0,irish
labor,mix10_100-greedy100_D6,-0.013333333333333197,labor
led24,mix10_100-greedy100_D6,-0.0014999999999999458,led
led7,mix10_100-greedy100_D6,-0.0004999999999999449,led
lupus,mix10_100-greedy100_D6,0.018181818181818188,lupus
lymphography,mix10_100-greedy100_D6,0.0,lymphography
mofn_3_7_10,mix10_100-greedy100_D6,-0.0006042296072508169,mofn_3_7_10
monk1,mix10_100-greedy100_D6,0.012949640287769681,monk
monk2,mix10_100-greedy100_D6,0.007947019867549643,monk
monk3,mix10_100-greedy100_D6,0.0,monk
mux6,mix10_100-greedy100_D6,-0.012499999999999956,mux6
new_thyroid,mix10_100-greedy100_D6,0.0,new_thyroid
nursery,mix10_100-greedy100_D6,0.002530864197530902,nursery
parity5,mix10_100-greedy100_D6,0.0,parity5
parity5+5,mix10_100-greedy100_D6,0.04199288256227751,parity5
penguins,mix10_100-greedy100_D6,0.0023809523809525945,penguins
postoperative_patient_data,mix10_100-greedy100_D6,-0.0181818181818183,postoperative_patient_data
prnn_synth,mix10_100-greedy100_D6,0.006349206349206327,prnn_synth
soybean,mix10_100-greedy100_D6,0.014201183431952757,soybean
spect,mix10_100-greedy100_D6,0.005970149253731516,spect
tae,mix10_100-greedy100_D6,-0.0052631578947367474,tae
threeOf9,mix10_100-greedy100_D6,0.0,threeOf9
tic_tac_toe,mix10_100-greedy100_D6,0.0016666666666668162,tic_tac_toe
xd6,mix10_100-greedy100_D6,0.0,xd6
GAMETES_Epistasis_2_Way_20atts_0.1H_EDM_1_1,tree_k2_D6-cart_tuned,0.11749999999999994,GAMETES
GAMETES_Epistasis_2_Way_20atts_0.4H_EDM_1_1,tree_k2_D6-cart_tuned,0.20500000000000007,GAMETES
GAMETES_Epistasis_3_Way_20atts_0.2H_EDM_1_1,tree_k2_D6-cart_tuned,0.017000000000000126,GAMETES
GAMETES_Heterogeneity_20atts_1600_Het_0.4_0.2_50_EDM_2_001,tree_k2_D6-cart_tuned,0.11850000000000005,GAMETES
GAMETES_Heterogeneity_20atts_1600_Het_0.4_0.2_75_EDM_2_001,tree_k2_D6-cart_tuned,0.18199999999999994,GAMETES
analcatdata_aids,tree_k2_D6-cart_tuned,-0.19999999999999996,analcatdata_aids
analcatdata_asbestos,tree_k2_D6-cart_tuned,-0.04761904761904756,analcatdata_asbestos
analcatdata_bankruptcy,tree_k2_D6-cart_tuned,-0.0461538461538461,analcatdata_bankruptcy
analcatdata_boxing1,tree_k2_D6-cart_tuned,-0.12,analcatdata_boxing1
analcatdata_boxing2,tree_k2_D6-cart_tuned,-0.10303030303030303,analcatdata_boxing2
analcatdata_creditscore,tree_k2_D6-cart_tuned,-0.10399999999999987,analcatdata_creditscore
analcatdata_cyyoung8092,tree_k2_D6-cart_tuned,-0.08000000000000007,analcatdata_cyyoung
analcatdata_cyyoung9302,tree_k2_D6-cart_tuned,-0.008695652173912993,analcatdata_cyyoung
analcatdata_dmft,tree_k2_D6-cart_tuned,0.01100000000000001,analcatdata_dmft
analcatdata_fraud,tree_k2_D6-cart_tuned,-0.1454545454545454,analcatdata_fraud
analcatdata_germangss,tree_k2_D6-cart_tuned,-0.028000000000000025,analcatdata_germangss
analcatdata_happiness,tree_k2_D6-cart_tuned,-0.026666666666666672,analcatdata_happiness
analcatdata_japansolvent,tree_k2_D6-cart_tuned,-0.15384615384615385,analcatdata_japansolvent
analcatdata_lawsuit,tree_k2_D6-cart_tuned,-0.015151515151515027,analcatdata_lawsuit
appendicitis,tree_k2_D6-cart_tuned,-0.014814814814814836,appendicitis
balance_scale,tree_k2_D6-cart_tuned,0.0,balance_scale
breast_cancer,tree_k2_D6-cart_tuned,-0.08611111111111114,breast_cancer
bupa,tree_k2_D6-cart_tuned,-0.009195402298850408,bupa
car_evaluation,tree_k2_D6-cart_tuned,-0.07546296296296295,car_evaluation
cloud,tree_k2_D6-cart_tuned,0.39259259259259255,cloud
confidence,tree_k2_D6-cart_tuned,-0.06666666666666676,confidence
corral,tree_k2_D6-cart_tuned,0.0,corral
dermatology,tree_k2_D6-cart_tuned,0.0,dermatology
ecoli,tree_k2_D6-cart_tuned,-0.051219512195121886,ecoli
flags,tree_k2_D6-cart_tuned,0.0044444444444444176,flags
haberman,tree_k2_D6-cart_tuned,-0.05714285714285716,haberman
hayes_roth,tree_k2_D6-cart_tuned,-0.040000000000000036,hayes_roth
iris,tree_k2_D6-cart_tuned,-0.05263157894736836,iris
irish,tree_k2_D6-cart_tuned,-0.0048000000000000265,irish
labor,tree_k2_D6-cart_tuned,0.05333333333333323,labor
led24,tree_k2_D6-cart_tuned,-0.0017499999999999183,led
led7,tree_k2_D6-cart_tuned,-0.0020000000000000018,led
lupus,tree_k2_D6-cart_tuned,-0.018181818181818077,lupus
lymphography,tree_k2_D6-cart_tuned,-0.01621621621621616,lymphography
mofn_3_7_10,tree_k2_D6-cart_tuned,-0.18429003021148027,mofn_3_7_10
monk1,tree_k2_D6-cart_tuned,0.0,monk
monk2,tree_k2_D6-cart_tuned,0.025165562913907258,monk
monk3,tree_k2_D6-cart_tuned,-0.007194244604316502,monk
mux6,tree_k2_D6-cart_tuned,0.0,mux6
new_thyroid,tree_k2_D6-cart_tuned,0.014814814814814836,new_thyroid
nursery,tree_k2_D6-cart_tuned,-0.07895061728395059,nursery
parity5,tree_k2_D6-cart_tuned,-0.15,parity5
parity5+5,tree_k2_D6-cart_tuned,-0.11886120996441285,parity5
penguins,tree_k2_D6-cart_tuned,0.014285714285714457,penguins
postoperative_patient_data,tree_k2_D6-cart_tuned,-0.07272727272727275,postoperative_patient_data
prnn_synth,tree_k2_D6-cart_tuned,-0.015873015873015817,prnn_synth
soybean,tree_k2_D6-cart_tuned,-0.053254437869822424,soybean
spect,tree_k2_D6-cart_tuned,-0.08059701492537319,spect
tae,tree_k2_D6-cart_tuned,-0.0368421052631579,tae
threeOf9,tree_k2_D6-cart_tuned,-0.03281250000000002,threeOf9
tic_tac_toe,tree_k2_D6-cart_tuned,-0.05166666666666675,tic_tac_toe
xd6,tree_k2_D6-cart_tuned,-0.04672131147540981,xd6
GAMETES_Epistasis_2_Way_20atts_0.1H_EDM_1_1,mix10_100_D6-rf_tuned,0.04200000000000004,GAMETES
GAMETES_Epistasis_2_Way_20atts_0.4H_EDM_1_1,mix10_100_D6-rf_tuned,0.03100000000000014,GAMETES
GAMETES_Epistasis_3_Way_20atts_0.2H_EDM_1_1,mix10_100_D6-rf_tuned,-0.00550000000000006,GAMETES
GAMETES_Heterogeneity_20atts_1600_Het_0.4_0.2_50_EDM_2_001,mix10_100_D6-rf_tuned,0.020999999999999908,GAMETES
GAMETES_Heterogeneity_20atts_1600_Het_0.4_0.2_75_EDM_2_001,mix10_100_D6-rf_tuned,0.033500000000000085,GAMETES
analcatdata_aids,mix10_100_D6-rf_tuned,-0.06153846153846154,analcatdata_aids
analcatdata_asbestos,mix10_100_D6-rf_tuned,-0.01904761904761909,analcatdata_asbestos
analcatdata_bankruptcy,mix10_100_D6-rf_tuned,0.0461538461538461,analcatdata_bankruptcy
analcatdata_boxing1,mix10_100_D6-rf_tuned,0.006666666666666599,analcatdata_boxing1
analcatdata_boxing2,mix10_100_D6-rf_tuned,-0.012121212121212088,analcatdata_boxing2
analcatdata_creditscore,mix10_100_D6-rf_tuned,-0.016000000000000014,analcatdata_creditscore
analcatdata_cyyoung8092,mix10_100_D6-rf_tuned,0.0,analcatdata_cyyoung
analcatdata_cyyoung9302,mix10_100_D6-rf_tuned,0.008695652173913104,analcatdata_cyyoung
analcatdata_dmft,mix10_100_D6-rf_tuned,-0.014000000000000012,analcatdata_dmft
analcatdata_fraud,mix10_100_D6-rf_tuned,-0.018181818181818188,analcatdata_fraud
analcatdata_germangss,mix10_100_D6-rf_tuned,-0.07400000000000001,analcatdata_germangss
analcatdata_happiness,mix10_100_D6-rf_tuned,-0.06666666666666671,analcatdata_happiness
analcatdata_japansolvent,mix10_100_D6-rf_tuned,-0.06153846153846154,analcatdata_japansolvent
analcatdata_lawsuit,mix10_100_D6-rf_tuned,0.0,analcatdata_lawsuit
appendicitis,mix10_100_D6-rf_tuned,-0.029629629629629672,appendicitis
balance_scale,mix10_100_D6-rf_tuned,-0.017834394904458706,balance_scale
breast_cancer,mix10_100_D6-rf_tuned,-0.02777777777777779,breast_cancer
bupa,mix10_100_D6-rf_tuned,0.01379310344827589,bupa
car_evaluation,mix10_100_D6-rf_tuned,-0.04120370370370363,car_evaluation
cloud,mix10_100_D6-rf_tuned,0.05925925925925929,cloud
confidence,mix10_100_D6-rf_tuned,0.0,confidence
corral,mix10_100_D6-rf_tuned,0.0,corral
dermatology,mix10_100_D6-rf_tuned,0.004347826086956608,dermatology
ecoli,mix10_100_D6-rf_tuned,-0.019512195121951237,ecoli
flags,mix10_100_D6-rf_tuned,0.0044444444444444176,flags
haberman,mix10_100_D6-rf_tuned,-0.0051948051948051965,haberman
hayes_roth,mix10_100_D6-rf_tuned,-0.010000000000000009,hayes_roth
iris,mix10_100_D6-rf_tuned,-0.0052631578947368585,iris
irish,mix10_100_D6-rf_tuned,0.0,irish
labor,mix10_100_D6-rf_tuned,-0.06666666666666654,labor
led24,mix10_100_D6-rf_tuned,-0.007249999999999979,led
led7,mix10_100_D6-rf_tuned,-0.0024999999999999467,led
lupus,mix10_100_D6-rf_tuned,-0.05454545454545445,lupus
lymphography,mix10_100_D6-rf_tuned,0.00540540540540535,lymphography
mofn_3_7_10,mix10_100_D6-rf_tuned,-0.04894259818731117,mofn_3_7_10
monk1,mix10_100_D6-rf_tuned,-0.01726618705035976,monk
monk2,mix10_100_D6-rf_tuned,-0.0026490066225165476,monk
monk3,mix10_100_D6-rf_tuned,-0.0028776978417266452,monk
mux6,mix10_100_D6-rf_tuned,0.0,mux6
new_thyroid,mix10_100_D6-rf_tuned,-0.011111111111111072,new_thyroid
nursery,mix10_100_D6-rf_tuned,-0.0914197530864197,nursery
parity5,mix10_100_D6-rf_tuned,-0.2,parity5
parity5+5,mix10_100_D6-rf_tuned,-0.35017793594306057,parity5
penguins,mix10_100_D6-rf_tuned,-0.014285714285714235,penguins
postoperative_patient_data,mix10_100_D6-rf_tuned,-0.054545454545454675,postoperative_patient_data
prnn_synth,mix10_100_D6-rf_tuned,0.025396825396825307,prnn_synth
soybean,mix10_100_D6-rf_tuned,-0.059171597633136175,soybean
spect,mix10_100_D6-rf_tuned,0.011940298507462699,spect
tae,mix10_100_D6-rf_tuned,-0.021052631578947323,tae
threeOf9,mix10_100_D6-rf_tuned,0.0015625000000000222,threeOf9
tic_tac_toe,mix10_100_D6-rf_tuned,-0.044166666666666576,tic_tac_toe
xd6,mix10_100_D6-rf_tuned,0.0,xd6
GAMETES_Epistasis_2_Way_20atts_0.1H_EDM_1_1,tree_k2-cart_fixed_D6,0.11650000000000005,GAMETES
GAMETES_Epistasis_2_Way_20atts_0.4H_EDM_1_1,tree_k2-cart_fixed_D6,0.2490000000000001,GAMETES
GAMETES_Epistasis_3_Way_20atts_0.2H_EDM_1_1,tree_k2-cart_fixed_D6,0.04200000000000004,GAMETES
GAMETES_Heterogeneity_20atts_1600_Het_0.4_0.2_50_EDM_2_001,tree_k2-cart_fixed_D6,0.14,GAMETES
GAMETES_Heterogeneity_20atts_1600_Het_0.4_0.2_75_EDM_2_001,tree_k2-cart_fixed_D6,0.1995,GAMETES
analcatdata_aids,tree_k2-cart_fixed_D6,-0.18461538461538451,analcatdata_aids
analcatdata_asbestos,tree_k2-cart_fixed_D6,-0.04761904761904756,analcatdata_asbestos
analcatdata_bankruptcy,tree_k2-cart_fixed_D6,-0.0461538461538461,analcatdata_bankruptcy
analcatdata_boxing1,tree_k2-cart_fixed_D6,-0.15333333333333332,analcatdata_boxing1
analcatdata_boxing2,tree_k2-cart_fixed_D6,-0.06060606060606066,analcatdata_boxing2
analcatdata_creditscore,tree_k2-cart_fixed_D6,-0.08799999999999986,analcatdata_creditscore
analcatdata_cyyoung8092,tree_k2-cart_fixed_D6,-0.07200000000000006,analcatdata_cyyoung
analcatdata_cyyoung9302,tree_k2-cart_fixed_D6,-0.06956521739130428,analcatdata_cyyoung
analcatdata_dmft,tree_k2-cart_fixed_D6,0.0040000000000000036,analcatdata_dmft
analcatdata_fraud,tree_k2-cart_fixed_D6,-0.018181818181818077,analcatdata_fraud
analcatdata_germangss,tree_k2-cart_fixed_D6,-0.030000000000000027,analcatdata_germangss
analcatdata_happiness,tree_k2-cart_fixed_D6,-0.040000000000000036,analcatdata_happiness
analcatdata_japansolvent,tree_k2-cart_fixed_D6,-0.07692307692307698,analcatdata_japansolvent
analcatdata_lawsuit,tree_k2-cart_fixed_D6,-0.012121212121212088,analcatdata_lawsuit
appendicitis,tree_k2-cart_fixed_D6,0.007407407407407418,appendicitis
balance_scale,tree_k2-cart_fixed_D6,0.005095541401273884,balance_scale
breast_cancer,tree_k2-cart_fixed_D6,-0.07499999999999996,breast_cancer
bupa,tree_k2-cart_fixed_D6,-0.03678160919540219,bupa
car_evaluation,tree_k2-cart_fixed_D6,-0.021759259259259145,car_evaluation
cloud,tree_k2-cart_fixed_D6,0.42222222222222217,cloud
confidence,tree_k2-cart_fixed_D6,-0.022222222222222254,confidence
corral,tree_k2-cart_fixed_D6,0.0,corral
dermatology,tree_k2-cart_fixed_D6,0.0,dermatology
ecoli,tree_k2-cart_fixed_D6,-0.034146341463414664,ecoli
flags,tree_k2-cart_fixed_D6,0.013333333333333253,flags
haberman,tree_k2-cart_fixed_D6,-0.04155844155844157,haberman
hayes_roth,tree_k2-cart_fixed_D6,-0.05500000000000005,hayes_roth
iris,tree_k2-cart_fixed_D6,-0.06315789473684219,iris
irish,tree_k2-cart_fixed_D6,-0.0048000000000000265,irish
labor,tree_k2-cart_fixed_D6,0.026666666666666505,labor
led24,tree_k2-cart_fixed_D6,-0.0044999999999999485,led
led7,tree_k2-cart_fixed_D6,0.008499999999999952,led
lupus,tree_k2-cart_fixed_D6,-0.027272727272727226,lupus
lymphography,tree_k2-cart_fixed_D6,-0.06486486486486487,lymphography
mofn_3_7_10,tree_k2-cart_fixed_D6,-0.0060422960725075026,mofn_3_7_10
monk1,tree_k2-cart_fixed_D6,0.10503597122302166,monk
monk2,tree_k2-cart_fixed_D6,0.06490066225165558,monk
monk3,tree_k2-cart_fixed_D6,-0.004316546762589857,monk
mux6,tree_k2-cart_fixed_D6,0.0,mux6
new_thyroid,tree_k2-cart_fixed_D6,0.007407407407407418,new_thyroid
nursery,tree_k2-cart_fixed_D6,0.027469135802469125,nursery
parity5,tree_k2-cart_fixed_D6,-0.1,parity5
parity5+5,tree_k2-cart_fixed_D6,0.19501779359430604,parity5
penguins,tree_k2-cart_fixed_D6,0.00952380952380949,penguins
postoperative_patient_data,tree_k2-cart_fixed_D6,0.0,postoperative_patient_data
prnn_synth,tree_k2-cart_fixed_D6,-0.00952380952380949,prnn_synth
soybean,tree_k2-cart_fixed_D6,0.04615384615384621,soybean
spect,tree_k2-cart_fixed_D6,0.0,spect
tae,tree_k2-cart_fixed_D6,0.010526315789473717,tae
threeOf9,tree_k2-cart_fixed_D6,-0.021874999999999978,threeOf9
tic_tac_toe,tree_k2-cart_fixed_D6,0.01416666666666655,tic_tac_toe
xd6,tree_k2-cart_fixed_D6,-0.004918032786885296,xd6
GAMETES_Epistasis_2_Way_20atts_0.1H_EDM_1_1,cart_mix10_100-cart_bag100_D6,0.02299999999999991,GAMETES
GAMETES_Epistasis_2_Way_20atts_0.4H_EDM_1_1,cart_mix10_100-cart_bag100_D6,0.02749999999999997,GAMETES
GAMETES_Epistasis_3_Way_20atts_0.2H_EDM_1_1,cart_mix10_100-cart_bag100_D6,0.018000000000000016,GAMETES
GAMETES_Heterogeneity_20atts_1600_Het_0.4_0.2_50_EDM_2_001,cart_mix10_100-cart_bag100_D6,0.020000000000000018,GAMETES
GAMETES_Heterogeneity_20atts_1600_Het_0.4_0.2_75_EDM_2_001,cart_mix10_100-cart_bag100_D6,0.04200000000000004,GAMETES
analcatdata_aids,cart_mix10_100-cart_bag100_D6,0.0,analcatdata_aids
analcatdata_asbestos,cart_mix10_100-cart_bag100_D6,0.0,analcatdata_asbestos
analcatdata_bankruptcy,cart_mix10_100-cart_bag100_D6,-0.01538461538461533,analcatdata_bankruptcy
analcatdata_boxing1,cart_mix10_100-cart_bag100_D6,-0.019999999999999907,analcatdata_boxing1
analcatdata_boxing2,cart_mix10_100-cart_bag100_D6,-0.0060606060606061,analcatdata_boxing2
analcatdata_creditscore,cart_mix10_100-cart_bag100_D6,0.0,analcatdata_creditscore
analcatdata_cyyoung8092,cart_mix10_100-cart_bag100_D6,-0.008000000000000007,analcatdata_cyyoung
analcatdata_cyyoung9302,cart_mix10_100-cart_bag100_D6,0.008695652173913104,analcatdata_cyyoung
analcatdata_dmft,cart_mix10_100-cart_bag100_D6,0.0020000000000000573,analcatdata_dmft
analcatdata_fraud,cart_mix10_100-cart_bag100_D6,0.054545454545454564,analcatdata_fraud
analcatdata_germangss,cart_mix10_100-cart_bag100_D6,-0.01200000000000001,analcatdata_germangss
analcatdata_happiness,cart_mix10_100-cart_bag100_D6,0.0,analcatdata_happiness
analcatdata_japansolvent,cart_mix10_100-cart_bag100_D6,0.03076923076923077,analcatdata_japansolvent
analcatdata_lawsuit,cart_mix10_100-cart_bag100_D6,0.0,analcatdata_lawsuit
appendicitis,cart_mix10_100-cart_bag100_D6,0.007407407407407307,appendicitis
balance_scale,cart_mix10_100-cart_bag100_D6,0.003821656050955524,balance_scale
breast_cancer,cart_mix10_100-cart_bag100_D6,-0.002777777777777879,breast_cancer
bupa,cart_mix10_100-cart_bag100_D6,0.0022988505747126853,bupa
car_evaluation,cart_mix10_100-cart_bag100_D6,0.0023148148148148806,car_evaluation
cloud,cart_mix10_100-cart_bag100_D6,0.029629629629629672,cloud
confidence,cart_mix10_100-cart_bag100_D6,0.011111111111111183,confidence
corral,cart_mix10_100-cart_bag100_D6,0.0,corral
dermatology,cart_mix10_100-cart_bag100_D6,0.0021739130434782483,dermatology
ecoli,cart_mix10_100-cart_bag100_D6,0.0,ecoli
flags,cart_mix10_100-cart_bag100_D6,-0.017777777777777837,flags
haberman,cart_mix10_100-cart_bag100_D6,0.0051948051948051965,haberman
hayes_roth,cart_mix10_100-cart_bag100_D6,-0.010000000000000009,hayes_roth
iris,cart_mix10_100-cart_bag100_D6,0.0,iris
irish,cart_mix10_100-cart_bag100_D6,0.0,irish
labor,cart_mix10_100-cart_bag100_D6,-0.01333333333333353,labor
led24,cart_mix10_100-cart_bag100_D6,-0.0010000000000000009,led
led7,cart_mix10_100-cart_bag100_D6,0.0,led
lupus,cart_mix10_100-cart_bag100_D6,0.0,lupus
lymphography,cart_mix10_100-cart_bag100_D6,0.01621621621621616,lymphography
mofn_3_7_10,cart_mix10_100-cart_bag100_D6,0.0006042296072505948,mofn_3_7_10
monk1,cart_mix10_100-cart_bag100_D6,0.012949640287769681,monk
monk2,cart_mix10_100-cart_bag100_D6,0.005298013245033206,monk
monk3,cart_mix10_100-cart_bag100_D6,0.0,monk
mux6,cart_mix10_100-cart_bag100_D6,-0.012499999999999956,mux6
new_thyroid,cart_mix10_100-cart_bag100_D6,0.0,new_thyroid
nursery,cart_mix10_100-cart_bag100_D6,0.002530864197530902,nursery
parity5,cart_mix10_100-cart_bag100_D6,0.0,parity5
parity5+5,cart_mix10_100-cart_bag100_D6,0.046975088967971534,parity5
penguins,cart_mix10_100-cart_bag100_D6,0.0,penguins
postoperative_patient_data,cart_mix10_100-cart_bag100_D6,0.0,postoperative_patient_data
prnn_synth,cart_mix10_100-cart_bag100_D6,-0.0031746031746031633,prnn_synth
soybean,cart_mix10_100-cart_bag100_D6,0.010650887573964596,soybean
spect,cart_mix10_100-cart_bag100_D6,0.0,spect
tae,cart_mix10_100-cart_bag100_D6,0.010526315789473717,tae
threeOf9,cart_mix10_100-cart_bag100_D6,0.0,threeOf9
tic_tac_toe,cart_mix10_100-cart_bag100_D6,0.0016666666666665941,tic_tac_toe
xd6,cart_mix10_100-cart_bag100_D6,0.0,xd6
GAMETES_Epistasis_2_Way_20atts_0.1H_EDM_1_1,cart_mix10_100_D6-rf_tuned,0.04200000000000004,GAMETES
GAMETES_Epistasis_2_Way_20atts_0.4H_EDM_1_1,cart_mix10_100_D6-rf_tuned,0.03100000000000014,GAMETES
GAMETES_Epistasis_3_Way_20atts_0.2H_EDM_1_1,cart_mix10_100_D6-rf_tuned,-0.008500000000000063,GAMETES
GAMETES_Heterogeneity_20atts_1600_Het_0.4_0.2_50_EDM_2_001,cart_mix10_100_D6-rf_tuned,0.021500000000000075,GAMETES
GAMETES_Heterogeneity_20atts_1600_Het_0.4_0.2_75_EDM_2_001,cart_mix10_100_D6-rf_tuned,0.033500000000000085,GAMETES
analcatdata_aids,cart_mix10_100_D6-rf_tuned,-0.03076923076923077,analcatdata_aids
analcatdata_asbestos,cart_mix10_100_D6-rf_tuned,-0.009523809523809601,analcatdata_asbestos
analcatdata_bankruptcy,cart_mix10_100_D6-rf_tuned,0.0,analcatdata_bankruptcy
analcatdata_boxing1,cart_mix10_100_D6-rf_tuned,0.0,analcatdata_boxing1
analcatdata_boxing2,cart_mix10_100_D6-rf_tuned,-0.0060606060606061,analcatdata_boxing2
analcatdata_creditscore,cart_mix10_100_D6-rf_tuned,-0.02400000000000002,analcatdata_creditscore
analcatdata_cyyoung8092,cart_mix10_100_D6-rf_tuned,-0.008000000000000007,analcatdata_cyyoung
analcatdata_cyyoung9302,cart_mix10_100_D6-rf_tuned,0.01739130434782621,analcatdata_cyyoung
analcatdata_dmft,cart_mix10_100_D6-rf_tuned,-0.014999999999999986,analcatdata_dmft
analcatdata_fraud,cart_mix10_100_D6-rf_tuned,-0.018181818181818188,analcatdata_fraud
analcatdata_germangss,cart_mix10_100_D6-rf_tuned,-0.064,analcatdata_germangss
analcatdata_happiness,cart_mix10_100_D6-rf_tuned,-0.06666666666666671,analcatdata_happiness
analcatdata_japansolvent,cart_mix10_100_D6-rf_tuned,-0.01538461538461533,analcatdata_japansolvent
analcatdata_lawsuit,cart_mix10_100_D6-rf_tuned,0.009090909090909038,analcatdata_lawsuit
appendicitis,cart_mix10_100_D6-rf_tuned,0.007407407407407307,appendicitis
balance_scale,cart_mix10_100_D6-rf_tuned,-0.014012738853503182,balance_scale
breast_cancer,cart_mix10_100_D6-rf_tuned,-0.01388888888888895,breast_cancer
bupa,cart_mix10_100_D6-rf_tuned,0.02758620689655178,bupa
car_evaluation,cart_mix10_100_D6-rf_tuned,-0.04120370370370363,car_evaluation
cloud,cart_mix10_100_D6-rf_tuned,0.05925925925925929,cloud
confidence,cart_mix10_100_D6-rf_tuned,0.033333333333333326,confidence
corral,cart_mix10_100_D6-rf_tuned,0.0,corral
dermatology,cart_mix10_100_D6-rf_tuned,0.0021739130434782483,dermatology
ecoli,cart_mix10_100_D6-rf_tuned,-0.019512195121951237,ecoli
flags,cart_mix10_100_D6-rf_tuned,0.0,flags
haberman,cart_mix10_100_D6-rf_tuned,-0.0051948051948051965,haberman
hayes_roth,cart_mix10_100_D6-rf_tuned,-0.015000000000000013,hayes_roth
iris,cart_mix10_100_D6-rf_tuned,0.0052631578947367474,iris
irish,cart_mix10_100_D6-rf_tuned,0.0,irish
labor,cart_mix10_100_D6-rf_tuned,-0.053333333333333344,labor
led24,cart_mix10_100_D6-rf_tuned,-0.007249999999999979,led
led7,cart_mix10_100_D6-rf_tuned,-0.0020000000000000018,led
lupus,cart_mix10_100_D6-rf_tuned,-0.045454545454545414,lupus
lymphography,cart_mix10_100_D6-rf_tuned,0.00540540540540535,lymphography
mofn_3_7_10,cart_mix10_100_D6-rf_tuned,-0.046525679758308236,mofn_3_7_10
monk1,cart_mix10_100_D6-rf_tuned,-0.01726618705035976,monk
monk2,cart_mix10_100_D6-rf_tuned,0.0,monk
monk3,cart_mix10_100_D6-rf_tuned,-0.0014388489208633226,monk
mux6,cart_mix10_100_D6-rf_tuned,0.0,mux6
new_thyroid,cart_mix10_100_D6-rf_tuned,-0.014814814814814836,new_thyroid
nursery,cart_mix10_100_D6-rf_tuned,-0.0914197530864197,nursery
parity5,cart_mix10_100_D6-rf_tuned,-0.2,parity5
parity5+5,cart_mix10_100_D6-rf_tuned,-0.3487544483985765,parity5
penguins,cart_mix10_100_D6-rf_tuned,-0.014285714285714457,penguins
postoperative_patient_data,cart_mix10_100_D6-rf_tuned,-0.027272727272727337,postoperative_patient_data
prnn_synth,cart_mix10_100_D6-rf_tuned,0.012698412698412653,prnn_synth
soybean,cart_mix10_100_D6-rf_tuned,-0.05443786982248522,soybean
spect,cart_mix10_100_D6-rf_tuned,0.020895522388059695,spect
tae,cart_mix10_100_D6-rf_tuned,-0.02631578947368418,tae
threeOf9,cart_mix10_100_D6-rf_tuned,0.0015625000000000222,threeOf9
tic_tac_toe,cart_mix10_100_D6-rf_tuned,-0.04583333333333339,tic_tac_toe
xd6,cart_mix10_100_D6-rf_tuned,0.0,xd6
GAMETES_Epistasis_2_Way_20atts_0.1H_EDM_1_1,tree_k2-tree_k1_DNone,0.04249999999999998,GAMETES
GAMETES_Epistasis_2_Way_20atts_0.4H_EDM_1_1,tree_k2-tree_k1_DNone,0.136,GAMETES
GAMETES_Epistasis_3_Way_20atts_0.2H_EDM_1_1,tree_k2-tree_k1_DNone,0.025000000000000133,GAMETES
GAMETES_Heterogeneity_20atts_1600_Het_0.4_0.2_50_EDM_2_001,tree_k2-tree_k1_DNone,0.05499999999999994,GAMETES
GAMETES_Heterogeneity_20atts_1600_Het_0.4_0.2_75_EDM_2_001,tree_k2-tree_k1_DNone,0.08899999999999997,GAMETES
analcatdata_aids,tree_k2-tree_k1_DNone,-0.323076923076923,analcatdata_aids
analcatdata_asbestos,tree_k2-tree_k1_DNone,-0.05714285714285705,analcatdata_asbestos
analcatdata_bankruptcy,tree_k2-tree_k1_DNone,-0.23076923076923084,analcatdata_bankruptcy
analcatdata_boxing1,tree_k2-tree_k1_DNone,-0.1133333333333334,analcatdata_boxing1
analcatdata_boxing2,tree_k2-tree_k1_DNone,-0.09696969696969704,analcatdata_boxing2
analcatdata_creditscore,tree_k2-tree_k1_DNone,-0.384,analcatdata_creditscore
analcatdata_cyyoung8092,tree_k2-tree_k1_DNone,-0.08000000000000007,analcatdata_cyyoung
analcatdata_cyyoung9302,tree_k2-tree_k1_DNone,-0.13043478260869568,analcatdata_cyyoung
analcatdata_dmft,tree_k2-tree_k1_DNone,-0.0010000000000000009,analcatdata_dmft
analcatdata_fraud,tree_k2-tree_k1_DNone,0.12727272727272732,analcatdata_fraud
analcatdata_germangss,tree_k2-tree_k1_DNone,-0.05199999999999999,analcatdata_germangss
analcatdata_happiness,tree_k2-tree_k1_DNone,-0.17333333333333334,analcatdata_happiness
analcatdata_japansolvent,tree_k2-tree_k1_DNone,-0.07692307692307676,analcatdata_japansolvent
analcatdata_lawsuit,tree_k2-tree_k1_DNone,-0.015151515151515249,analcatdata_lawsuit
appendicitis,tree_k2-tree_k1_DNone,0.014814814814814725,appendicitis
balance_scale,tree_k2-tree_k1_DNone,-0.001273885350318471,balance_scale
breast_cancer,tree_k2-tree_k1_DNone,-0.033333333333333326,breast_cancer
bupa,tree_k2-tree_k1_DNone,0.01839080459770126,bupa
car_evaluation,tree_k2-tree_k1_DNone,-0.21157407407407403,car_evaluation
cloud,tree_k2-tree_k1_DNone,0.2592592592592594,cloud
confidence,tree_k2-tree_k1_DNone,-0.04444444444444451,confidence
corral,tree_k2-tree_k1_DNone,0.0,corral
dermatology,tree_k2-tree_k1_DNone,-0.05434782608695665,dermatology
ecoli,tree_k2-tree_k1_DNone,-0.07560975609756104,ecoli
flags,tree_k2-tree_k1_DNone,0.0222222222222222,flags
haberman,tree_k2-tree_k1_DNone,-0.007792207792207795,haberman
hayes_roth,tree_k2-tree_k1_DNone,-0.1150000000000001,hayes_roth
iris,tree_k2-tree_k1_DNone,-0.09999999999999998,iris
irish,tree_k2-tree_k1_DNone,-0.1392,irish
labor,tree_k2-tree_k1_DNone,0.02666666666666684,labor
led24,tree_k2-tree_k1_DNone,0.028750000000000053,led
led7,tree_k2-tree_k1_DNone,0.000500000000000056,led
lupus,tree_k2-tree_k1_DNone,-0.00909090909090915,lupus
lymphography,tree_k2-tree_k1_DNone,0.00540540540540535,lymphography
mofn_3_7_10,tree_k2-tree_k1_DNone,-0.032024169184290074,mofn_3_7_10
monk1,tree_k2-tree_k1_DNone,0.012949640287769681,monk
monk2,tree_k2-tree_k1_DNone,-0.1973509933774834,monk
monk3,tree_k2-tree_k1_DNone,-0.038848920863309266,monk
mux6,tree_k2-tree_k1_DNone,-0.012499999999999956,mux6
new_thyroid,tree_k2-tree_k1_DNone,-0.025925925925925908,new_thyroid
nursery,tree_k2-tree_k1_DNone,-0.614567901234568,nursery
parity5,tree_k2-tree_k1_DNone,-0.1,parity5
parity5+5,tree_k2-tree_k1_DNone,0.1523131672597865,parity5
penguins,tree_k2-tree_k1_DNone,-0.0071428571428571175,penguins
postoperative_patient_data,tree_k2-tree_k1_DNone,0.018181818181818188,postoperative_patient_data
prnn_synth,tree_k2-tree_k1_DNone,-0.025396825396825307,prnn_synth
soybean,tree_k2-tree_k1_DNone,-0.11715976331360933,soybean
spect,tree_k2-tree_k1_DNone,0.02985074626865669,spect
tae,tree_k2-tree_k1_DNone,0.047368421052631615,tae
threeOf9,tree_k2-tree_k1_DNone,-0.11093750000000002,threeOf9
tic_tac_toe,tree_k2-tree_k1_DNone,-0.07416666666666649,tic_tac_toe
xd6,tree_k2-tree_k1_DNone,-0.03524590163934427,xd6
GAMETES_Epistasis_2_Way_20atts_0.1H_EDM_1_1,sighted2_20-greedy20_DNone,0.03550000000000009,GAMETES
GAMETES_Epistasis_2_Way_20atts_0.4H_EDM_1_1,sighted2_20-greedy20_DNone,0.05300000000000005,GAMETES
GAMETES_Epistasis_3_Way_20atts_0.2H_EDM_1_1,sighted2_20-greedy20_DNone,0.020000000000000018,GAMETES
GAMETES_Heterogeneity_20atts_1600_Het_0.4_0.2_50_EDM_2_001,sighted2_20-greedy20_DNone,0.0704999999999999,GAMETES
GAMETES_Heterogeneity_20atts_1600_Het_0.4_0.2_75_EDM_2_001,sighted2_20-greedy20_DNone,0.08399999999999996,GAMETES
analcatdata_aids,sighted2_20-greedy20_DNone,-0.41538461538461546,analcatdata_aids
analcatdata_asbestos,sighted2_20-greedy20_DNone,-0.03809523809523807,analcatdata_asbestos
analcatdata_bankruptcy,sighted2_20-greedy20_DNone,-0.32307692307692315,analcatdata_bankruptcy
analcatdata_boxing1,sighted2_20-greedy20_DNone,-0.16666666666666674,analcatdata_boxing1
analcatdata_boxing2,sighted2_20-greedy20_DNone,-0.10909090909090902,analcatdata_boxing2
analcatdata_creditscore,sighted2_20-greedy20_DNone,-0.384,analcatdata_creditscore
analcatdata_cyyoung8092,sighted2_20-greedy20_DNone,-0.09600000000000009,analcatdata_cyyoung
analcatdata_cyyoung9302,sighted2_20-greedy20_DNone,-0.0782608695652175,analcatdata_cyyoung
analcatdata_dmft,sighted2_20-greedy20_DNone,-0.0040000000000000036,analcatdata_dmft
analcatdata_fraud,sighted2_20-greedy20_DNone,-0.036363636363636265,analcatdata_fraud
analcatdata_germangss,sighted2_20-greedy20_DNone,-0.07599999999999996,analcatdata_germangss
analcatdata_happiness,sighted2_20-greedy20_DNone,-0.09333333333333332,analcatdata_happiness
analcatdata_japansolvent,sighted2_20-greedy20_DNone,-0.09230769230769231,analcatdata_japansolvent
analcatdata_lawsuit,sighted2_20-greedy20_DNone,-0.0181818181818183,analcatdata_lawsuit
appendicitis,sighted2_20-greedy20_DNone,0.0,appendicitis
balance_scale,sighted2_20-greedy20_DNone,0.001273885350318471,balance_scale
breast_cancer,sighted2_20-greedy20_DNone,0.011111111111111072,breast_cancer
bupa,sighted2_20-greedy20_DNone,-0.025287356321839094,bupa
car_evaluation,sighted2_20-greedy20_DNone,-0.20370370370370372,car_evaluation
cloud,sighted2_20-greedy20_DNone,0.23703703703703705,cloud
confidence,sighted2_20-greedy20_DNone,-0.04444444444444451,confidence
corral,sighted2_20-greedy20_DNone,0.0,corral
dermatology,sighted2_20-greedy20_DNone,-0.0608695652173914,dermatology
ecoli,sighted2_20-greedy20_DNone,-0.021951219512195252,ecoli
flags,sighted2_20-greedy20_DNone,-0.03555555555555562,flags
haberman,sighted2_20-greedy20_DNone,-0.012987012987012991,haberman
hayes_roth,sighted2_20-greedy20_DNone,-0.15000000000000002,hayes_roth
iris,sighted2_20-greedy20_DNone,-0.08947368421052637,iris
irish,sighted2_20-greedy20_DNone,-0.15359999999999996,irish
labor,sighted2_20-greedy20_DNone,-0.053333333333333344,labor
led24,sighted2_20-greedy20_DNone,0.003750000000000031,led
led7,sighted2_20-greedy20_DNone,0.000500000000000056,led
lupus,sighted2_20-greedy20_DNone,-0.009090909090909038,lupus
lymphography,sighted2_20-greedy20_DNone,0.01621621621621605,lymphography
mofn_3_7_10,sighted2_20-greedy20_DNone,-0.029003021148036212,mofn_3_7_10
monk1,sighted2_20-greedy20_DNone,-0.027338129496402797,monk
monk2,sighted2_20-greedy20_DNone,-0.13245033112582782,monk
monk3,sighted2_20-greedy20_DNone,-0.02302158273381305,monk
mux6,sighted2_20-greedy20_DNone,-0.050000000000000044,mux6
new_thyroid,sighted2_20-greedy20_DNone,-0.06666666666666654,new_thyroid
nursery,sighted2_20-greedy20_DNone,-0.587037037037037,nursery
parity5,sighted2_20-greedy20_DNone,-0.025,parity5
parity5+5,sighted2_20-greedy20_DNone,0.02348754448398571,parity5
penguins,sighted2_20-greedy20_DNone,-0.014285714285714235,penguins
postoperative_patient_data,sighted2_20-greedy20_DNone,-0.05454545454545445,postoperative_patient_data
prnn_synth,sighted2_20-greedy20_DNone,-0.006349206349206549,prnn_synth
soybean,sighted2_20-greedy20_DNone,-0.08757396449704136,soybean
spect,sighted2_20-greedy20_DNone,-0.005970149253731183,spect
tae,sighted2_20-greedy20_DNone,-0.0052631578947369695,tae
threeOf9,sighted2_20-greedy20_DNone,-0.09687499999999993,threeOf9
tic_tac_toe,sighted2_20-greedy20_DNone,-0.06416666666666682,tic_tac_toe
xd6,sighted2_20-greedy20_DNone,-0.02950819672131144,xd6
GAMETES_Epistasis_2_Way_20atts_0.1H_EDM_1_1,mix10_100-greedy100_DNone,0.009500000000000064,GAMETES
GAMETES_Epistasis_2_Way_20atts_0.4H_EDM_1_1,mix10_100-greedy100_DNone,0.010500000000000065,GAMETES
GAMETES_Epistasis_3_Way_20atts_0.2H_EDM_1_1,mix10_100-greedy100_DNone,-0.0015000000000000568,GAMETES
GAMETES_Heterogeneity_20atts_1600_Het_0.4_0.2_50_EDM_2_001,mix10_100-greedy100_DNone,0.011500000000000066,GAMETES
GAMETES_Heterogeneity_20atts_1600_Het_0.4_0.2_75_EDM_2_001,mix10_100-greedy100_DNone,0.026999999999999913,GAMETES
analcatdata_aids,mix10_100-greedy100_DNone,-0.015384615384615441,analcatdata_aids
analcatdata_asbestos,mix10_100-greedy100_DNone,-0.00952380952380949,analcatdata_asbestos
analcatdata_bankruptcy,mix10_100-greedy100_DNone,-0.01538461538461533,analcatdata_bankruptcy
analcatdata_boxing1,mix10_100-greedy100_DNone,0.0,analcatdata_boxing1
analcatdata_boxing2,mix10_100-greedy100_DNone,0.0,analcatdata_boxing2
analcatdata_creditscore,mix10_100-greedy100_DNone,0.0,analcatdata_creditscore
analcatdata_cyyoung8092,mix10_100-greedy100_DNone,-0.008000000000000007,analcatdata_cyyoung
analcatdata_cyyoung9302,mix10_100-greedy100_DNone,0.008695652173913104,analcatdata_cyyoung
analcatdata_dmft,mix10_100-greedy100_DNone,-0.003999999999999976,analcatdata_dmft
analcatdata_fraud,mix10_100-greedy100_DNone,0.054545454545454564,analcatdata_fraud
analcatdata_germangss,mix10_100-greedy100_DNone,0.0020000000000000018,analcatdata_germangss
analcatdata_happiness,mix10_100-greedy100_DNone,0.0,analcatdata_happiness
analcatdata_japansolvent,mix10_100-greedy100_DNone,0.04615384615384621,analcatdata_japansolvent
analcatdata_lawsuit,mix10_100-greedy100_DNone,0.0,analcatdata_lawsuit
appendicitis,mix10_100-greedy100_DNone,0.0,appendicitis
balance_scale,mix10_100-greedy100_DNone,0.005095541401273884,balance_scale
breast_cancer,mix10_100-greedy100_DNone,-0.002777777777777768,breast_cancer
bupa,mix10_100-greedy100_DNone,-0.0045977011494252595,bupa
car_evaluation,mix10_100-greedy100_DNone,-0.001388888888888995,car_evaluation
cloud,mix10_100-greedy100_DNone,-0.007407407407407307,cloud
confidence,mix10_100-greedy100_DNone,0.0,confidence
corral,mix10_100-greedy100_DNone,0.0,corral
dermatology,mix10_100-greedy100_DNone,0.0021739130434781373,dermatology
ecoli,mix10_100-greedy100_DNone,0.004878048780487809,ecoli
flags,mix10_100-greedy100_DNone,0.008888888888888946,flags
haberman,mix10_100-greedy100_DNone,-0.0051948051948051965,haberman
hayes_roth,mix10_100-greedy100_DNone,-0.015000000000000013,hayes_roth
iris,mix10_100-greedy100_DNone,-0.0052631578947368585,iris
irish,mix10_100-greedy100_DNone,0.0,irish
labor,mix10_100-greedy100_DNone,-0.013333333333333197,labor
led24,mix10_100-greedy100_DNone,0.0015000000000000568,led
led7,mix10_100-greedy100_DNone,0.0,led
lupus,mix10_100-greedy100_DNone,0.009090909090909038,lupus
lymphography,mix10_100-greedy100_DNone,0.005405405405405239,lymphography
mofn_3_7_10,mix10_100-greedy100_DNone,0.0,mofn_3_7_10
monk1,mix10_100-greedy100_DNone,0.0028776978417266452,monk
monk2,mix10_100-greedy100_DNone,-0.005298013245033095,monk
monk3,mix10_100-greedy100_DNone,0.0,monk
mux6,mix10_100-greedy100_DNone,-0.012499999999999956,mux6
new_thyroid,mix10_100-greedy100_DNone,0.0,new_thyroid
nursery,mix10_100-greedy100_DNone,-0.0005555555555556424,nursery
parity5,mix10_100-greedy100_DNone,0.0,parity5
parity5+5,mix10_100-greedy100_DNone,0.008540925266903754,parity5
penguins,mix10_100-greedy100_DNone,0.0023809523809525945,penguins
postoperative_patient_data,mix10_100-greedy100_DNone,0.0,postoperative_patient_data
prnn_synth,mix10_100-greedy100_DNone,0.006349206349206327,prnn_synth
soybean,mix10_100-greedy100_DNone,-0.0011834319526627946,soybean
spect,mix10_100-greedy100_DNone,0.005970149253731294,spect
tae,mix10_100-greedy100_DNone,0.0,tae
threeOf9,mix10_100-greedy100_DNone,0.0,threeOf9
tic_tac_toe,mix10_100-greedy100_DNone,-0.0008333333333332416,tic_tac_toe
xd6,mix10_100-greedy100_DNone,0.0,xd6
GAMETES_Epistasis_2_Way_20atts_0.1H_EDM_1_1,tree_k2_DNone-cart_tuned,0.07450000000000001,GAMETES
GAMETES_Epistasis_2_Way_20atts_0.4H_EDM_1_1,tree_k2_DNone-cart_tuned,0.14400000000000002,GAMETES
GAMETES_Epistasis_3_Way_20atts_0.2H_EDM_1_1,tree_k2_DNone-cart_tuned,0.02200000000000013,GAMETES
GAMETES_Heterogeneity_20atts_1600_Het_0.4_0.2_50_EDM_2_001,tree_k2_DNone-cart_tuned,0.07499999999999996,GAMETES
GAMETES_Heterogeneity_20atts_1600_Het_0.4_0.2_75_EDM_2_001,tree_k2_DNone-cart_tuned,0.10299999999999998,GAMETES
analcatdata_aids,tree_k2_DNone-cart_tuned,-0.3384615384615384,analcatdata_aids
analcatdata_asbestos,tree_k2_DNone-cart_tuned,-0.05714285714285705,analcatdata_asbestos
analcatdata_bankruptcy,tree_k2_DNone-cart_tuned,-0.24615384615384617,analcatdata_bankruptcy
analcatdata_boxing1,tree_k2_DNone-cart_tuned,-0.1200000000000001,analcatdata_boxing1
analcatdata_boxing2,tree_k2_DNone-cart_tuned,-0.18181818181818188,analcatdata_boxing2
analcatdata_creditscore,tree_k2_DNone-cart_tuned,-0.4,analcatdata_creditscore
analcatdata_cyyoung8092,tree_k2_DNone-cart_tuned,-0.09600000000000009,analcatdata_cyyoung
analcatdata_cyyoung9302,tree_k2_DNone-cart_tuned,-0.09565217391304348,analcatdata_cyyoung
analcatdata_dmft,tree_k2_DNone-cart_tuned,-0.0010000000000000009,analcatdata_dmft
analcatdata_fraud,tree_k2_DNone-cart_tuned,-0.07272727272727275,analcatdata_fraud
analcatdata_germangss,tree_k2_DNone-cart_tuned,-0.09600000000000003,analcatdata_germangss
analcatdata_happiness,tree_k2_DNone-cart_tuned,-0.08000000000000002,analcatdata_happiness
analcatdata_japansolvent,tree_k2_DNone-cart_tuned,-0.12307692307692297,analcatdata_japansolvent
analcatdata_lawsuit,tree_k2_DNone-cart_tuned,-0.021212121212121127,analcatdata_lawsuit
appendicitis,tree_k2_DNone-cart_tuned,-0.05185185185185193,appendicitis
balance_scale,tree_k2_DNone-cart_tuned,0.002547770700636942,balance_scale
breast_cancer,tree_k2_DNone-cart_tuned,-0.10277777777777786,breast_cancer
bupa,tree_k2_DNone-cart_tuned,0.006896551724138056,bupa
car_evaluation,tree_k2_DNone-cart_tuned,-0.2138888888888889,car_evaluation
cloud,tree_k2_DNone-cart_tuned,0.4148148148148149,cloud
confidence,tree_k2_DNone-cart_tuned,-0.06666666666666676,confidence
corral,tree_k2_DNone-cart_tuned,0.0,corral
dermatology,tree_k2_DNone-cart_tuned,-0.05869565217391304,dermatology
ecoli,tree_k2_DNone-cart_tuned,-0.1121951219512195,ecoli
flags,tree_k2_DNone-cart_tuned,0.013333333333333364,flags
haberman,tree_k2_DNone-cart_tuned,-0.08571428571428574,haberman
hayes_roth,tree_k2_DNone-cart_tuned,-0.08000000000000007,hayes_roth
iris,tree_k2_DNone-cart_tuned,-0.10526315789473684,iris
irish,tree_k2_DNone-cart_tuned,-0.1392,irish
labor,tree_k2_DNone-cart_tuned,0.040000000000000036,labor
led24,tree_k2_DNone-cart_tuned,-0.11099999999999988,led
led7,tree_k2_DNone-cart_tuned,-0.0014999999999999458,led
lupus,tree_k2_DNone-cart_tuned,-0.054545454545454564,lupus
lymphography,tree_k2_DNone-cart_tuned,0.010810810810810811,lymphography
mofn_3_7_10,tree_k2_DNone-cart_tuned,-0.032024169184290074,mofn_3_7_10
monk1,tree_k2_DNone-cart_tuned,0.023021582733812718,monk
monk2,tree_k2_DNone-cart_tuned,-0.1960264900662252,monk
monk3,tree_k2_DNone-cart_tuned,-0.05899280575539567,monk
mux6,tree_k2_DNone-cart_tuned,0.0,mux6
new_thyroid,tree_k2_DNone-cart_tuned,-0.022222222222222143,new_thyroid
nursery,tree_k2_DNone-cart_tuned,-0.6153703703703703,nursery
parity5,tree_k2_DNone-cart_tuned,-0.15,parity5
parity5+5,tree_k2_DNone-cart_tuned,0.21067615658362993,parity5
penguins,tree_k2_DNone-cart_tuned,-0.00952380952380949,penguins
postoperative_patient_data,tree_k2_DNone-cart_tuned,-0.07272727272727275,postoperative_patient_data
prnn_synth,tree_k2_DNone-cart_tuned,-0.012698412698412653,prnn_synth
soybean,tree_k2_DNone-cart_tuned,-0.11715976331360933,soybean
spect,tree_k2_DNone-cart_tuned,-0.0507462686567165,spect
tae,tree_k2_DNone-cart_tuned,-0.010526315789473717,tae
threeOf9,tree_k2_DNone-cart_tuned,-0.10468750000000004,threeOf9
tic_tac_toe,tree_k2_DNone-cart_tuned,-0.07499999999999996,tic_tac_toe
xd6,tree_k2_DNone-cart_tuned,-0.03524590163934427,xd6
GAMETES_Epistasis_2_Way_20atts_0.1H_EDM_1_1,mix10_100_DNone-rf_tuned,0.013500000000000068,GAMETES
GAMETES_Epistasis_2_Way_20atts_0.4H_EDM_1_1,mix10_100_DNone-rf_tuned,0.0030000000000001137,GAMETES
GAMETES_Epistasis_3_Way_20atts_0.2H_EDM_1_1,mix10_100_DNone-rf_tuned,-0.006000000000000116,GAMETES
GAMETES_Heterogeneity_20atts_1600_Het_0.4_0.2_50_EDM_2_001,mix10_100_DNone-rf_tuned,-0.007499999999999951,GAMETES
GAMETES_Heterogeneity_20atts_1600_Het_0.4_0.2_75_EDM_2_001,mix10_100_DNone-rf_tuned,0.0040000000000000036,GAMETES
analcatdata_aids,mix10_100_DNone-rf_tuned,-0.04615384615384621,analcatdata_aids
analcatdata_asbestos,mix10_100_DNone-rf_tuned,0.0,analcatdata_asbestos
analcatdata_bankruptcy,mix10_100_DNone-rf_tuned,0.0461538461538461,analcatdata_bankruptcy
analcatdata_boxing1,mix10_100_DNone-rf_tuned,-0.01333333333333342,analcatdata_boxing1
analcatdata_boxing2,mix10_100_DNone-rf_tuned,-0.03636363636363649,analcatdata_boxing2
analcatdata_creditscore,mix10_100_DNone-rf_tuned,-0.02400000000000002,analcatdata_creditscore
analcatdata_cyyoung8092,mix10_100_DNone-rf_tuned,0.0,analcatdata_cyyoung
analcatdata_cyyoung9302,mix10_100_DNone-rf_tuned,0.008695652173913104,analcatdata_cyyoung
analcatdata_dmft,mix10_100_DNone-rf_tuned,-0.034,analcatdata_dmft
analcatdata_fraud,mix10_100_DNone-rf_tuned,0.0,analcatdata_fraud
analcatdata_germangss,mix10_100_DNone-rf_tuned,-0.08400000000000002,analcatdata_germangss
analcatdata_happiness,mix10_100_DNone-rf_tuned,-0.06666666666666671,analcatdata_happiness
analcatdata_japansolvent,mix10_100_DNone-rf_tuned,-0.07692307692307687,analcatdata_japansolvent
analcatdata_lawsuit,mix10_100_DNone-rf_tuned,0.0,analcatdata_lawsuit
appendicitis,mix10_100_DNone-rf_tuned,-0.029629629629629672,appendicitis
balance_scale,mix10_100_DNone-rf_tuned,-0.04458598726114649,balance_scale
breast_cancer,mix10_100_DNone-rf_tuned,-0.061111111111111116,breast_cancer
bupa,mix10_100_DNone-rf_tuned,-0.020689655172413723,bupa
car_evaluation,mix10_100_DNone-rf_tuned,-0.003240740740740655,car_evaluation
cloud,mix10_100_DNone-rf_tuned,0.14074074074074078,cloud
confidence,mix10_100_DNone-rf_tuned,0.011111111111111072,confidence
corral,mix10_100_DNone-rf_tuned,0.0,corral
dermatology,mix10_100_DNone-rf_tuned,0.004347826086956386,dermatology
ecoli,mix10_100_DNone-rf_tuned,-0.04146341463414649,ecoli
flags,mix10_100_DNone-rf_tuned,0.004444444444444529,flags
haberman,mix10_100_DNone-rf_tuned,-0.054545454545454564,haberman
hayes_roth,mix10_100_DNone-rf_tuned,-0.0050000000000000044,hayes_roth
iris,mix10_100_DNone-rf_tuned,-0.0052631578947368585,iris
irish,mix10_100_DNone-rf_tuned,0.0,irish
labor,mix10_100_DNone-rf_tuned,-0.06666666666666654,labor
led24,mix10_100_DNone-rf_tuned,-0.012499999999999956,led
led7,mix10_100_DNone-rf_tuned,-0.0035000000000000586,led
lupus,mix10_100_DNone-rf_tuned,-0.0636363636363636,lupus
lymphography,mix10_100_DNone-rf_tuned,0.01621621621621605,lymphography
mofn_3_7_10,mix10_100_DNone-rf_tuned,0.0,mofn_3_7_10
monk1,mix10_100_DNone-rf_tuned,0.0028776978417266452,monk
monk2,mix10_100_DNone-rf_tuned,-0.007947019867549643,monk
monk3,mix10_100_DNone-rf_tuned,-0.008633093525179825,monk
mux6,mix10_100_DNone-rf_tuned,0.0,mux6
new_thyroid,mix10_100_DNone-rf_tuned,-0.011111111111111072,new_thyroid
nursery,mix10_100_DNone-rf_tuned,-0.0002469135802468658,nursery
parity5,mix10_100_DNone-rf_tuned,-0.2,parity5
parity5+5,mix10_100_DNone-rf_tuned,0.03558718861209953,parity5
penguins,mix10_100_DNone-rf_tuned,-0.014285714285714235,penguins
postoperative_patient_data,mix10_100_DNone-rf_tuned,-0.07272727272727275,postoperative_patient_data
prnn_synth,mix10_100_DNone-rf_tuned,0.025396825396825307,prnn_synth
soybean,mix10_100_DNone-rf_tuned,-0.01183431952662739,soybean
spect,mix10_100_DNone-rf_tuned,0.008955223880596996,spect
tae,mix10_100_DNone-rf_tuned,0.0368421052631579,tae
threeOf9,mix10_100_DNone-rf_tuned,0.0015625000000000222,threeOf9
tic_tac_toe,mix10_100_DNone-rf_tuned,0.0016666666666668162,tic_tac_toe
xd6,mix10_100_DNone-rf_tuned,0.0,xd6
GAMETES_Epistasis_2_Way_20atts_0.1H_EDM_1_1,tree_k2-cart_fixed_DNone,0.0625,GAMETES
GAMETES_Epistasis_2_Way_20atts_0.4H_EDM_1_1,tree_k2-cart_fixed_DNone,0.133,GAMETES
GAMETES_Epistasis_3_Way_20atts_0.2H_EDM_1_1,tree_k2-cart_fixed_DNone,0.01650000000000007,GAMETES
GAMETES_Heterogeneity_20atts_1600_Het_0.4_0.2_50_EDM_2_001,tree_k2-cart_fixed_DNone,0.05999999999999994,GAMETES
GAMETES_Heterogeneity_20atts_1600_Het_0.4_0.2_75_EDM_2_001,tree_k2-cart_fixed_DNone,0.07799999999999996,GAMETES
analcatdata_aids,tree_k2-cart_fixed_DNone,-0.323076923076923,analcatdata_aids
analcatdata_asbestos,tree_k2-cart_fixed_DNone,-0.06666666666666665,analcatdata_asbestos
analcatdata_bankruptcy,tree_k2-cart_fixed_DNone,-0.24615384615384617,analcatdata_bankruptcy
analcatdata_boxing1,tree_k2-cart_fixed_DNone,-0.1066666666666668,analcatdata_boxing1
analcatdata_boxing2,tree_k2-cart_fixed_DNone,-0.10909090909090913,analcatdata_boxing2
analcatdata_creditscore,tree_k2-cart_fixed_DNone,-0.384,analcatdata_creditscore
analcatdata_cyyoung8092,tree_k2-cart_fixed_DNone,-0.08800000000000008,analcatdata_cyyoung
analcatdata_cyyoung9302,tree_k2-cart_fixed_DNone,-0.15652173913043477,analcatdata_cyyoung
analcatdata_dmft,tree_k2-cart_fixed_DNone,-0.0020000000000000018,analcatdata_dmft
analcatdata_fraud,tree_k2-cart_fixed_DNone,0.054545454545454564,analcatdata_fraud
analcatdata_germangss,tree_k2-cart_fixed_DNone,-0.06,analcatdata_germangss
analcatdata_happiness,tree_k2-cart_fixed_DNone,-0.14666666666666667,analcatdata_happiness
analcatdata_japansolvent,tree_k2-cart_fixed_DNone,-0.0461538461538461,analcatdata_japansolvent
analcatdata_lawsuit,tree_k2-cart_fixed_DNone,-0.018181818181818188,analcatdata_lawsuit
appendicitis,tree_k2-cart_fixed_DNone,-0.029629629629629672,appendicitis
balance_scale,tree_k2-cart_fixed_DNone,0.002547770700636942,balance_scale
breast_cancer,tree_k2-cart_fixed_DNone,-0.022222222222222254,breast_cancer
bupa,tree_k2-cart_fixed_DNone,0.034482758620689724,bupa
car_evaluation,tree_k2-cart_fixed_DNone,-0.2138888888888889,car_evaluation
cloud,tree_k2-cart_fixed_DNone,0.2962962962962964,cloud
confidence,tree_k2-cart_fixed_DNone,-0.033333333333333326,confidence
corral,tree_k2-cart_fixed_DNone,0.0,corral
dermatology,tree_k2-cart_fixed_DNone,-0.06304347826086953,dermatology
ecoli,tree_k2-cart_fixed_DNone,-0.07804878048780495,ecoli
flags,tree_k2-cart_fixed_DNone,0.026666666666666672,flags
haberman,tree_k2-cart_fixed_DNone,-0.01558441558441559,haberman
hayes_roth,tree_k2-cart_fixed_DNone,-0.09499999999999997,hayes_roth
iris,tree_k2-cart_fixed_DNone,-0.11578947368421066,iris
irish,tree_k2-cart_fixed_DNone,-0.1392,irish
labor,tree_k2-cart_fixed_DNone,0.013333333333333308,labor
led24,tree_k2-cart_fixed_DNone,0.03200000000000003,led
led7,tree_k2-cart_fixed_DNone,0.000500000000000056,led
lupus,tree_k2-cart_fixed_DNone,-0.045454545454545525,lupus
lymphography,tree_k2-cart_fixed_DNone,-0.037837837837837895,lymphography
mofn_3_7_10,tree_k2-cart_fixed_DNone,-0.032024169184290074,mofn_3_7_10
monk1,tree_k2-cart_fixed_DNone,0.023021582733812718,monk
monk2,tree_k2-cart_fixed_DNone,-0.1960264900662252,monk
monk3,tree_k2-cart_fixed_DNone,-0.037410071942445944,monk
mux6,tree_k2-cart_fixed_DNone,0.0,mux6
new_thyroid,tree_k2-cart_fixed_DNone,-0.025925925925925908,new_thyroid
nursery,tree_k2-cart_fixed_DNone,-0.6153703703703703,nursery
parity5,tree_k2-cart_fixed_DNone,-0.1,parity5
parity5+5,tree_k2-cart_fixed_DNone,0.21067615658362993,parity5
penguins,tree_k2-cart_fixed_DNone,-0.014285714285714457,penguins
postoperative_patient_data,tree_k2-cart_fixed_DNone,-0.009090909090909038,postoperative_patient_data
prnn_synth,tree_k2-cart_fixed_DNone,-0.015873015873015817,prnn_synth
soybean,tree_k2-cart_fixed_DNone,-0.11715976331360933,soybean
spect,tree_k2-cart_fixed_DNone,0.03283582089552228,spect
tae,tree_k2-cart_fixed_DNone,0.021052631578947323,tae
threeOf9,tree_k2-cart_fixed_DNone,-0.11250000000000004,threeOf9
tic_tac_toe,tree_k2-cart_fixed_DNone,-0.07499999999999996,tic_tac_toe
xd6,tree_k2-cart_fixed_DNone,-0.03524590163934427,xd6
GAMETES_Epistasis_2_Way_20atts_0.1H_EDM_1_1,cart_mix10_100-cart_bag100_DNone,0.014000000000000012,GAMETES
GAMETES_Epistasis_2_Way_20atts_0.4H_EDM_1_1,cart_mix10_100-cart_bag100_DNone,0.004999999999999893,GAMETES
GAMETES_Epistasis_3_Way_20atts_0.2H_EDM_1_1,cart_mix10_100-cart_bag100_DNone,-0.00550000000000006,GAMETES
GAMETES_Heterogeneity_20atts_1600_Het_0.4_0.2_50_EDM_2_001,cart_mix10_100-cart_bag100_DNone,0.014000000000000123,GAMETES
GAMETES_Heterogeneity_20atts_1600_Het_0.4_0.2_75_EDM_2_001,cart_mix10_100-cart_bag100_DNone,0.015000000000000013,GAMETES
analcatdata_aids,cart_mix10_100-cart_bag100_DNone,0.0,analcatdata_aids
analcatdata_asbestos,cart_mix10_100-cart_bag100_DNone,-0.00952380952380949,analcatdata_asbestos
analcatdata_bankruptcy,cart_mix10_100-cart_bag100_DNone,-0.01538461538461533,analcatdata_bankruptcy
analcatdata_boxing1,cart_mix10_100-cart_bag100_DNone,0.0,analcatdata_boxing1
analcatdata_boxing2,cart_mix10_100-cart_bag100_DNone,0.0,analcatdata_boxing2
analcatdata_creditscore,cart_mix10_100-cart_bag100_DNone,0.0,analcatdata_creditscore
analcatdata_cyyoung8092,cart_mix10_100-cart_bag100_DNone,0.0,analcatdata_cyyoung
analcatdata_cyyoung9302,cart_mix10_100-cart_bag100_DNone,0.008695652173913104,analcatdata_cyyoung
analcatdata_dmft,cart_mix10_100-cart_bag100_DNone,0.0010000000000000009,analcatdata_dmft
analcatdata_fraud,cart_mix10_100-cart_bag100_DNone,0.054545454545454564,analcatdata_fraud
analcatdata_germangss,cart_mix10_100-cart_bag100_DNone,-0.0040000000000000036,analcatdata_germangss
analcatdata_happiness,cart_mix10_100-cart_bag100_DNone,0.013333333333333308,analcatdata_happiness
analcatdata_japansolvent,cart_mix10_100-cart_bag100_DNone,0.03076923076923077,analcatdata_japansolvent
analcatdata_lawsuit,cart_mix10_100-cart_bag100_DNone,-0.003030303030303161,analcatdata_lawsuit
appendicitis,cart_mix10_100-cart_bag100_DNone,0.007407407407407307,appendicitis
balance_scale,cart_mix10_100-cart_bag100_DNone,0.0,balance_scale
breast_cancer,cart_mix10_100-cart_bag100_DNone,0.002777777777777879,breast_cancer
bupa,cart_mix10_100-cart_bag100_DNone,0.0,bupa
car_evaluation,cart_mix10_100-cart_bag100_DNone,-0.001388888888888995,car_evaluation
cloud,cart_mix10_100-cart_bag100_DNone,0.0,cloud
confidence,cart_mix10_100-cart_bag100_DNone,0.0,confidence
corral,cart_mix10_100-cart_bag100_DNone,0.0,corral
dermatology,cart_mix10_100-cart_bag100_DNone,0.004347826086956497,dermatology
ecoli,cart_mix10_100-cart_bag100_DNone,0.007317073170731603,ecoli
flags,cart_mix10_100-cart_bag100_DNone,0.013333333333333364,flags
haberman,cart_mix10_100-cart_bag100_DNone,0.007792207792207795,haberman
hayes_roth,cart_mix10_100-cart_bag100_DNone,-0.004999999999999893,hayes_roth
iris,cart_mix10_100-cart_bag100_DNone,0.0,iris
irish,cart_mix10_100-cart_bag100_DNone,0.0,irish
labor,cart_mix10_100-cart_bag100_DNone,-0.01333333333333353,labor
led24,cart_mix10_100-cart_bag100_DNone,0.000500000000000056,led
led7,cart_mix10_100-cart_bag100_DNone,0.0,led
lupus,cart_mix10_100-cart_bag100_DNone,0.009090909090909038,lupus
lymphography,cart_mix10_100-cart_bag100_DNone,0.021621621621621512,lymphography
mofn_3_7_10,cart_mix10_100-cart_bag100_DNone,0.0,mofn_3_7_10
monk1,cart_mix10_100-cart_bag100_DNone,0.0028776978417266452,monk
monk2,cart_mix10_100-cart_bag100_DNone,-0.0066225165562914245,monk
monk3,cart_mix10_100-cart_bag100_DNone,0.0,monk
mux6,cart_mix10_100-cart_bag100_DNone,-0.012499999999999956,mux6
new_thyroid,cart_mix10_100-cart_bag100_DNone,0.0037037037037037646,new_thyroid
nursery,cart_mix10_100-cart_bag100_DNone,-6.172839506179972e-05,nursery
parity5,cart_mix10_100-cart_bag100_DNone,0.0,parity5
parity5+5,cart_mix10_100-cart_bag100_DNone,0.020640569395017683,parity5
penguins,cart_mix10_100-cart_bag100_DNone,0.0,penguins
postoperative_patient_data,cart_mix10_100-cart_bag100_DNone,-0.00909090909090915,postoperative_patient_data
prnn_synth,cart_mix10_100-cart_bag100_DNone,2.220446049250313e-16,prnn_synth
soybean,cart_mix10_100-cart_bag100_DNone,0.004733727810650956,soybean
spect,cart_mix10_100-cart_bag100_DNone,0.0,spect
tae,cart_mix10_100-cart_bag100_DNone,0.015789473684210575,tae
threeOf9,cart_mix10_100-cart_bag100_DNone,-0.0015625000000000222,threeOf9
tic_tac_toe,cart_mix10_100-cart_bag100_DNone,0.0025000000000000577,tic_tac_toe
xd6,cart_mix10_100-cart_bag100_DNone,0.0,xd6
GAMETES_Epistasis_2_Way_20atts_0.1H_EDM_1_1,cart_mix10_100_DNone-rf_tuned,0.019000000000000017,GAMETES
GAMETES_Epistasis_2_Way_20atts_0.4H_EDM_1_1,cart_mix10_100_DNone-rf_tuned,0.0040000000000000036,GAMETES
GAMETES_Epistasis_3_Way_20atts_0.2H_EDM_1_1,cart_mix10_100_DNone-rf_tuned,-0.007500000000000062,GAMETES
GAMETES_Heterogeneity_20atts_1600_Het_0.4_0.2_50_EDM_2_001,cart_mix10_100_DNone-rf_tuned,-0.0024999999999999467,GAMETES
GAMETES_Heterogeneity_20atts_1600_Het_0.4_0.2_75_EDM_2_001,cart_mix10_100_DNone-rf_tuned,0.0040000000000000036,GAMETES
analcatdata_aids,cart_mix10_100_DNone-rf_tuned,-0.03076923076923077,analcatdata_aids
analcatdata_asbestos,cart_mix10_100_DNone-rf_tuned,0.0,analcatdata_asbestos
analcatdata_bankruptcy,cart_mix10_100_DNone-rf_tuned,0.0,analcatdata_bankruptcy
analcatdata_boxing1,cart_mix10_100_DNone-rf_tuned,-0.026666666666666727,analcatdata_boxing1
analcatdata_boxing2,cart_mix10_100_DNone-rf_tuned,-0.042424242424242475,analcatdata_boxing2
analcatdata_creditscore,cart_mix10_100_DNone-rf_tuned,-0.02400000000000002,analcatdata_creditscore
analcatdata_cyyoung8092,cart_mix10_100_DNone-rf_tuned,0.0,analcatdata_cyyoung
analcatdata_cyyoung9302,cart_mix10_100_DNone-rf_tuned,0.01739130434782621,analcatdata_cyyoung
analcatdata_dmft,cart_mix10_100_DNone-rf_tuned,-0.033,analcatdata_dmft
analcatdata_fraud,cart_mix10_100_DNone-rf_tuned,-0.018181818181818188,analcatdata_fraud
analcatdata_germangss,cart_mix10_100_DNone-rf_tuned,-0.08600000000000002,analcatdata_germangss
analcatdata_happiness,cart_mix10_100_DNone-rf_tuned,-0.06666666666666671,analcatdata_happiness
analcatdata_japansolvent,cart_mix10_100_DNone-rf_tuned,-0.01538461538461533,analcatdata_japansolvent
analcatdata_lawsuit,cart_mix10_100_DNone-rf_tuned,0.006060606060605878,analcatdata_lawsuit
appendicitis,cart_mix10_100_DNone-rf_tuned,0.007407407407407307,appendicitis
balance_scale,cart_mix10_100_DNone-rf_tuned,-0.04713375796178343,balance_scale
breast_cancer,cart_mix10_100_DNone-rf_tuned,-0.04166666666666663,breast_cancer
bupa,cart_mix10_100_DNone-rf_tuned,-0.011494252873563204,bupa
car_evaluation,cart_mix10_100_DNone-rf_tuned,0.0004629629629629983,car_evaluation
cloud,cart_mix10_100_DNone-rf_tuned,0.05925925925925929,cloud
confidence,cart_mix10_100_DNone-rf_tuned,0.022222222222222143,confidence
corral,cart_mix10_100_DNone-rf_tuned,0.0,corral
dermatology,cart_mix10_100_DNone-rf_tuned,0.006521739130434745,dermatology
ecoli,cart_mix10_100_DNone-rf_tuned,-0.02682926829268306,ecoli
flags,cart_mix10_100_DNone-rf_tuned,0.008888888888888946,flags
haberman,cart_mix10_100_DNone-rf_tuned,-0.03116883116883118,haberman
hayes_roth,cart_mix10_100_DNone-rf_tuned,0.0,hayes_roth
iris,cart_mix10_100_DNone-rf_tuned,0.0052631578947367474,iris
irish,cart_mix10_100_DNone-rf_tuned,0.0,irish
labor,cart_mix10_100_DNone-rf_tuned,-0.053333333333333344,labor
led24,cart_mix10_100_DNone-rf_tuned,-0.010750000000000037,led
led7,cart_mix10_100_DNone-rf_tuned,-0.0035000000000000586,led
lupus,cart_mix10_100_DNone-rf_tuned,-0.036363636363636376,lupus
lymphography,cart_mix10_100_DNone-rf_tuned,0.01621621621621605,lymphography
mofn_3_7_10,cart_mix10_100_DNone-rf_tuned,0.0,mofn_3_7_10
monk1,cart_mix10_100_DNone-rf_tuned,0.0028776978417266452,monk
monk2,cart_mix10_100_DNone-rf_tuned,-0.003973509933774766,monk
monk3,cart_mix10_100_DNone-rf_tuned,-0.007194244604316502,monk
mux6,cart_mix10_100_DNone-rf_tuned,0.0,mux6
new_thyroid,cart_mix10_100_DNone-rf_tuned,-0.011111111111111072,new_thyroid
nursery,cart_mix10_100_DNone-rf_tuned,0.00018518518518517713,nursery
parity5,cart_mix10_100_DNone-rf_tuned,-0.2,parity5
parity5+5,cart_mix10_100_DNone-rf_tuned,0.005693950177935836,parity5
penguins,cart_mix10_100_DNone-rf_tuned,-0.014285714285714457,penguins
postoperative_patient_data,cart_mix10_100_DNone-rf_tuned,-0.054545454545454675,postoperative_patient_data
prnn_synth,cart_mix10_100_DNone-rf_tuned,0.02539682539682553,prnn_synth
soybean,cart_mix10_100_DNone-rf_tuned,-0.0011834319526627946,soybean
spect,cart_mix10_100_DNone-rf_tuned,0.011940298507462699,spect
tae,cart_mix10_100_DNone-rf_tuned,0.03157894736842104,tae
threeOf9,cart_mix10_100_DNone-rf_tuned,0.0031250000000000444,threeOf9
tic_tac_toe,cart_mix10_100_DNone-rf_tuned,0.0050000000000001155,tic_tac_toe
xd6,cart_mix10_100_DNone-rf_tuned,0.0,xd6
GAMETES_Epistasis_2_Way_20atts_0.1H_EDM_1_1,mix10_D3-greedy_D6,0.026499999999999968,GAMETES
GAMETES_Epistasis_2_Way_20atts_0.4H_EDM_1_1,mix10_D3-greedy_D6,0.028000000000000025,GAMETES
GAMETES_Epistasis_3_Way_20atts_0.2H_EDM_1_1,mix10_D3-greedy_D6,-0.029000000000000026,GAMETES
GAMETES_Heterogeneity_20atts_1600_Het_0.4_0.2_50_EDM_2_001,mix10_D3-greedy_D6,0.014000000000000012,GAMETES
GAMETES_Heterogeneity_20atts_1600_Het_0.4_0.2_75_EDM_2_001,mix10_D3-greedy_D6,0.026499999999999968,GAMETES
analcatdata_aids,mix10_D3-greedy_D6,0.01538461538461533,analcatdata_aids
analcatdata_asbestos,mix10_D3-greedy_D6,0.0,analcatdata_asbestos
analcatdata_bankruptcy,mix10_D3-greedy_D6,0.0,analcatdata_bankruptcy
analcatdata_boxing1,mix10_D3-greedy_D6,-0.026666666666666616,analcatdata_boxing1
analcatdata_boxing2,mix10_D3-greedy_D6,0.048484848484848464,analcatdata_boxing2
analcatdata_creditscore,mix10_D3-greedy_D6,0.008000000000000007,analcatdata_creditscore
analcatdata_cyyoung8092,mix10_D3-greedy_D6,-0.008000000000000007,analcatdata_cyyoung
analcatdata_cyyoung9302,mix10_D3-greedy_D6,0.008695652173913104,analcatdata_cyyoung
analcatdata_dmft,mix10_D3-greedy_D6,0.023999999999999966,analcatdata_dmft
analcatdata_fraud,mix10_D3-greedy_D6,0.018181818181818188,analcatdata_fraud
analcatdata_germangss,mix10_D3-greedy_D6,0.06800000000000006,analcatdata_germangss
analcatdata_happiness,mix10_D3-greedy_D6,0.053333333333333344,analcatdata_happiness
analcatdata_japansolvent,mix10_D3-greedy_D6,0.07692307692307698,analcatdata_japansolvent
analcatdata_lawsuit,mix10_D3-greedy_D6,0.003030303030302939,analcatdata_lawsuit
appendicitis,mix10_D3-greedy_D6,0.014814814814814836,appendicitis
balance_scale,mix10_D3-greedy_D6,-0.010191082802547768,balance_scale
breast_cancer,mix10_D3-greedy_D6,0.0,breast_cancer
bupa,mix10_D3-greedy_D6,-0.011494252873563204,bupa
car_evaluation,mix10_D3-greedy_D6,-0.12129629629629612,car_evaluation
cloud,mix10_D3-greedy_D6,-0.04444444444444445,cloud
confidence,mix10_D3-greedy_D6,0.0,confidence
corral,mix10_D3-greedy_D6,-0.03499999999999992,corral
dermatology,mix10_D3-greedy_D6,-0.08695652173913049,dermatology
ecoli,mix10_D3-greedy_D6,0.004878048780487809,ecoli
flags,mix10_D3-greedy_D6,-0.057777777777777706,flags
haberman,mix10_D3-greedy_D6,0.0025974025974025983,haberman
hayes_roth,mix10_D3-greedy_D6,-0.10000000000000009,hayes_roth
iris,mix10_D3-greedy_D6,-0.0052631578947368585,iris
irish,mix10_D3-greedy_D6,0.0,irish
labor,mix10_D3-greedy_D6,0.0,labor
led24,mix10_D3-greedy_D6,-0.013999999999999901,led
led7,mix10_D3-greedy_D6,-0.014500000000000068,led
lupus,mix10_D3-greedy_D6,0.08181818181818179,lupus
lymphography,mix10_D3-greedy_D6,-0.027027027027026973,lymphography
mofn_3_7_10,mix10_D3-greedy_D6,-0.11419939577039284,mofn_3_7_10
monk1,mix10_D3-greedy_D6,-0.14820143884892079,monk
monk2,mix10_D3-greedy_D6,-0.3178807947019867,monk
monk3,mix10_D3-greedy_D6,-0.008633093525179936,monk
mux6,mix10_D3-greedy_D6,-0.15625,mux6
new_thyroid,mix10_D3-greedy_D6,0.0,new_thyroid
nursery,mix10_D3-greedy_D6,-0.0712962962962963,nursery
parity5,mix10_D3-greedy_D6,0.025,parity5
parity5+5,mix10_D3-greedy_D6,-0.1352313167259787,parity5
penguins,mix10_D3-greedy_D6,-0.0071428571428571175,penguins
postoperative_patient_data,mix10_D3-greedy_D6,0.027272727272727115,postoperative_patient_data
prnn_synth,mix10_D3-greedy_D6,-0.006349206349206327,prnn_synth
soybean,mix10_D3-greedy_D6,-0.20118343195266264,soybean
spect,mix10_D3-greedy_D6,0.03582089552238821,spect
tae,mix10_D3-greedy_D6,-0.05789473684210533,tae
threeOf9,mix10_D3-greedy_D6,-0.14531249999999996,threeOf9
tic_tac_toe,mix10_D3-greedy_D6,-0.12083333333333324,tic_tac_toe
xd6,mix10_D3-greedy_D6,-0.11475409836065575,xd6
GAMETES_Epistasis_2_Way_20atts_0.1H_EDM_1_1,mix10_D3-greedy_DNone,0.035499999999999976,GAMETES
GAMETES_Epistasis_2_Way_20atts_0.4H_EDM_1_1,mix10_D3-greedy_DNone,0.03750000000000009,GAMETES
GAMETES_Epistasis_3_Way_20atts_0.2H_EDM_1_1,mix10_D3-greedy_DNone,-0.051000000000000045,GAMETES
GAMETES_Heterogeneity_20atts_1600_Het_0.4_0.2_50_EDM_2_001,mix10_D3-greedy_DNone,0.030000000000000027,GAMETES
GAMETES_Heterogeneity_20atts_1600_Het_0.4_0.2_75_EDM_2_001,mix10_D3-greedy_DNone,0.04499999999999993,GAMETES
analcatdata_aids,mix10_D3-greedy_DNone,0.01538461538461533,analcatdata_aids
analcatdata_asbestos,mix10_D3-greedy_DNone,-0.01904761904761909,analcatdata_asbestos
analcatdata_bankruptcy,mix10_D3-greedy_DNone,0.0,analcatdata_bankruptcy
analcatdata_boxing1,mix10_D3-greedy_DNone,0.00666666666666671,analcatdata_boxing1
analcatdata_boxing2,mix10_D3-greedy_DNone,0.07878787878787885,analcatdata_boxing2
analcatdata_creditscore,mix10_D3-greedy_DNone,0.008000000000000007,analcatdata_creditscore
analcatdata_cyyoung8092,mix10_D3-greedy_DNone,-0.008000000000000007,analcatdata_cyyoung
analcatdata_cyyoung9302,mix10_D3-greedy_DNone,0.008695652173913104,analcatdata_cyyoung
analcatdata_dmft,mix10_D3-greedy_DNone,0.037000000000000005,analcatdata_dmft
analcatdata_fraud,mix10_D3-greedy_DNone,0.018181818181818188,analcatdata_fraud
analcatdata_germangss,mix10_D3-greedy_DNone,0.09600000000000009,analcatdata_germangss
analcatdata_happiness,mix10_D3-greedy_DNone,0.06666666666666671,analcatdata_happiness
analcatdata_japansolvent,mix10_D3-greedy_DNone,0.07692307692307698,analcatdata_japansolvent
analcatdata_lawsuit,mix10_D3-greedy_DNone,0.003030303030302939,analcatdata_lawsuit
appendicitis,mix10_D3-greedy_DNone,0.014814814814814836,appendicitis
balance_scale,mix10_D3-greedy_DNone,0.02292993630573248,balance_scale
breast_cancer,mix10_D3-greedy_DNone,0.03888888888888886,breast_cancer
bupa,mix10_D3-greedy_DNone,0.025287356321839094,bupa
car_evaluation,mix10_D3-greedy_DNone,-0.16296296296296298,car_evaluation
cloud,mix10_D3-greedy_DNone,-0.14814814814814808,cloud
confidence,mix10_D3-greedy_DNone,-0.011111111111111072,confidence
corral,mix10_D3-greedy_DNone,-0.03499999999999992,corral
dermatology,mix10_D3-greedy_DNone,-0.08695652173913049,dermatology
ecoli,mix10_D3-greedy_DNone,0.03170731707317087,ecoli
flags,mix10_D3-greedy_DNone,-0.039999999999999925,flags
haberman,mix10_D3-greedy_DNone,0.04675324675324677,haberman
hayes_roth,mix10_D3-greedy_DNone,-0.1150000000000001,hayes_roth
iris,mix10_D3-greedy_DNone,-0.0052631578947368585,iris
irish,mix10_D3-greedy_DNone,0.0,irish
labor,mix10_D3-greedy_DNone,0.0,labor
led24,mix10_D3-greedy_DNone,-0.005749999999999922,led
led7,mix10_D3-greedy_DNone,-0.013000000000000012,led
lupus,mix10_D3-greedy_DNone,0.08181818181818179,lupus
lymphography,mix10_D3-greedy_DNone,-0.032432432432432434,lymphography
mofn_3_7_10,mix10_D3-greedy_DNone,-0.1625377643504532,mofn_3_7_10
monk1,mix10_D3-greedy_DNone,-0.17841726618705023,monk
monk2,mix10_D3-greedy_DNone,-0.32582781456953636,monk
monk3,mix10_D3-greedy_DNone,-0.0028776978417267562,monk
mux6,mix10_D3-greedy_DNone,-0.15625,mux6
new_thyroid,mix10_D3-greedy_DNone,0.0,new_thyroid
nursery,mix10_D3-greedy_DNone,-0.16555555555555568,nursery
parity5,mix10_D3-greedy_DNone,0.025,parity5
parity5+5,mix10_D3-greedy_DNone,-0.5544483985765125,parity5
penguins,mix10_D3-greedy_DNone,-0.0071428571428571175,penguins
postoperative_patient_data,mix10_D3-greedy_DNone,0.06363636363636349,postoperative_patient_data
prnn_synth,mix10_D3-greedy_DNone,-0.006349206349206327,prnn_synth
soybean,mix10_D3-greedy_DNone,-0.263905325443787,soybean
spect,mix10_D3-greedy_DNone,0.03880597014925369,spect
tae,mix10_D3-greedy_DNone,-0.1105263157894738,tae
threeOf9,mix10_D3-greedy_DNone,-0.14531249999999996,threeOf9
tic_tac_toe,mix10_D3-greedy_DNone,-0.1691666666666667,tic_tac_toe
xd6,mix10_D3-greedy_DNone,-0.11475409836065575,xd6
